"Datum";"El kWh";"Utomhustemperatur";"kWh - 2023-01-01  - 2023-12-31";"T(°C) - 2023-01-01  - 2023-12-31"
"2024-01-01 00:00";"1,412";"4,2";"1,148";"5,7"
"2024-01-01 01:00";"1,219";"4,1";"0,856";"6,000"
"2024-01-01 02:00";"2,172";"3,9";"0,891";"6,6"
"2024-01-01 03:00";"2,133";"3,8";"1,238";"6,5"
"2024-01-01 04:00";"1,179";"3,8";"1,187";"5,9"
"2024-01-01 05:00";"1,198";"3,7";"1,16";"5,9"
"2024-01-01 06:00";"1,191";"3,6";"1,535";"6,1"
"2024-01-01 07:00";"1,172";"3,7";"1,17";"7,4"
"2024-01-01 08:00";"1,2";"4,000";"1,179";"8,9"
"2024-01-01 09:00";"1,2";"4,000";"1,168";"8,9"
"2024-01-01 10:00";"1,225";"4,1";"1,147";"8,6"
"2024-01-01 11:00";"1,528";"4,1";"0,932";"8,8"
"2024-01-01 12:00";"2,126";"4,1";"1,334";"9,2"
"2024-01-01 13:00";"1,391";"4,000";"1,203";"8,9"
"2024-01-01 14:00";"1,362";"4,1";"0,784";"8,9"
"2024-01-01 15:00";"1,329";"4,4";"0,779";"8,6"
"2024-01-01 16:00";"1,342";"4,3";"0,873";"7,8"
"2024-01-01 17:00";"1,409";"3,9";"0,892";"7,9"
"2024-01-01 18:00";"1,829";"3,4";"1,105";"7,4"
"2024-01-01 19:00";"1,408";"3,2";"0,847";"7,4"
"2024-01-01 20:00";"1,469";"3,000";"0,876";"7,6"
"2024-01-01 21:00";"1,422";"2,9";"1,157";"7,7"
"2024-01-01 22:00";"1,432";"2,7";"1,167";"7,8"
"2024-01-01 23:00";"1,864";"2,7";"1,81";"7,4"
"2024-01-02 00:00";"1,613";"2,9";"1,896";"6,7"
"2024-01-02 01:00";"2,406";"2,8";"1,896";"6,2"
"2024-01-02 02:00";"2,355";"2,6";"0,976";"6,3"
"2024-01-02 03:00";"1,975";"2,5";"0,877";"6,1"
"2024-01-02 04:00";"1,406";"2,5";"0,877";"6,1"
"2024-01-02 05:00";"1,415";"2,4";"0,884";"5,9"
"2024-01-02 06:00";"1,39";"2,4";"0,919";"5,000"
"2024-01-02 07:00";"1,447";"2,3";"0,944";"4,2"
"2024-01-02 08:00";"1,483";"2,2";"0,978";"3,9"
"2024-01-02 09:00";"2,033";"2,1";"0,975";"4,2"
"2024-01-02 10:00";"1,692";"2,000";"0,944";"4,9"
"2024-01-02 11:00";"1,543";"1,7";"1,006";"5,7"
"2024-01-02 12:00";"1,697";"1,5";"1,057";"6,000"
"2024-01-02 13:00";"2,782";"1,4";"1,743";"6,1"
"2024-01-02 14:00";"1,966";"1,4";"1,073";"6,000"
"2024-01-02 15:00";"1,832";"1,3";"1,02";"5,6"
"2024-01-02 16:00";"2,01";"1,000";"0,99";"5,7"
"2024-01-02 17:00";"1,811";"1,2";"0,977";"4,1"
"2024-01-02 18:00";"2,529";"1,3";"1,931";"4,3"
"2024-01-02 19:00";"1,932";"1,2";"1,408";"4,8"
"2024-01-02 20:00";"2,048";"0,8";"1,379";"5,1"
"2024-01-02 21:00";"2,135";"1,000";"1,485";"5,4"
"2024-01-02 22:00";"2,04";"1,000";"1,462";"6,000"
"2024-01-02 23:00";"1,874";"1,000";"1,308";"6,4"
"2024-01-03 00:00";"1,935";"0,5";"1,278";"6,1"
"2024-01-03 01:00";"2,697";"0,5";"1,277";"5,7"
"2024-01-03 02:00";"3,01";"0,6";"2,316";"5,1"
"2024-01-03 03:00";"2,571";"0,5";"2,304";"5,1"
"2024-01-03 04:00";"2,027";"0,4";"1,339";"5,2"
"2024-01-03 05:00";"2,026";"-0,2";"1,317";"4,9"
"2024-01-03 06:00";"2,02";"-0,4";"1,338";"5,1"
"2024-01-03 07:00";"2,224";"-0,4";"1,319";"5,1"
"2024-01-03 08:00";"2,575";"-0,4";"1,354";"4,8"
"2024-01-03 09:00";"2,103";"0,5";"1,453";"4,7"
"2024-01-03 10:00";"2,036";"0,5";"1,452";"4,4"
"2024-01-03 11:00";"2,035";"0,6";"1,431";"5,2"
"2024-01-03 12:00";"2,081";"0,6";"1,362";"6,1"
"2024-01-03 13:00";"2,6";"0,6";"1,385";"6,1"
"2024-01-03 14:00";"2,315";"0,7";"1,331";"5,9"
"2024-01-03 15:00";"2,104";"0,5";"1,469";"5,6"
"2024-01-03 16:00";"2,123";"-0,3";"1,428";"4,9"
"2024-01-03 17:00";"2,088";"-1,000";"1,44";"4,5"
"2024-01-03 18:00";"2,944";"-1,8";"1,5";"3,6"
"2024-01-03 19:00";"2,016";"-2,5";"1,741";"3,000"
"2024-01-03 20:00";"2,134";"-3,3";"3,588";"2,1"
"2024-01-03 21:00";"2,169";"-3,6";"2,757";"0,9"
"2024-01-03 22:00";"2,289";"-3,1";"2,381";"-0,1"
"2024-01-03 23:00";"2,755";"-1,8";"2,324";"-0,7"
"2024-01-04 00:00";"2,16";"-1,3";"2,39";"-0,1"
"2024-01-04 01:00";"2,145";"-1,4";"2,352";"2,000"
"2024-01-04 02:00";"3,042";"-1,6";"1,379";"3,000"
"2024-01-04 03:00";"3,271";"-1,7";"1,359";"2,7"
"2024-01-04 04:00";"2,092";"-2,5";"1,351";"2,3"
"2024-01-04 05:00";"2,119";"-2,8";"1,364";"2,1"
"2024-01-04 06:00";"2,166";"-3,000";"1,393";"2,000"
"2024-01-04 07:00";"2,158";"-2,9";"1,388";"2,6"
"2024-01-04 08:00";"2,984";"-3,1";"1,301";"3,000"
"2024-01-04 09:00";"2,198";"-3,3";"1,016";"2,9"
"2024-01-04 10:00";"2,168";"-3,3";"1,041";"2,7"
"2024-01-04 11:00";"2,157";"-3,4";"1,062";"2,7"
"2024-01-04 12:00";"2,563";"-3,5";"1,166";"3,2"
"2024-01-04 13:00";"2,68";"-3,8";"1,196";"4,2"
"2024-01-04 14:00";"2,264";"-4,000";"1,147";"4,4"
"2024-01-04 15:00";"2,224";"-4,3";"1,117";"4,7"
"2024-01-04 16:00";"2,217";"-5,3";"1,211";"5,2"
"2024-01-04 17:00";"2,929";"-5,2";"1,592";"4,9"
"2024-01-04 18:00";"2,59";"-6,5";"1,933";"4,7"
"2024-01-04 19:00";"2,332";"-7,3";"1,568";"4,8"
"2024-01-04 20:00";"2,217";"-7,5";"1,065";"5,8"
"2024-01-04 21:00";"2,967";"-7,8";"1,113";"5,2"
"2024-01-04 22:00";"2,33";"-8,2";"1,089";"5,000"
"2024-01-04 23:00";"2,239";"-8,9";"1,151";"6,2"
"2024-01-05 00:00";"2,228";"-9,7";"1,067";"5,7"
"2024-01-05 01:00";"2,955";"-10,3";"0,978";"7,1"
"2024-01-05 02:00";"3,276";"-10,6";"1,966";"7,1"
"2024-01-05 03:00";"3,256";"-10,6";"1,97";"6,2"
"2024-01-05 04:00";"2,716";"-11,000";"0,959";"6,000"
"2024-01-05 05:00";"3,109";"-11,000";"0,959";"5,4"
"2024-01-05 06:00";"2,315";"-11,3";"0,959";"3,9"
"2024-01-05 07:00";"2,369";"-11,8";"0,964";"2,8"
"2024-01-05 08:00";"2,824";"-12,000";"1,113";"2,1"
"2024-01-05 09:00";"2,7";"-11,4";"1,063";"2,000"
"2024-01-05 10:00";"2,414";"-11,2";"1,018";"1,8"
"2024-01-05 11:00";"2,437";"-10,7";"1,086";"1,000"
"2024-01-05 12:00";"3,121";"-10,4";"1,204";"0,9"
"2024-01-05 13:00";"2,636";"-10,1";"1,159";"2,9"
"2024-01-05 14:00";"2,377";"-10,1";"1,186";"3,1"
"2024-01-05 15:00";"2,422";"-10,2";"1,193";"3,1"
"2024-01-05 16:00";"2,993";"-9,7";"1,205";"2,5"
"2024-01-05 17:00";"2,671";"-10,3";"1,21";"2,5"
"2024-01-05 18:00";"2,431";"-9,8";"1,229";"2,5"
"2024-01-05 19:00";"2,536";"-8,8";"1,255";"2,3"
"2024-01-05 20:00";"3,151";"-8,4";"1,475";"1,6"
"2024-01-05 21:00";"2,401";"-7,8";"1,376";"1,2"
"2024-01-05 22:00";"2,329";"-6,8";"1,354";"1,2"
"2024-01-05 23:00";"2,299";"-6,6";"1,367";"1,000"
"2024-01-06 00:00";"3,009";"-6,4";"2,006";"0,9"
"2024-01-06 01:00";"2,274";"-6,5";"1,449";"1,000"
"2024-01-06 02:00";"3,254";"-7,000";"2,274";"1,1"
"2024-01-06 03:00";"3,26";"-7,1";"2,217";"1,2"
"2024-01-06 04:00";"3,176";"-8,3";"1,211";"1,2"
"2024-01-06 05:00";"2,336";"-9,1";"1,285";"1,6"
"2024-01-06 06:00";"2,342";"-9,000";"1,248";"2,000"
"2024-01-06 07:00";"2,35";"-9,1";"1,275";"1,8"
"2024-01-06 08:00";"3,054";"-9,4";"1,297";"1,2"
"2024-01-06 09:00";"2,336";"-10,000";"1,339";"1,1"
"2024-01-06 10:00";"2,35";"-9,8";"1,32";"0,9"
"2024-01-06 11:00";"2,731";"-8,7";"1,409";"0,6"
"2024-01-06 12:00";"3,106";"-8,2";"1,627";"0,000"
"2024-01-06 13:00";"2,309";"-7,6";"1,35";"0,5"
"2024-01-06 14:00";"2,328";"-7,3";"1,376";"1,4"
"2024-01-06 15:00";"3,039";"-7,7";"1,429";"1,9"
"2024-01-06 16:00";"3,068";"-8,4";"1,371";"2,2"
"2024-01-06 17:00";"2,813";"-8,4";"1,433";"3,4"
"2024-01-06 18:00";"2,852";"-8,4";"1,449";"4,7"
"2024-01-06 19:00";"3,013";"-8,9";"1,395";"4,9"
"2024-01-06 20:00";"2,387";"-9,7";"1,515";"4,1"
"2024-01-06 21:00";"2,414";"-10,000";"1,314";"4,7"
"2024-01-06 22:00";"2,787";"-10,2";"1,288";"5,1"
"2024-01-06 23:00";"2,564";"-10,2";"1,276";"5,2"
"2024-01-07 00:00";"2,318";"-10,2";"1,259";"5,2"
"2024-01-07 01:00";"2,364";"-10,6";"2,153";"5,7"
"2024-01-07 02:00";"3,867";"-10,6";"2,606";"5,9"
"2024-01-07 03:00";"2,852";"-10,9";"2,327";"5,3"
"2024-01-07 04:00";"2,33";"-11,3";"2,224";"4,000"
"2024-01-07 05:00";"2,358";"-11,2";"2,211";"3,000"
"2024-01-07 06:00";"2,863";"-11,5";"2,192";"2,4"
"2024-01-07 07:00";"2,652";"-11,7";"2,158";"1,8"
"2024-01-07 08:00";"2,376";"-10,1";"1,511";"1,2"
"2024-01-07 09:00";"2,419";"-8,4";"1,162";"1,000"
"2024-01-07 10:00";"3,174";"-8,000";"1,132";"1,3"
"2024-01-07 11:00";"2,984";"-7,1";"2,04";"1,7"
"2024-01-07 12:00";"3,163";"-5,5";"1,73";"2,000"
"2024-01-07 13:00";"2,66";"-5,000";"1,394";"2,3"
"2024-01-07 14:00";"2,72";"-4,7";"1,563";"2,6"
"2024-01-07 15:00";"3,393";"-4,5";"1,668";"3,000"
"2024-01-07 16:00";"2,684";"-5,2";"1,327";"3,3"
"2024-01-07 17:00";"2,706";"-6,4";"1,55";"3,8"
"2024-01-07 18:00";"2,693";"-6,5";"1,599";"4,3"
"2024-01-07 19:00";"3,393";"-6,5";"1,181";"4,4"
"2024-01-07 20:00";"2,703";"-6,4";"1,199";"4,3"
"2024-01-07 21:00";"2,652";"-7,2";"1,227";"4,1"
"2024-01-07 22:00";"2,698";"-7,1";"1,148";"4,1"
"2024-01-07 23:00";"3,271";"-6,7";"1,182";"4,7"
"2024-01-08 00:00";"2,879";"-6,4";"1,481";"6,6"
"2024-01-08 01:00";"2,632";"-6,5";"1,97";"6,9"
"2024-01-08 02:00";"3,627";"-6,6";"1,146";"6,7"
"2024-01-08 03:00";"3,996";"-7,000";"1,056";"6,3"
"2024-01-08 04:00";"2,71";"-7,2";"1,053";"6,1"
"2024-01-08 05:00";"2,698";"-7,6";"1,038";"6,000"
"2024-01-08 06:00";"2,691";"-7,6";"1,067";"5,6"
"2024-01-08 07:00";"3,402";"-8,1";"1,064";"5,6"
"2024-01-08 08:00";"2,781";"-8,6";"1,027";"4,8"
"2024-01-08 09:00";"2,176";"-8,1";"1,078";"3,6"
"2024-01-08 10:00";"2,171";"-7,5";"1,174";"3,2"
"2024-01-08 11:00";"2,878";"-6,4";"1,162";"3,1"
"2024-01-08 12:00";"2,053";"-5,8";"2,35";"3,2"
"2024-01-08 13:00";"2,097";"-5,2";"1,891";"3,1"
"2024-01-08 14:00";"2,084";"-5,6";"1,164";"3,1"
"2024-01-08 15:00";"2,253";"-5,8";"1,137";"3,2"
"2024-01-08 16:00";"2,821";"-7,1";"1,171";"3,4"
"2024-01-08 17:00";"2,164";"-9,1";"1,174";"3,5"
"2024-01-08 18:00";"3,528";"-9,7";"1,719";"3,6"
"2024-01-08 19:00";"2,278";"-8,9";"1,285";"3,6"
"2024-01-08 20:00";"2,203";"-7,8";"1,265";"3,4"
"2024-01-08 21:00";"2,943";"-6,2";"1,291";"3,4"
"2024-01-08 22:00";"2,2";"-5,1";"1,181";"3,3"
"2024-01-08 23:00";"2,158";"-5,4";"1,154";"3,1"
"2024-01-09 00:00";"2,174";"-5,6";"1,099";"3,000"
"2024-01-09 01:00";"2,427";"-4,7";"1,056";"2,9"
"2024-01-09 02:00";"3,488";"-3,8";"2,041";"3,000"
"2024-01-09 03:00";"2,64";"-3,2";"1,195";"3,1"
"2024-01-09 04:00";"2,128";"-2,9";"1,052";"2,9"
"2024-01-09 05:00";"2,19";"-2,8";"1,052";"2,7"
"2024-01-09 06:00";"2,163";"-3,1";"1,712";"2,4"
"2024-01-09 07:00";"2,829";"-3,3";"1,058";"2,2"
"2024-01-09 08:00";"2,231";"-3,000";"1,087";"2,000"
"2024-01-09 09:00";"2,186";"-2,9";"1,052";"1,8"
"2024-01-09 10:00";"2,155";"-2,7";"1,096";"2,000"
"2024-01-09 11:00";"2,783";"-2,4";"1,212";"2,3"
"2024-01-09 12:00";"2,285";"-1,9";"1,226";"2,2"
"2024-01-09 13:00";"2,158";"-1,6";"1,275";"2,2"
"2024-01-09 14:00";"2,104";"-1,7";"1,257";"1,8"
"2024-01-09 15:00";"2,087";"-1,7";"1,22";"3,000"
"2024-01-09 16:00";"2,596";"-1,6";"1,178";"2,6"
"2024-01-09 17:00";"2,788";"-1,5";"1,442";"3,000"
"2024-01-09 18:00";"2,502";"-2,1";"1,28";"3,4"
"2024-01-09 19:00";"2,038";"-2,000";"1,247";"3,3"
"2024-01-09 20:00";"2,001";"-1,7";"1,219";"3,9"
"2024-01-09 21:00";"2,493";"-1,5";"1,241";"3,8"
"2024-01-09 22:00";"2,446";"-1,3";"1,282";"3,5"
"2024-01-09 23:00";"1,974";"-1,3";"1,278";"3,1"
"2024-01-10 00:00";"2,001";"-1,1";"1,171";"3,5"
"2024-01-10 01:00";"1,954";"-1,1";"1,088";"2,8"
"2024-01-10 02:00";"2,912";"-1,2";"2,018";"1,8"
"2024-01-10 03:00";"3,19";"-1,3";"2,044";"2,9"
"2024-01-10 04:00";"1,933";"-1,1";"1,058";"3,8"
"2024-01-10 05:00";"1,947";"-1,2";"1,04";"3,3"
"2024-01-10 06:00";"1,939";"-1,5";"1,073";"3,1"
"2024-01-10 07:00";"2,025";"-1,9";"1,083";"3,7"
"2024-01-10 08:00";"2,048";"-2,4";"1,29";"3,8"
"2024-01-10 09:00";"2,561";"-2,8";"1,229";"4,2"
"2024-01-10 10:00";"1,934";"-3,000";"1,231";"4,4"
"2024-01-10 11:00";"1,935";"-3,3";"1,312";"4,8"
"2024-01-10 12:00";"1,957";"-3,3";"1,697";"5,3"
"2024-01-10 13:00";"1,925";"-3,1";"1,202";"5,7"
"2024-01-10 14:00";"2,656";"-3,2";"1,145";"5,5"
"2024-01-10 15:00";"1,915";"-3,3";"1,206";"5,000"
"2024-01-10 16:00";"1,963";"-3,7";"1,157";"4,8"
"2024-01-10 17:00";"1,96";"-4,1";"1,587";"4,5"
"2024-01-10 18:00";"1,964";"-4,2";"1,242";"4,4"
"2024-01-10 19:00";"2,582";"-4,3";"1,126";"4,5"
"2024-01-10 20:00";"2,158";"-4,4";"1,098";"4,5"
"2024-01-10 21:00";"2,019";"-4,4";"1,145";"4,5"
"2024-01-10 22:00";"1,901";"-4,6";"1,115";"4,4"
"2024-01-10 23:00";"1,889";"-4,6";"1,075";"4,000"
"2024-01-11 00:00";"1,921";"-4,6";"1,045";"4,5"
"2024-01-11 01:00";"2,437";"-4,1";"1,059";"4,8"
"2024-01-11 02:00";"3,008";"-3,7";"2,006";"4,2"
"2024-01-11 03:00";"2,831";"-3,1";"1,999";"3,6"
"2024-01-11 04:00";"1,932";"-2,8";"1,057";"3,3"
"2024-01-11 05:00";"1,88";"-2,8";"1,056";"2,8"
"2024-01-11 06:00";"1,831";"-2,8";"1,075";"2,7"
"2024-01-11 07:00";"2,56";"-3,2";"1,251";"2,8"
"2024-01-11 08:00";"1,872";"-3,8";"1,26";"3,4"
"2024-01-11 09:00";"1,869";"-4,2";"1,292";"3,8"
"2024-01-11 10:00";"1,91";"-4,000";"1,305";"3,6"
"2024-01-11 11:00";"1,873";"-3,3";"1,277";"3,8"
"2024-01-11 12:00";"1,912";"-2,1";"1,566";"4,2"
"2024-01-11 13:00";"2,571";"-1,2";"1,672";"4,9"
"2024-01-11 14:00";"1,89";"-1,1";"1,299";"5,4"
"2024-01-11 15:00";"1,875";"-1,4";"1,342";"5,3"
"2024-01-11 16:00";"1,934";"-1,8";"1,422";"5,4"
"2024-01-11 17:00";"2,63";"-2,7";"2,082";"5,9"
"2024-01-11 18:00";"2,163";"-3,2";"2,329";"5,7"
"2024-01-11 19:00";"3,215";"-3,1";"1,93";"5,2"
"2024-01-11 20:00";"1,87";"-4,7";"1,429";"4,5"
"2024-01-11 21:00";"1,862";"-5,1";"1,415";"5,000"
"2024-01-11 22:00";"1,884";"-6,1";"1,325";"5,3"
"2024-01-11 23:00";"1,871";"-6,2";"1,201";"4,7"
"2024-01-12 00:00";"1,894";"-5,9";"1,163";"4,5"
"2024-01-12 01:00";"1,893";"-6,7";"1,11";"4,3"
"2024-01-12 02:00";"3,467";"-7,4";"2,109";"4,5"
"2024-01-12 03:00";"2,966";"-6,9";"2,081";"4,7"
"2024-01-12 04:00";"1,936";"-5,2";"1,378";"5,1"
"2024-01-12 05:00";"1,886";"-5,000";"1,612";"4,8"
"2024-01-12 06:00";"1,87";"-4,4";"1,109";"5,1"
"2024-01-12 07:00";"1,885";"-3,2";"1,181";"5,3"
"2024-01-12 08:00";"1,891";"-2,9";"1,653";"5,1"
"2024-01-12 09:00";"2,551";"-3,3";"1,694";"5,4"
"2024-01-12 10:00";"1,844";"-2,8";"1,652";"5,4"
"2024-01-12 11:00";"1,771";"-3,1";"1,669";"5,000"
"2024-01-12 12:00";"1,717";"-3,000";"1,675";"4,6"
"2024-01-12 13:00";"1,718";"-2,6";"1,676";"4,5"
"2024-01-12 14:00";"1,699";"-2,6";"1,676";"4,6"
"2024-01-12 15:00";"1,759";"-2,3";"2,062";"4,9"
"2024-01-12 16:00";"1,781";"-1,2";"1,543";"4,7"
"2024-01-12 17:00";"2,411";"-1,1";"1,524";"5,3"
"2024-01-12 18:00";"1,935";"-1,5";"1,517";"5,8"
"2024-01-12 19:00";"1,831";"-2,3";"1,53";"5,3"
"2024-01-12 20:00";"1,86";"-2,8";"1,569";"5,3"
"2024-01-12 21:00";"1,868";"-3,3";"1,516";"4,8"
"2024-01-12 22:00";"1,691";"-3,4";"1,52";"4,5"
"2024-01-12 23:00";"1,706";"-3,6";"1,488";"4,4"
"2024-01-13 00:00";"2,425";"-3,8";"1,527";"4,1"
"2024-01-13 01:00";"1,698";"-3,8";"1,499";"3,7"
"2024-01-13 02:00";"2,63";"-4,1";"2,472";"4,6"
"2024-01-13 03:00";"2,157";"-4,2";"2,481";"5,7"
"2024-01-13 04:00";"1,709";"-3,8";"1,474";"7,1"
"2024-01-13 05:00";"1,677";"-2,2";"1,45";"7,000"
"2024-01-13 06:00";"2,387";"-1,8";"1,419";"6,5"
"2024-01-13 07:00";"1,636";"-1,7";"1,434";"5,7"
"2024-01-13 08:00";"1,594";"-1,9";"1,45";"5,9"
"2024-01-13 09:00";"1,585";"-1,8";"1,449";"6,2"
"2024-01-13 10:00";"1,629";"-1,8";"1,413";"7,1"
"2024-01-13 11:00";"1,642";"-1,5";"1,43";"7,2"
"2024-01-13 12:00";"2,325";"-0,6";"1,407";"7,3"
"2024-01-13 13:00";"2,314";"0,3";"1,425";"7,2"
"2024-01-13 14:00";"1,703";"2,8";"1,435";"7,2"
"2024-01-13 15:00";"1,665";"3,2";"1,477";"6,7"
"2024-01-13 16:00";"1,707";"3,2";"1,581";"6,4"
"2024-01-13 17:00";"1,673";"3,000";"1,578";"6,4"
"2024-01-13 18:00";"1,713";"2,8";"1,581";"6,3"
"2024-01-13 19:00";"1,95";"2,7";"2,024";"6,5"
"2024-01-13 20:00";"2,222";"2,3";"1,584";"6,4"
"2024-01-13 21:00";"1,734";"2,2";"1,549";"6,000"
"2024-01-13 22:00";"1,778";"1,9";"1,503";"5,5"
"2024-01-13 23:00";"1,802";"1,7";"1,476";"5,3"
"2024-01-14 00:00";"1,723";"1,3";"1,506";"5,000"
"2024-01-14 01:00";"1,703";"1,1";"1,5";"5,5"
"2024-01-14 02:00";"2,638";"1,1";"1,464";"5,9"
"2024-01-14 03:00";"2,407";"0,8";"1,504";"5,9"
"2024-01-14 04:00";"1,734";"0,6";"1,512";"5,9"
"2024-01-14 05:00";"1,756";"0,2";"1,508";"5,5"
"2024-01-14 06:00";"1,766";"0,000";"1,496";"5,7"
"2024-01-14 07:00";"1,751";"-0,2";"1,507";"5,4"
"2024-01-14 08:00";"1,796";"-0,4";"1,473";"5,2"
"2024-01-14 09:00";"2,299";"0,1";"1,519";"5,4"
"2024-01-14 10:00";"1,95";"0,7";"1,498";"5,6"
"2024-01-14 11:00";"1,728";"1,3";"1,492";"6,2"
"2024-01-14 12:00";"2,382";"1,9";"2,443";"5,9"
"2024-01-14 13:00";"1,738";"2,6";"2,362";"5,9"
"2024-01-14 14:00";"1,845";"2,4";"1,107";"5,5"
"2024-01-14 15:00";"2,97";"2,4";"1,335";"5,1"
"2024-01-14 16:00";"2,037";"2,4";"1,145";"5,000"
"2024-01-14 17:00";"2,545";"2,1";"1,142";"4,9"
"2024-01-14 18:00";"1,758";"1,9";"1,178";"4,4"
"2024-01-14 19:00";"2,005";"1,6";"1,325";"4,2"
"2024-01-14 20:00";"1,91";"1,2";"1,15";"4,2"
"2024-01-14 21:00";"1,865";"0,2";"1,092";"4,4"
"2024-01-14 22:00";"1,864";"0,1";"1,171";"4,000"
"2024-01-14 23:00";"1,826";"0,6";"1,163";"4,1"
"2024-01-15 00:00";"1,879";"0,6";"1,076";"4,7"
"2024-01-15 01:00";"2,363";"0,6";"1,096";"5,000"
"2024-01-15 02:00";"2,691";"0,7";"1,1";"5,5"
"2024-01-15 03:00";"2,349";"0,6";"1,097";"5,3"
"2024-01-15 04:00";"1,751";"-0,3";"1,099";"5,2"
"2024-01-15 05:00";"1,742";"-0,8";"1,096";"5,4"
"2024-01-15 06:00";"1,78";"-0,5";"1,078";"5,3"
"2024-01-15 07:00";"1,805";"-1,3";"1,088";"5,1"
"2024-01-15 08:00";"2,275";"-2,000";"1,11";"5,5"
"2024-01-15 09:00";"2,005";"-2,000";"1,081";"5,7"
"2024-01-15 10:00";"1,806";"-1,8";"1,831";"5,6"
"2024-01-15 11:00";"1,783";"-2,9";"1,613";"6,000"
"2024-01-15 12:00";"1,804";"-3,3";"2,605";"6,3"
"2024-01-15 13:00";"1,793";"-3,5";"2,506";"6,1"
"2024-01-15 14:00";"1,767";"-3,9";"2,487";"6,1"
"2024-01-15 15:00";"2,362";"-4,5";"2,537";"5,9"
"2024-01-15 16:00";"2,025";"-5,5";"1,567";"5,7"
"2024-01-15 17:00";"1,908";"-6,5";"1,74";"4,6"
"2024-01-15 18:00";"1,951";"-8,000";"1,564";"4,8"
"2024-01-15 19:00";"1,967";"-8,2";"1,612";"4,6"
"2024-01-15 20:00";"2,17";"-8,000";"1,626";"5,1"
"2024-01-15 21:00";"2,724";"-9,3";"2,249";"5,2"
"2024-01-15 22:00";"2,046";"-10,4";"1,591";"5,2"
"2024-01-15 23:00";"2,151";"-10,8";"1,575";"5,6"
"2024-01-16 00:00";"2,233";"-11,3";"1,557";"5,4"
"2024-01-16 01:00";"2,245";"-11,6";"1,557";"4,8"
"2024-01-16 02:00";"3,208";"-11,7";"2,518";"4,8"
"2024-01-16 03:00";"3,497";"-11,6";"2,525";"4,5"
"2024-01-16 04:00";"2,312";"-11,2";"1,521";"4,2"
"2024-01-16 05:00";"2,302";"-11,8";"1,512";"3,8"
"2024-01-16 06:00";"2,35";"-12,5";"1,5";"3,7"
"2024-01-16 07:00";"2,355";"-12,1";"1,568";"3,5"
"2024-01-16 08:00";"3,11";"-12,1";"1,595";"3,1"
"2024-01-16 09:00";"2,501";"-10,3";"1,639";"3,9"
"2024-01-16 10:00";"2,332";"-8,2";"1,579";"4,7"
"2024-01-16 11:00";"2,296";"-6,9";"1,547";"4,8"
"2024-01-16 12:00";"2,253";"-6,6";"1,612";"4,8"
"2024-01-16 13:00";"2,905";"-5,9";"1,471";"4,9"
"2024-01-16 14:00";"2,086";"-5,7";"1,53";"4,9"
"2024-01-16 15:00";"2,126";"-6,000";"1,52";"4,5"
"2024-01-16 16:00";"2,21";"-6,3";"1,867";"3,3"
"2024-01-16 17:00";"2,389";"-6,4";"2,278";"3,5"
"2024-01-16 18:00";"2,925";"-5,7";"2,091";"3,8"
"2024-01-16 19:00";"2,285";"-4,000";"1,966";"4,1"
"2024-01-16 20:00";"2,26";"-2,2";"1,489";"4,5"
"2024-01-16 21:00";"2,208";"-1,9";"1,501";"4,7"
"2024-01-16 22:00";"2,199";"-1,2";"1,516";"4,6"
"2024-01-16 23:00";"2,134";"-1,2";"1,487";"4,4"
"2024-01-17 00:00";"2,865";"-0,6";"1,469";"4,000"
"2024-01-17 01:00";"2,125";"0,2";"1,485";"4,000"
"2024-01-17 02:00";"3,086";"0,2";"2,495";"4,2"
"2024-01-17 03:00";"2,564";"0,000";"2,456";"3,9"
"2024-01-17 04:00";"2,122";"0,1";"1,544";"3,8"
"2024-01-17 05:00";"2,391";"-0,2";"1,554";"3,8"
"2024-01-17 06:00";"2,192";"-0,4";"1,536";"3,4"
"2024-01-17 07:00";"1,888";"-1,1";"1,544";"2,7"
"2024-01-17 08:00";"2,203";"-1,7";"1,59";"2,5"
"2024-01-17 09:00";"2,711";"-2,2";"1,655";"2,000"
"2024-01-17 10:00";"2,382";"-2,7";"1,588";"1,9"
"2024-01-17 11:00";"2,674";"-3,000";"1,497";"2,4"
"2024-01-17 12:00";"2,838";"-3,1";"1,671";"3,000"
"2024-01-17 13:00";"2,407";"-1,5";"1,483";"3,2"
"2024-01-17 14:00";"2,312";"-0,6";"1,58";"2,6"
"2024-01-17 15:00";"2,801";"-0,7";"1,641";"2,2"
"2024-01-17 16:00";"2,322";"-0,7";"1,566";"2,4"
"2024-01-17 17:00";"2,803";"-0,7";"1,567";"3,1"
"2024-01-17 18:00";"2,852";"-0,8";"1,538";"2,9"
"2024-01-17 19:00";"3,299";"-0,8";"1,506";"2,4"
"2024-01-17 20:00";"2,391";"-0,7";"1,531";"2,6"
"2024-01-17 21:00";"2,323";"-0,9";"2,034";"2,5"
"2024-01-17 22:00";"2,338";"-1,4";"2,519";"2,4"
"2024-01-17 23:00";"2,542";"-2,000";"2,509";"2,3"
"2024-01-18 00:00";"2,842";"-2,5";"2,502";"2,3"
"2024-01-18 01:00";"2,31";"-3,5";"2,506";"2,3"
"2024-01-18 02:00";"2,593";"-4,7";"3,161";"2,4"
"2024-01-18 03:00";"2,325";"-4,4";"2,518";"2,6"
"2024-01-18 04:00";"2,337";"-3,9";"1,5";"2,6"
"2024-01-18 05:00";"3,01";"-4,3";"1,519";"2,3"
"2024-01-18 06:00";"2,386";"-4,3";"1,54";"2,1"
"2024-01-18 07:00";"2,334";"-2,7";"1,558";"1,7"
"2024-01-18 08:00";"2,924";"-1,8";"1,52";"1,1"
"2024-01-18 09:00";"2,697";"-1,4";"1,549";"1,000"
"2024-01-18 10:00";"2,419";"-1,3";"1,601";"1,8"
"2024-01-18 11:00";"2,468";"-1,2";"1,605";"2,1"
"2024-01-18 12:00";"2,626";"-1,1";"1,613";"2,5"
"2024-01-18 13:00";"2,008";"-1,2";"1,675";"2,5"
"2024-01-18 14:00";"1,997";"-1,7";"1,754";"2,4"
"2024-01-18 15:00";"2,067";"-2,000";"1,735";"1,9"
"2024-01-18 16:00";"2,896";"-3,000";"1,918";"2,000"
"2024-01-18 17:00";"2,282";"-2,1";"2,005";"1,7"
"2024-01-18 18:00";"2,212";"-2,3";"1,786";"0,5"
"2024-01-18 19:00";"2,158";"-1,2";"1,939";"-0,4"
"2024-01-18 20:00";"2,155";"-1,5";"1,84";"-0,7"
"2024-01-18 21:00";"2,167";"-1,6";"1,724";"-0,8"
"2024-01-18 22:00";"2,772";"-1,2";"1,69";"-1,3"
"2024-01-18 23:00";"2,084";"-1,000";"1,708";"-1,3"
"2024-01-19 00:00";"2,046";"-0,7";"1,663";"-1,2"
"2024-01-19 01:00";"2,028";"-0,5";"1,64";"-1,000"
"2024-01-19 02:00";"2,989";"-0,2";"2,825";"-1,000"
"2024-01-19 03:00";"2,959";"0,4";"3,071";"-1,000"
"2024-01-19 04:00";"2,934";"0,3";"1,63";"-1,000"
"2024-01-19 05:00";"3,435";"-0,8";"1,611";"-0,5"
"2024-01-19 06:00";"3,123";"-0,7";"1,596";"-0,3"
"2024-01-19 07:00";"2,084";"-0,7";"1,589";"-0,6"
"2024-01-19 08:00";"2,034";"-0,8";"1,689";"0,1"
"2024-01-19 09:00";"2,013";"-0,6";"1,783";"0,5"
"2024-01-19 10:00";"1,993";"-0,2";"1,795";"0,8"
"2024-01-19 11:00";"1,932";"0,1";"1,798";"0,9"
"2024-01-19 12:00";"1,813";"0,5";"1,749";"1,1"
"2024-01-19 13:00";"1,937";"0,7";"1,763";"1,6"
"2024-01-19 14:00";"2,304";"0,9";"1,669";"1,7"
"2024-01-19 15:00";"1,878";"0,8";"1,685";"1,7"
"2024-01-19 16:00";"1,962";"0,9";"1,622";"2,4"
"2024-01-19 17:00";"2,234";"0,8";"1,629";"2,9"
"2024-01-19 18:00";"2,096";"0,000";"1,651";"3,000"
"2024-01-19 19:00";"1,994";"0,1";"1,651";"2,6"
"2024-01-19 20:00";"2,179";"-0,3";"1,686";"2,3"
"2024-01-19 21:00";"2,03";"-0,2";"1,71";"2,4"
"2024-01-19 22:00";"1,958";"-0,2";"2,368";"1,9"
"2024-01-19 23:00";"2,151";"-0,8";"1,707";"1,6"
"2024-01-20 00:00";"2,467";"-0,5";"1,688";"1,6"
"2024-01-20 01:00";"1,932";"2,3";"1,656";"1,1"
"2024-01-20 02:00";"2,886";"3,3";"2,654";"-0,2"
"2024-01-20 03:00";"2,718";"3,1";"2,654";"-1,000"
"2024-01-20 04:00";"1,9";"3,2";"1,683";"-0,7"
"2024-01-20 05:00";"1,921";"3,3";"1,682";"-0,2"
"2024-01-20 06:00";"1,904";"3,2";"1,681";"0,6"
"2024-01-20 07:00";"1,911";"2,8";"1,69";"0,3"
"2024-01-20 08:00";"1,929";"2,6";"1,799";"0,000"
"2024-01-20 09:00";"1,927";"2,000";"1,682";"-0,3"
"2024-01-20 10:00";"2,543";"1,6";"1,711";"-0,2"
"2024-01-20 11:00";"2,118";"1,4";"1,728";"0,6"
"2024-01-20 12:00";"2,435";"1,1";"1,738";"1,1"
"2024-01-20 13:00";"1,957";"0,9";"1,73";"1,5"
"2024-01-20 14:00";"1,962";"0,7";"1,794";"1,5"
"2024-01-20 15:00";"1,989";"0,6";"1,81";"2,1"
"2024-01-20 16:00";"2,246";"0,3";"1,878";"0,9"
"2024-01-20 17:00";"2,118";"0,1";"1,815";"-0,3"
"2024-01-20 18:00";"1,971";"-0,1";"2,74";"-1,6"
"2024-01-20 19:00";"2,011";"-0,2";"1,801";"-2,5"
"2024-01-20 20:00";"2,024";"0,000";"2,022";"-2,7"
"2024-01-20 21:00";"2,061";"1,000";"2,277";"-3,5"
"2024-01-20 22:00";"2,167";"1,6";"2,008";"-4,000"
"2024-01-20 23:00";"2,487";"1,9";"1,705";"-4,1"
"2024-01-21 00:00";"1,803";"1,7";"1,703";"-3,5"
"2024-01-21 01:00";"1,767";"1,6";"1,692";"-3,9"
"2024-01-21 02:00";"2,699";"1,2";"1,66";"-4,4"
"2024-01-21 03:00";"1,82";"0,7";"1,702";"-4,6"
"2024-01-21 04:00";"1,792";"0,6";"1,701";"-4,000"
"2024-01-21 05:00";"1,819";"1,000";"1,697";"-3,1"
"2024-01-21 06:00";"1,831";"1,4";"1,683";"-3,000"
"2024-01-21 07:00";"1,805";"1,4";"1,695";"-2,9"
"2024-01-21 08:00";"1,856";"1,4";"1,756";"-3,000"
"2024-01-21 09:00";"1,861";"1,9";"1,663";"-2,9"
"2024-01-21 10:00";"2,447";"2,7";"2,421";"-2,6"
"2024-01-21 11:00";"1,866";"2,8";"2,369";"-2,5"
"2024-01-21 12:00";"2,481";"3,000";"3,809";"-2,5"
"2024-01-21 13:00";"1,884";"3,000";"3,255";"-2,5"
"2024-01-21 14:00";"1,903";"2,9";"1,808";"-0,3"
"2024-01-21 15:00";"1,956";"1,9";"1,813";"-0,1"
"2024-01-21 16:00";"2,018";"1,8";"1,864";"-0,9"
"2024-01-21 17:00";"1,922";"1,7";"1,9";"-1,3"
"2024-01-21 18:00";"1,94";"2,000";"2,124";"-1,2"
"2024-01-21 19:00";"1,977";"2,9";"1,996";"-1,2"
"2024-01-21 20:00";"2,792";"3,2";"1,995";"-1,000"
"2024-01-21 21:00";"2,125";"3,000";"1,941";"-0,9"
"2024-01-21 22:00";"2,133";"3,000";"1,978";"-1,1"
"2024-01-21 23:00";"2,071";"3,000";"1,978";"-1,4"
"2024-01-22 00:00";"1,913";"2,8";"2,957";"-1,2"
"2024-01-22 01:00";"1,915";"3,1";"2,989";"-1,4"
"2024-01-22 02:00";"2,855";"3,2";"2,997";"-2,1"
"2024-01-22 03:00";"2,508";"3,000";"3,035";"-2,5"
"2024-01-22 04:00";"1,926";"3,5";"3,605";"-2,8"
"2024-01-22 05:00";"1,922";"3,8";"2,972";"-2,8"
"2024-01-22 06:00";"2,042";"4,1";"2,945";"-1,8"
"2024-01-22 07:00";"2,466";"4,4";"2,977";"-1,4"
"2024-01-22 08:00";"1,936";"4,6";"2,406";"-1,000"
"2024-01-22 09:00";"1,912";"4,9";"2,183";"-0,4"
"2024-01-22 10:00";"1,877";"5,6";"2,649";"0,2"
"2024-01-22 11:00";"1,89";"6,2";"3,34";"0,6"
"2024-01-22 12:00";"1,825";"7,000";"3,011";"0,9"
"2024-01-22 13:00";"1,814";"7,000";"3,028";"1,000"
"2024-01-22 14:00";"1,804";"6,7";"2,563";"1,2"
"2024-01-22 15:00";"1,807";"6,5";"2,04";"1,000"
"2024-01-22 16:00";"1,807";"6,2";"2,039";"0,8"
"2024-01-22 17:00";"1,799";"5,8";"3,315";"0,7"
"2024-01-22 18:00";"2,468";"5,5";"2,756";"0,7"
"2024-01-22 19:00";"1,756";"5,000";"2,002";"0,5"
"2024-01-22 20:00";"1,742";"4,9";"1,959";"0,3"
"2024-01-22 21:00";"1,729";"4,7";"2,307";"0,3"
"2024-01-22 22:00";"1,751";"4,8";"2,235";"0,3"
"2024-01-22 23:00";"1,7";"4,7";"1,901";"0,5"
"2024-01-23 00:00";"1,619";"4,4";"1,843";"0,6"
"2024-01-23 01:00";"1,682";"4,4";"1,84";"0,5"
"2024-01-23 02:00";"2,69";"4,2";"2,805";"0,7"
"2024-01-23 03:00";"2,071";"4,3";"2,34";"0,6"
"2024-01-23 04:00";"1,679";"4,2";"1,849";"0,6"
"2024-01-23 05:00";"1,693";"3,8";"1,835";"0,7"
"2024-01-23 06:00";"2,35";"3,8";"1,835";"0,6"
"2024-01-23 07:00";"1,678";"3,9";"1,868";"0,3"
"2024-01-23 08:00";"2,227";"4,000";"1,867";"0,5"
"2024-01-23 09:00";"1,701";"4,2";"1,873";"0,9"
"2024-01-23 10:00";"2,152";"4,8";"1,903";"1,000"
"2024-01-23 11:00";"1,519";"5,7";"1,904";"1,6"
"2024-01-23 12:00";"1,473";"6,1";"2,545";"2,1"
"2024-01-23 13:00";"1,473";"6,000";"1,895";"1,7"
"2024-01-23 14:00";"1,489";"6,1";"1,918";"2,000"
"2024-01-23 15:00";"1,508";"5,7";"1,932";"2,1"
"2024-01-23 16:00";"1,662";"5,2";"2,002";"2,000"
"2024-01-23 17:00";"1,778";"4,6";"2,329";"1,7"
"2024-01-23 18:00";"1,7";"4,1";"2,455";"1,4"
"2024-01-23 19:00";"1,526";"3,9";"2,585";"1,3"
"2024-01-23 20:00";"1,704";"4,000";"2,101";"1,5"
"2024-01-23 21:00";"2,057";"4,1";"1,909";"1,3"
"2024-01-23 22:00";"1,516";"4,1";"1,891";"1,3"
"2024-01-23 23:00";"1,468";"4,1";"1,772";"1,2"
"2024-01-24 00:00";"1,482";"3,9";"1,748";"1,1"
"2024-01-24 01:00";"1,507";"3,7";"1,713";"1,1"
"2024-01-24 02:00";"2,554";"3,5";"2,682";"1,3"
"2024-01-24 03:00";"2,533";"4,000";"2,673";"1,1"
"2024-01-24 04:00";"1,644";"4,8";"2,374";"1,1"
"2024-01-24 05:00";"1,545";"5,2";"1,719";"1,1"
"2024-01-24 06:00";"1,531";"5,8";"1,74";"0,9"
"2024-01-24 07:00";"1,533";"5,9";"1,877";"0,6"
"2024-01-24 08:00";"1,521";"6,7";"1,753";"0,4"
"2024-01-24 09:00";"1,51";"7,000";"1,754";"0,6"
"2024-01-24 10:00";"1,533";"6,8";"1,752";"1,1"
"2024-01-24 11:00";"1,515";"6,6";"1,722";"1,3"
"2024-01-24 12:00";"2,195";"6,8";"1,729";"1,5"
"2024-01-24 13:00";"1,508";"6,4";"1,696";"1,4"
"2024-01-24 14:00";"1,491";"6,7";"1,737";"1,5"
"2024-01-24 15:00";"1,493";"7,1";"1,84";"1,5"
"2024-01-24 16:00";"1,524";"6,8";"1,859";"1,3"
"2024-01-24 17:00";"1,51";"6,2";"3,07";"0,9"
"2024-01-24 18:00";"1,531";"6,7";"2,165";"0,9"
"2024-01-24 19:00";"1,549";"6,7";"1,86";"0,5"
"2024-01-24 20:00";"1,523";"6,4";"2,178";"0,3"
"2024-01-24 21:00";"1,461";"6,6";"2,304";"0,4"
"2024-01-24 22:00";"1,527";"6,6";"1,818";"0,1"
"2024-01-24 23:00";"1,472";"6,6";"1,774";"-0,3"
"2024-01-25 00:00";"1,495";"6,5";"1,741";"-0,2"
"2024-01-25 01:00";"1,482";"6,3";"1,734";"-0,1"
"2024-01-25 02:00";"2,484";"6,2";"2,71";"0,000"
"2024-01-25 03:00";"1,993";"6,2";"2,722";"-0,1"
"2024-01-25 04:00";"2,19";"5,7";"1,722";"-0,1"
"2024-01-25 05:00";"1,511";"5,8";"1,74";"-0,2"
"2024-01-25 06:00";"1,55";"5,4";"1,745";"-0,3"
"2024-01-25 07:00";"1,555";"5,6";"1,794";"-0,4"
"2024-01-25 08:00";"1,555";"5,6";"1,778";"-0,5"
"2024-01-25 09:00";"1,538";"5,000";"1,795";"-0,5"
"2024-01-25 10:00";"1,509";"4,3";"1,76";"-0,3"
"2024-01-25 11:00";"1,401";"4,4";"2,455";"-0,2"
"2024-01-25 12:00";"1,299";"4,8";"1,773";"0,000"
"2024-01-25 13:00";"1,229";"4,7";"1,773";"-0,1"
"2024-01-25 14:00";"1,191";"4,8";"1,766";"0,000"
"2024-01-25 15:00";"1,379";"4,1";"1,765";"0,1"
"2024-01-25 16:00";"1,532";"2,9";"1,76";"0,2"
"2024-01-25 17:00";"1,356";"2,000";"1,809";"0,1"
"2024-01-25 18:00";"1,41";"1,1";"1,783";"0,1"
"2024-01-25 19:00";"1,429";"0,9";"1,805";"0,000"
"2024-01-25 20:00";"1,572";"0,6";"1,803";"-0,3"
"2024-01-25 21:00";"1,542";"0,000";"2,41";"-0,9"
"2024-01-25 22:00";"1,508";"-0,1";"2,941";"-1,5"
"2024-01-25 23:00";"1,479";"-0,1";"3,155";"-2,2"
"2024-01-26 00:00";"2,228";"-0,2";"2,617";"-2,3"
"2024-01-26 01:00";"1,553";"-0,2";"2,636";"-2,2"
"2024-01-26 02:00";"2,509";"-0,3";"2,636";"-2,1"
"2024-01-26 03:00";"2,551";"-0,3";"2,651";"-2,1"
"2024-01-26 04:00";"2,543";"-0,4";"1,707";"-2,1"
"2024-01-26 05:00";"2,5";"-0,4";"1,716";"-2,1"
"2024-01-26 06:00";"2,481";"-0,5";"1,715";"-2,1"
"2024-01-26 07:00";"1,605";"-0,8";"1,864";"-2,1"
"2024-01-26 08:00";"1,509";"-0,5";"1,848";"-2,1"
"2024-01-26 09:00";"1,603";"-0,1";"1,832";"-1,5"
"2024-01-26 10:00";"1,637";"0,8";"2,435";"-0,8"
"2024-01-26 11:00";"1,646";"2,2";"1,893";"-0,8"
"2024-01-26 12:00";"1,657";"3,2";"2,015";"-0,8"
"2024-01-26 13:00";"1,644";"3,9";"2,318";"-0,8"
"2024-01-26 14:00";"1,698";"4,6";"1,879";"-0,2"
"2024-01-26 15:00";"2,183";"5,4";"1,803";"0,7"
"2024-01-26 16:00";"1,635";"5,8";"1,808";"0,7"
"2024-01-26 17:00";"3,276";"5,4";"1,842";"3,4"
"2024-01-26 18:00";"2,151";"5,2";"1,857";"4,1"
"2024-01-26 19:00";"1,8";"5,4";"2,214";"3,2"
"2024-01-26 20:00";"1,633";"5,4";"2,052";"3,1"
"2024-01-26 21:00";"1,633";"5,3";"1,755";"3,6"
"2024-01-26 22:00";"1,531";"5,2";"1,767";"3,2"
"2024-01-26 23:00";"1,506";"5,1";"1,7";"2,1"
"2024-01-27 00:00";"1,5405";"5,000";"1,72";"2,000"
"2024-01-27 01:00";"1,5585";"5,000";"1,747";"1,000"
"2024-01-27 02:00";"2,526";"4,8";"2,632";"0,1"
"2024-01-27 03:00";"2,199";"4,7";"2,381";"-0,5"
"2024-01-27 04:00";"1,541";"4,4";"1,449";"-1,1"
"2024-01-27 05:00";"1,574";"4,2";"1,469";"-1,4"
"2024-01-27 06:00";"1,596";"4,1";"2,166";"-1,8"
"2024-01-27 07:00";"2,292";"3,6";"1,614";"-2,6"
"2024-01-27 08:00";"1,684";"3,6";"1,701";"-2,7"
"2024-01-27 09:00";"1,639";"3,7";"1,746";"-1,9"
"2024-01-27 10:00";"1,585";"4,5";"1,648";"-0,6"
"2024-01-27 11:00";"1,598";"5,3";"1,568";"0,6"
"2024-01-27 12:00";"2,089";"5,6";"1,558";"1,6"
"2024-01-27 13:00";"1,615";"5,7";"1,539";"2,2"
"2024-01-27 14:00";"1,593";"5,8";"1,485";"2,1"
"2024-01-27 15:00";"1,615";"5,3";"1,518";"1,8"
"2024-01-27 16:00";"1,674";"5,000";"1,575";"0,6"
"2024-01-27 17:00";"1,652";"5,1";"1,697";"-0,5"
"2024-01-27 18:00";"1,658";"5,000";"1,704";"-1,9"
"2024-01-27 19:00";"1,677";"4,8";"1,849";"-2,8"
"2024-01-27 20:00";"1,587";"4,4";"1,949";"-3,4"
"2024-01-27 21:00";"1,612";"4,8";"2,422";"-3,9"
"2024-01-27 22:00";"1,581";"4,7";"1,877";"-4,2"
"2024-01-27 23:00";"1,561";"4,1";"1,846";"-4,8"
"2024-01-28 00:00";"1,857";"3,7";"2,851";"-4,7"
"2024-01-28 01:00";"2,031";"3,1";"3,05";"-5,000"
"2024-01-28 02:00";"2,337";"2,6";"2,742";"-4,7"
"2024-01-28 03:00";"1,581";"2,3";"2,697";"-4,8"
"2024-01-28 04:00";"1,577";"2,2";"2,392";"-5,1"
"2024-01-28 05:00";"1,559";"2,000";"1,683";"-4,3"
"2024-01-28 06:00";"1,588";"1,9";"1,745";"-3,7"
"2024-01-28 07:00";"1,69";"1,5";"1,698";"-2,5"
"2024-01-28 08:00";"1,649";"1,7";"1,912";"-1,6"
"2024-01-28 09:00";"1,663";"2,5";"2,099";"-0,6"
"2024-01-28 10:00";"1,59";"3,000";"2,168";"-0,1"
"2024-01-28 11:00";"1,596";"3,3";"4,088";"0,2"
"2024-01-28 12:00";"2,202";"4,4";"2,356";"0,9"
"2024-01-28 13:00";"1,465";"5,3";"2,583";"1,2"
"2024-01-28 14:00";"1,446";"5,7";"1,956";"1,1"
"2024-01-28 15:00";"1,507";"4,2";"1,932";"1,4"
"2024-01-28 16:00";"1,577";"3,000";"1,919";"1,2"
"2024-01-28 17:00";"1,562";"2,4";"1,893";"0,9"
"2024-01-28 18:00";"1,927";"2,3";"1,913";"0,1"
"2024-01-28 19:00";"1,902";"2,8";"1,899";"0,1"
"2024-01-28 20:00";"2,854";"3,4";"1,909";"0,3"
"2024-01-28 21:00";"2,094";"3,6";"1,89";"1,1"
"2024-01-28 22:00";"1,743";"3,8";"1,853";"2,000"
"2024-01-28 23:00";"1,57";"3,8";"1,875";"2,000"
"2024-01-29 00:00";"1,515";"3,6";"1,855";"1,7"
"2024-01-29 01:00";"1,605";"3,7";"1,832";"1,9"
"2024-01-29 02:00";"2,595";"3,9";"1,827";"2,4"
"2024-01-29 03:00";"2,271";"3,5";"1,835";"2,6"
"2024-01-29 04:00";"1,675";"3,3";"1,82";"2,7"
"2024-01-29 05:00";"1,727";"2,9";"1,812";"2,4"
"2024-01-29 06:00";"1,763";"2,7";"1,811";"2,3"
"2024-01-29 07:00";"1,81";"2,4";"2,459";"2,6"
"2024-01-29 08:00";"2,395";"2,2";"1,78";"2,4"
"2024-01-29 09:00";"1,631";"3,4";"1,819";"2,7"
"2024-01-29 10:00";"1,528";"5,000";"1,815";"3,000"
"2024-01-29 11:00";"1,482";"6,1";"1,759";"3,2"
"2024-01-29 12:00";"1,416";"6,5";"2,767";"3,7"
"2024-01-29 13:00";"1,352";"6,8";"2,705";"3,7"
"2024-01-29 14:00";"1,328";"6,6";"3,607";"3,8"
"2024-01-29 15:00";"1,421";"5,6";"2,844";"4,3"
"2024-01-29 16:00";"1,449";"4,3";"1,933";"4,8"
"2024-01-29 17:00";"1,472";"3,1";"1,79";"4,8"
"2024-01-29 18:00";"1,545";"2,6";"1,801";"4,000"
"2024-01-29 19:00";"1,526";"2,7";"1,786";"3,9"
"2024-01-29 20:00";"1,798";"2,6";"1,764";"4,2"
"2024-01-29 21:00";"1,682";"2,1";"1,965";"4,3"
"2024-01-29 22:00";"1,665";"1,9";"2,302";"3,8"
"2024-01-29 23:00";"1,659";"2,1";"2,231";"3,8"
"2024-01-30 00:00";"1,677";"1,7";"1,692";"2,7"
"2024-01-30 01:00";"1,68";"1,9";"1,669";"1,7"
"2024-01-30 02:00";"2,62";"2,4";"2,614";"1,8"
"2024-01-30 03:00";"2,231";"2,4";"2,616";"3,9"
"2024-01-30 04:00";"1,62";"2,000";"1,651";"4,1"
"2024-01-30 05:00";"2,306";"1,9";"2,299";"3,7"
"2024-01-30 06:00";"1,69";"1,9";"1,641";"3,9"
"2024-01-30 07:00";"1,727";"1,7";"1,685";"3,6"
"2024-01-30 08:00";"1,635";"1,5";"1,689";"4,000"
"2024-01-30 09:00";"1,623";"1,3";"1,671";"4,2"
"2024-01-30 10:00";"1,649";"1,2";"1,719";"4,3"
"2024-01-30 11:00";"1,512";"1,5";"1,735";"4,4"
"2024-01-30 12:00";"1,524";"1,6";"1,739";"4,7"
"2024-01-30 13:00";"1,573";"2,000";"1,778";"4,9"
"2024-01-30 14:00";"1,54";"2,1";"1,752";"5,1"
"2024-01-30 15:00";"1,582";"1,7";"1,748";"5,4"
"2024-01-30 16:00";"2,286";"1,1";"1,787";"4,9"
"2024-01-30 17:00";"1,983";"2,3";"1,825";"4,7"
"2024-01-30 18:00";"1,572";"3,7";"1,78";"4,5"
"2024-01-30 19:00";"1,472";"4,6";"1,75";"4,2"
"2024-01-30 20:00";"1,519";"4,8";"2,114";"4,1"
"2024-01-30 21:00";"1,465";"5,8";"1,872";"3,8"
"2024-01-30 22:00";"1,544";"6,4";"1,794";"3,4"
"2024-01-30 23:00";"2,108";"6,000";"1,695";"3,1"
"2024-01-31 00:00";"1,504";"5,4";"1,683";"2,7"
"2024-01-31 01:00";"1,463";"4,9";"1,672";"2,8"
"2024-01-31 02:00";"2,51";"4,2";"2,665";"2,6"
"2024-01-31 03:00";"2,477";"3,4";"2,675";"2,000"
"2024-01-31 04:00";"1,542";"2,7";"1,676";"1,8"
"2024-01-31 05:00";"1,544";"3,4";"1,685";"1,8"
"2024-01-31 06:00";"1,516";"3,9";"1,734";"1,6"
"2024-01-31 07:00";"1,526";"3,7";"1,841";"1,5"
"2024-01-31 08:00";"1,341";"3,6";"1,804";"1,7"
"2024-01-31 09:00";"1,211";"3,5";"1,802";"2,1"
"2024-01-31 10:00";"1,196";"3,9";"2,44";"2,3"
"2024-01-31 11:00";"1,139";"4,5";"1,797";"2,1"
"2024-01-31 12:00";"1,167";"4,8";"1,765";"2,3"
"2024-01-31 13:00";"1,126";"4,6";"1,774";"2,000"
"2024-01-31 14:00";"1,179";"4,8";"1,789";"2,000"
"2024-01-31 15:00";"1,69";"4,5";"1,864";"2,4"
"2024-01-31 16:00";"1,407";"4,1";"1,727";"3,000"
"2024-01-31 17:00";"1,353";"3,8";"1,719";"3,8"
"2024-01-31 18:00";"1,427";"3,6";"1,772";"3,8"
"2024-01-31 19:00";"1,315";"3,8";"1,784";"3,6"
"2024-01-31 20:00";"1,427";"3,9";"1,809";"3,7"
"2024-01-31 21:00";"1,549";"4,1";"1,821";"3,6"
"2024-01-31 22:00";"1,391";"4,5";"1,826";"3,6"
"2024-01-31 23:00";"1,302";"4,5";"1,76";"3,7"
"2024-02-01 00:00";"1,319";"4,1";"1,721";"4,000"
"2024-02-01 01:00";"1,362";"4,000";"1,692";"3,9"
"2024-02-01 02:00";"2,326";"3,9";"2,695";"4,000"
"2024-02-01 03:00";"2,149";"4,1";"2,697";"4,1"
"2024-02-01 04:00";"1,804";"4,2";"1,672";"4,1"
"2024-02-01 05:00";"1,449";"3,8";"1,668";"3,9"
"2024-02-01 06:00";"1,603";"3,9";"2,16";"3,7"
"2024-02-01 07:00";"1,505";"4,2";"2,819";"3,5"
"2024-02-01 08:00";"1,441";"4,2";"2,654";"3,3"
"2024-02-01 09:00";"1,42";"4,7";"2,204";"3,4"
"2024-02-01 10:00";"1,483";"5,2";"1,678";"3,7"
"2024-02-01 11:00";"1,312";"5,6";"1,655";"4,4"
"2024-02-01 12:00";"1,277";"5,5";"1,598";"5,000"
"2024-02-01 13:00";"1,234";"6,1";"1,608";"4,5"
"2024-02-01 14:00";"1,144";"6,000";"1,641";"3,2"
"2024-02-01 15:00";"1,852";"5,6";"1,642";"3,4"
"2024-02-01 16:00";"1,854";"5,1";"1,815";"3,9"
"2024-02-01 17:00";"1,441";"4,6";"1,914";"4,6"
"2024-02-01 18:00";"1,371";"4,5";"1,885";"4,4"
"2024-02-01 19:00";"1,368";"4,2";"2,323";"4,2"
"2024-02-01 20:00";"1,428";"3,9";"2,863";"4,6"
"2024-02-01 21:00";"1,401";"3,8";"2,775";"4,5"
"2024-02-01 22:00";"1,457";"3,6";"2,789";"3,7"
"2024-02-01 23:00";"1,378";"3,4";"1,98";"2,7"
"2024-02-02 00:00";"1,417";"3,3";"1,637";"2,6"
"2024-02-02 01:00";"1,541";"3,3";"1,628";"2,4"
"2024-02-02 02:00";"3,057";"3,4";"1,622";"2,5"
"2024-02-02 03:00";"2,412";"3,2";"1,79";"2,000"
"2024-02-02 04:00";"2,012";"3,4";"1,623";"1,3"
"2024-02-02 05:00";"1,465";"3,7";"1,629";"1,2"
"2024-02-02 06:00";"1,521";"3,6";"1,668";"1,1"
"2024-02-02 07:00";"1,478";"4,000";"1,769";"0,9"
"2024-02-02 08:00";"1,428";"3,9";"1,759";"0,2"
"2024-02-02 09:00";"1,45";"3,8";"1,709";"0,3"
"2024-02-02 10:00";"1,462";"4,000";"1,672";"0,9"
"2024-02-02 11:00";"1,429";"3,9";"1,594";"1,9"
"2024-02-02 12:00";"2,159";"3,8";"1,588";"2,8"
"2024-02-02 13:00";"1,469";"3,7";"1,556";"2,8"
"2024-02-02 14:00";"1,492";"3,4";"1,589";"2,8"
"2024-02-02 15:00";"1,435";"3,000";"1,587";"2,000"
"2024-02-02 16:00";"1,882";"3,000";"1,635";"0,6"
"2024-02-02 17:00";"1,591";"5,2";"1,705";"-0,1"
"2024-02-02 18:00";"1,884";"6,2";"1,91";"-1,000"
"2024-02-02 19:00";"2,058";"6,2";"1,952";"-1,8"
"2024-02-02 20:00";"1,746";"6,2";"1,954";"-2,3"
"2024-02-02 21:00";"1,786";"6,6";"1,8";"-1,8"
"2024-02-02 22:00";"1,407";"6,7";"1,806";"-1,4"
"2024-02-02 23:00";"1,282";"6,5";"1,76";"-1,000"
"2024-02-03 00:00";"1,25";"6,000";"1,721";"-0,5"
"2024-02-03 01:00";"1,365";"5,8";"1,718";"0,000"
"2024-02-03 02:00";"2,886";"7,000";"2,643";"-0,1"
"2024-02-03 03:00";"1,875";"6,2";"2,634";"-1,000"
"2024-02-03 04:00";"1,268";"5,6";"1,644";"-1,9"
"2024-02-03 05:00";"1,213";"5,000";"1,677";"-2,4"
"2024-02-03 06:00";"1,247";"6,7";"1,7";"-2,3"
"2024-02-03 07:00";"1,218";"7,000";"1,802";"-1,6"
"2024-02-03 08:00";"1,286";"7,000";"1,676";"-0,5"
"2024-02-03 09:00";"1,182";"6,9";"1,662";"0,9"
"2024-02-03 10:00";"1,188";"7,3";"1,678";"3,2"
"2024-02-03 11:00";"1,119";"7,6";"1,676";"5,1"
"2024-02-03 12:00";"1,647";"7,1";"2,468";"4,7"
"2024-02-03 13:00";"1,061";"7,4";"1,722";"3,6"
"2024-02-03 14:00";"1,069";"7,8";"1,725";"2,6"
"2024-02-03 15:00";"1,349";"7,6";"1,802";"1,3"
"2024-02-03 16:00";"1,391";"7,3";"2,118";"0,5"
"2024-02-03 17:00";"1,384";"6,6";"2,253";"1,2"
"2024-02-03 18:00";"1,381";"5,7";"2,891";"1,4"
"2024-02-03 19:00";"1,216";"5,4";"2,664";"1,4"
"2024-02-03 20:00";"1,182";"5,000";"2,027";"1,000"
"2024-02-03 21:00";"1,159";"4,7";"1,857";"0,8"
"2024-02-03 22:00";"1,192";"4,6";"1,902";"0,3"
"2024-02-03 23:00";"1,884";"4,8";"1,92";"-0,2"
"2024-02-04 00:00";"1,193";"4,8";"1,941";"-0,5"
"2024-02-04 01:00";"1,222";"4,7";"1,945";"-1,000"
"2024-02-04 02:00";"2,121";"4,7";"1,949";"-1,4"
"2024-02-04 03:00";"1,266";"4,8";"1,966";"-1,8"
"2024-02-04 04:00";"1,235";"5,2";"1,907";"-2,2"
"2024-02-04 05:00";"1,278";"5,2";"1,931";"-2,5"
"2024-02-04 06:00";"1,308";"5,3";"1,93";"-2,8"
"2024-02-04 07:00";"1,322";"5,3";"1,989";"-3,2"
"2024-02-04 08:00";"1,292";"5,5";"1,999";"-3,5"
"2024-02-04 09:00";"1,287";"5,8";"1,924";"-3,2"
"2024-02-04 10:00";"1,318";"6,3";"2,371";"-2,7"
"2024-02-04 11:00";"1,924";"6,7";"1,884";"-2,000"
"2024-02-04 12:00";"2,339";"6,8";"2,726";"-1,2"
"2024-02-04 13:00";"1,444";"6,9";"2,793";"-0,6"
"2024-02-04 14:00";"1,371";"6,9";"1,727";"-0,2"
"2024-02-04 15:00";"1,379";"6,7";"1,847";"-0,3"
"2024-02-04 16:00";"1,401";"6,3";"1,979";"-1,1"
"2024-02-04 17:00";"1,414";"5,4";"2,857";"-2,5"
"2024-02-04 18:00";"1,344";"4,7";"3,179";"-3,4"
"2024-02-04 19:00";"1,433";"5,2";"3,181";"-3,7"
"2024-02-04 20:00";"1,334";"6,000";"3,645";"-3,7"
"2024-02-04 21:00";"1,4";"5,3";"3,164";"-4,3"
"2024-02-04 22:00";"1,366";"4,5";"2,756";"-3,7"
"2024-02-04 23:00";"1,367";"4,6";"2,828";"-3,2"
"2024-02-05 00:00";"2,092";"4,9";"2,181";"-3,1"
"2024-02-05 01:00";"1,339";"4,7";"2,072";"-3,3"
"2024-02-05 02:00";"2,365";"4,7";"2,106";"-3,6"
"2024-02-05 03:00";"2,099";"4,5";"2,112";"-3,3"
"2024-02-05 04:00";"1,354";"4,6";"2,326";"-3,1"
"2024-02-05 05:00";"1,432";"4,7";"2,253";"-2,6"
"2024-02-05 06:00";"1,404";"4,7";"2,111";"-2,1"
"2024-02-05 07:00";"1,441";"4,7";"2,108";"-1,8"
"2024-02-05 08:00";"1,448";"4,7";"2,105";"-1,4"
"2024-02-05 09:00";"1,397";"5,000";"2,211";"-0,6"
"2024-02-05 10:00";"1,945";"5,3";"2,566";"0,3"
"2024-02-05 11:00";"1,525";"5,4";"2,332";"0,6"
"2024-02-05 12:00";"1,342";"5,4";"1,923";"0,9"
"2024-02-05 13:00";"1,399";"5,4";"1,971";"1,4"
"2024-02-05 14:00";"1,42";"5,000";"2,335";"1,5"
"2024-02-05 15:00";"1,421";"4,3";"2,906";"1,2"
"2024-02-05 16:00";"1,428";"3,6";"1,988";"1,000"
"2024-02-05 17:00";"1,406";"2,8";"1,928";"1,000"
"2024-02-05 18:00";"1,491";"2,2";"3,254";"0,4"
"2024-02-05 19:00";"1,548";"1,4";"2,095";"-0,5"
"2024-02-05 20:00";"2,182";"0,000";"2,067";"-1,000"
"2024-02-05 21:00";"1,547";"-0,4";"2,12";"-1,4"
"2024-02-05 22:00";"1,517";"-0,5";"2,483";"-1,7"
"2024-02-05 23:00";"1,444";"-0,6";"2,429";"-1,8"
"2024-02-06 00:00";"1,509";"-0,6";"1,891";"-2,2"
"2024-02-06 01:00";"1,487";"-0,7";"2,238";"-2,1"
"2024-02-06 02:00";"2,447";"-0,5";"3,223";"-0,6"
"2024-02-06 03:00";"1,904";"-0,3";"2,852";"-1,000"
"2024-02-06 04:00";"1,475";"-0,2";"1,88";"-1,3"
"2024-02-06 05:00";"2,183";"0,2";"1,83";"-1,7"
"2024-02-06 06:00";"1,536";"0,4";"1,828";"-2,5"
"2024-02-06 07:00";"1,522";"1,000";"1,945";"-3,3"
"2024-02-06 08:00";"1,597";"2,7";"1,961";"-4,1"
"2024-02-06 09:00";"1,566";"3,2";"2,061";"-4,6"
"2024-02-06 10:00";"1,526";"3,4";"2,094";"-4,8"
"2024-02-06 11:00";"1,569";"3,9";"2,036";"-4,7"
"2024-02-06 12:00";"1,912";"4,7";"2,027";"-4,4"
"2024-02-06 13:00";"1,816";"5,1";"2,051";"-4,1"
"2024-02-06 14:00";"1,553";"5,000";"1,961";"-4,1"
"2024-02-06 15:00";"1,523";"4,8";"2,028";"-4,000"
"2024-02-06 16:00";"1,579";"4,6";"2,046";"-3,9"
"2024-02-06 17:00";"1,554";"4,3";"2,104";"-4,000"
"2024-02-06 18:00";"1,466";"3,8";"2,07";"-4,4"
"2024-02-06 19:00";"1,497";"5,2";"2,048";"-4,6"
"2024-02-06 20:00";"1,49";"4,8";"2,669";"-5,3"
"2024-02-06 21:00";"1,703";"4,4";"2,304";"-4,6"
"2024-02-06 22:00";"2,092";"3,7";"2,703";"-4,000"
"2024-02-06 23:00";"1,447";"3,5";"1,969";"-4,000"
"2024-02-07 00:00";"1,469";"3,3";"1,921";"-4,000"
"2024-02-07 01:00";"1,479";"3,2";"1,947";"-3,6"
"2024-02-07 02:00";"2,474";"2,7";"2,881";"-3,5"
"2024-02-07 03:00";"2,478";"3,1";"2,845";"-3,2"
"2024-02-07 04:00";"1,671";"2,8";"1,911";"-2,4"
"2024-02-07 05:00";"2,097";"2,5";"1,925";"-2,000"
"2024-02-07 06:00";"1,534";"1,1";"1,952";"-1,8"
"2024-02-07 07:00";"1,708";"0,6";"1,958";"-1,8"
"2024-02-07 08:00";"1,643";"0,3";"1,952";"-1,4"
"2024-02-07 09:00";"1,543";"0,000";"2,083";"-0,9"
"2024-02-07 10:00";"1,696";"-0,1";"1,934";"-0,5"
"2024-02-07 11:00";"2,133";"0,3";"1,896";"-0,2"
"2024-02-07 12:00";"1,591";"0,8";"1,893";"0,3"
"2024-02-07 13:00";"1,615";"0,9";"1,881";"-0,4"
"2024-02-07 14:00";"1,564";"1,1";"1,927";"-0,4"
"2024-02-07 15:00";"1,638";"0,6";"1,959";"0,2"
"2024-02-07 16:00";"1,613";"-0,4";"2,051";"0,3"
"2024-02-07 17:00";"1,61";"0,1";"3,075";"0,000"
"2024-02-07 18:00";"2,344";"0,4";"2,499";"-0,9"
"2024-02-07 19:00";"1,668";"0,000";"2,149";"-1,6"
"2024-02-07 20:00";"1,719";"-0,5";"2,075";"-2,4"
"2024-02-07 21:00";"1,736";"-1,5";"1,928";"-2,8"
"2024-02-07 22:00";"1,755";"-1,3";"1,956";"-2,7"
"2024-02-07 23:00";"1,753";"-1,6";"1,896";"-2,2"
"2024-02-08 00:00";"1,923";"-0,8";"1,861";"-1,8"
"2024-02-08 01:00";"2,388";"0,000";"1,855";"-1,5"
"2024-02-08 02:00";"2,777";"0,7";"2,84";"-1,5"
"2024-02-08 03:00";"2,111";"1,3";"2,85";"-1,6"
"2024-02-08 04:00";"1,716";"1,5";"1,88";"-1,9"
"2024-02-08 05:00";"1,698";"1,5";"1,832";"-2,1"
"2024-02-08 06:00";"1,723";"1,5";"1,823";"-1,9"
"2024-02-08 07:00";"1,963";"1,5";"1,929";"-1,9"
"2024-02-08 08:00";"2,104";"1,4";"1,943";"-2,1"
"2024-02-08 09:00";"1,676";"1,3";"1,923";"-1,000"
"2024-02-08 10:00";"1,654";"1,6";"1,808";"1,6"
"2024-02-08 11:00";"1,676";"2,4";"1,686";"3,3"
"2024-02-08 12:00";"1,608";"3,2";"1,67";"4,2"
"2024-02-08 13:00";"1,616";"3,4";"1,665";"4,1"
"2024-02-08 14:00";"1,883";"3,4";"2,105";"3,7"
"2024-02-08 15:00";"1,836";"2,2";"1,8";"3,1"
"2024-02-08 16:00";"1,825";"1,1";"1,714";"1,8"
"2024-02-08 17:00";"2,069";"0,000";"1,797";"1,000"
"2024-02-08 18:00";"1,561";"-0,6";"1,861";"0,6"
"2024-02-08 19:00";"2,256";"-0,2";"1,733";"0,9"
"2024-02-08 20:00";"1,575";"-0,1";"1,723";"0,8"
"2024-02-08 21:00";"1,592";"-0,6";"1,719";"0,7"
"2024-02-08 22:00";"1,559";"-1,1";"1,732";"0,6"
"2024-02-08 23:00";"1,672";"-1,4";"1,666";"0,6"
"2024-02-09 00:00";"2,329";"-1,2";"1,693";"0,5"
"2024-02-09 01:00";"1,669";"-0,9";"1,694";"0,3"
"2024-02-09 02:00";"2,686";"-0,5";"2,641";"0,000"
"2024-02-09 03:00";"2,682";"-0,4";"2,681";"-0,1"
"2024-02-09 04:00";"2,739";"-0,6";"1,733";"0,000"
"2024-02-09 05:00";"2,707";"-0,9";"1,726";"0,000"
"2024-02-09 06:00";"1,822";"-1,1";"1,767";"-0,2"
"2024-02-09 07:00";"2,491";"-0,3";"1,754";"0,1"
"2024-02-09 08:00";"2,073";"0,000";"2,352";"0,4"
"2024-02-09 09:00";"2,127";"0,1";"2,411";"0,8"
"2024-02-09 10:00";"2,134";"0,4";"1,809";"1,4"
"2024-02-09 11:00";"2,204";"0,5";"1,852";"1,7"
"2024-02-09 12:00";"2,167";"0,5";"1,919";"1,8"
"2024-02-09 13:00";"2,156";"0,3";"1,841";"1,8"
"2024-02-09 14:00";"2,536";"0,8";"1,885";"2,000"
"2024-02-09 15:00";"2,567";"0,8";"2,454";"1,9"
"2024-02-09 16:00";"2,233";"0,4";"2,294";"1,8"
"2024-02-09 17:00";"2,589";"0,000";"1,798";"2,000"
"2024-02-09 18:00";"2,175";"0,1";"1,837";"1,9"
"2024-02-09 19:00";"2,195";"0,000";"1,837";"2,000"
"2024-02-09 20:00";"2,188";"0,3";"2,536";"1,8"
"2024-02-09 21:00";"2,563";"0,2";"2,762";"1,9"
"2024-02-09 22:00";"2,542";"0,2";"2,725";"2,1"
"2024-02-09 23:00";"2,229";"0,2";"2,738";"2,5"
"2024-02-10 00:00";"2,273";"-0,3";"2,717";"3,000"
"2024-02-10 01:00";"2,306";"-0,2";"2,707";"3,2"
"2024-02-10 02:00";"3,282";"0,6";"2,611";"3,3"
"2024-02-10 03:00";"2,635";"0,8";"1,697";"3,000"
"2024-02-10 04:00";"2,31";"1,2";"1,636";"3,3"
"2024-02-10 05:00";"3,013";"1,3";"1,644";"3,1"
"2024-02-10 06:00";"2,311";"1,3";"1,635";"3,3"
"2024-02-10 07:00";"2,308";"1,3";"1,747";"2,000"
"2024-02-10 08:00";"2,33";"1,5";"1,753";"2,1"
"2024-02-10 09:00";"2,279";"1,5";"1,746";"3,000"
"2024-02-10 10:00";"2,29";"1,7";"1,722";"3,6"
"2024-02-10 11:00";"2,296";"2,000";"1,705";"4,4"
"2024-02-10 12:00";"2,812";"2,000";"1,695";"5,1"
"2024-02-10 13:00";"3,176";"2,1";"1,641";"5,8"
"2024-02-10 14:00";"2,221";"1,9";"1,643";"5,3"
"2024-02-10 15:00";"2,355";"1,7";"1,639";"5,2"
"2024-02-10 16:00";"2,339";"1,4";"1,728";"4,8"
"2024-02-10 17:00";"2,296";"1,1";"2,185";"4,6"
"2024-02-10 18:00";"2,725";"1,1";"1,613";"4,3"
"2024-02-10 19:00";"2,77";"1,2";"1,513";"4,1"
"2024-02-10 20:00";"2,251";"1,2";"1,508";"3,8"
"2024-02-10 21:00";"2,639";"1,2";"1,516";"3,2"
"2024-02-10 22:00";"2,017";"1,1";"1,496";"3,5"
"2024-02-10 23:00";"2,000";"1,1";"1,526";"3,6"
"2024-02-11 00:00";"2,056";"1,000";"1,52";"2,5"
"2024-02-11 01:00";"2,096";"0,9";"1,541";"1,8"
"2024-02-11 02:00";"3,028";"0,8";"1,521";"2,000"
"2024-02-11 03:00";"2,335";"0,7";"1,513";"3,000"
"2024-02-11 04:00";"2,114";"0,6";"1,513";"5,5"
"2024-02-11 05:00";"2,796";"0,6";"1,511";"6,3"
"2024-02-11 06:00";"2,142";"0,8";"1,508";"6,6"
"2024-02-11 07:00";"2,172";"1,000";"1,507";"6,1"
"2024-02-11 08:00";"2,157";"1,000";"1,568";"6,1"
"2024-02-11 09:00";"2,376";"1,4";"1,54";"7,000"
"2024-02-11 10:00";"2,493";"1,4";"1,518";"7,6"
"2024-02-11 11:00";"2,241";"1,6";"1,479";"8,5"
"2024-02-11 12:00";"3,152";"1,9";"2,468";"8,8"
"2024-02-11 13:00";"2,354";"1,8";"2,531";"8,6"
"2024-02-11 14:00";"2,148";"1,5";"1,369";"8,8"
"2024-02-11 15:00";"2,204";"1,4";"1,374";"8,4"
"2024-02-11 16:00";"2,273";"1,4";"1,418";"6,9"
"2024-02-11 17:00";"2,208";"1,5";"1,438";"5,3"
"2024-02-11 18:00";"2,253";"1,7";"1,475";"4,000"
"2024-02-11 19:00";"2,211";"1,8";"1,491";"2,9"
"2024-02-11 20:00";"2,942";"1,8";"1,507";"2,1"
"2024-02-11 21:00";"2,165";"1,7";"1,531";"1,2"
"2024-02-11 22:00";"2,158";"1,5";"1,565";"0,3"
"2024-02-11 23:00";"2,154";"1,4";"1,539";"-1,000"
"2024-02-12 00:00";"2,151";"1,4";"1,575";"-1,3"
"2024-02-12 01:00";"2,127";"1,4";"1,563";"-1,6"
"2024-02-12 02:00";"3,742";"1,6";"1,571";"-2,3"
"2024-02-12 03:00";"2,311";"1,7";"1,557";"-1,4"
"2024-02-12 04:00";"2,175";"1,7";"1,605";"-0,9"
"2024-02-12 05:00";"2,156";"1,7";"1,622";"0,1"
"2024-02-12 06:00";"2,142";"1,5";"1,563";"0,8"
"2024-02-12 07:00";"2,122";"1,4";"1,58";"1,4"
"2024-02-12 08:00";"2,842";"1,4";"1,562";"1,8"
"2024-02-12 09:00";"2,046";"1,4";"1,539";"2,2"
"2024-02-12 10:00";"2,082";"1,4";"1,558";"2,7"
"2024-02-12 11:00";"2,064";"1,000";"1,505";"3,000"
"2024-02-12 12:00";"2,052";"0,7";"2,443";"6,5"
"2024-02-12 13:00";"1,989";"0,7";"2,521";"7,8"
"2024-02-12 14:00";"2,653";"0,9";"2,558";"8,4"
"2024-02-12 15:00";"1,985";"1,000";"2,395";"8,8"
"2024-02-12 16:00";"1,998";"0,9";"1,299";"8,5"
"2024-02-12 17:00";"1,981";"0,7";"1,392";"7,000"
"2024-02-12 18:00";"1,989";"0,4";"1,439";"5,8"
"2024-02-12 19:00";"1,925";"0,2";"1,709";"5,000"
"2024-02-12 20:00";"1,946";"0,2";"2,412";"5,6"
"2024-02-12 21:00";"2,419";"0,1";"1,853";"5,3"
"2024-02-12 22:00";"2,144";"0,2";"1,314";"5,8"
"2024-02-12 23:00";"1,916";"0,4";"1,321";"5,9"
"2024-02-13 00:00";"1,813";"0,5";"1,301";"5,5"
"2024-02-13 01:00";"1,829";"0,7";"1,301";"5,5"
"2024-02-13 02:00";"2,76";"0,7";"2,342";"5,1"
"2024-02-13 03:00";"2,758";"0,7";"2,35";"5,000"
"2024-02-13 04:00";"1,752";"1,1";"1,359";"5,2"
"2024-02-13 05:00";"2,217";"2,1";"1,369";"5,4"
"2024-02-13 06:00";"2,004";"2,3";"1,417";"5,1"
"2024-02-13 07:00";"1,759";"2,4";"1,536";"5,1"
"2024-02-13 08:00";"1,722";"2,4";"1,474";"5,1"
"2024-02-13 09:00";"1,716";"2,9";"1,458";"5,8"
"2024-02-13 10:00";"1,659";"3,4";"1,397";"6,8"
"2024-02-13 11:00";"1,669";"4,1";"1,465";"7,7"
"2024-02-13 12:00";"1,65";"4,3";"1,181";"8,2"
"2024-02-13 13:00";"1,612";"5,000";"1,111";"8,5"
"2024-02-13 14:00";"1,782";"5,1";"1,101";"8,4"
"2024-02-13 15:00";"2,112";"5,000";"1,092";"8,000"
"2024-02-13 16:00";"1,877";"5,000";"1,141";"6,8"
"2024-02-13 17:00";"2,157";"4,5";"1,182";"5,000"
"2024-02-13 18:00";"1,705";"4,4";"1,24";"3,6"
"2024-02-13 19:00";"1,65";"4,3";"1,339";"2,4"
"2024-02-13 20:00";"1,659";"4,2";"1,307";"3,1"
"2024-02-13 21:00";"1,651";"4,2";"1,364";"2,2"
"2024-02-13 22:00";"1,643";"4,4";"1,316";"2,4"
"2024-02-13 23:00";"1,639";"4,2";"1,342";"3,4"
"2024-02-14 00:00";"1,599";"3,9";"1,379";"3,8"
"2024-02-14 01:00";"2,072";"3,8";"1,394";"2,000"
"2024-02-14 02:00";"2,829";"3,6";"2,402";"1,000"
"2024-02-14 03:00";"2,034";"3,4";"2,405";"0,8"
"2024-02-14 04:00";"1,63";"3,2";"1,47";"1,3"
"2024-02-14 05:00";"1,631";"2,9";"1,491";"1,9"
"2024-02-14 06:00";"1,629";"2,8";"1,479";"2,6"
"2024-02-14 07:00";"1,625";"2,8";"1,502";"2,8"
"2024-02-14 08:00";"1,604";"2,6";"1,51";"3,1"
"2024-02-14 09:00";"1,596";"2,9";"1,536";"3,5"
"2024-02-14 10:00";"1,596";"3,7";"1,523";"4,1"
"2024-02-14 11:00";"1,519";"4,8";"1,622";"4,4"
"2024-02-14 12:00";"1,516";"5,6";"1,528";"4,4"
"2024-02-14 13:00";"2,148";"5,9";"1,522";"4,000"
"2024-02-14 14:00";"1,465";"5,8";"1,521";"3,9"
"2024-02-14 15:00";"1,491";"5,6";"1,576";"3,7"
"2024-02-14 16:00";"1,506";"5,2";"1,566";"3,5"
"2024-02-14 17:00";"1,535";"4,4";"2,544";"3,2"
"2024-02-14 18:00";"1,513";"4,000";"1,574";"3,2"
"2024-02-14 19:00";"1,537";"3,4";"1,7";"3,1"
"2024-02-14 20:00";"1,565";"3,000";"1,612";"3,000"
"2024-02-14 21:00";"2,134";"2,6";"1,493";"2,8"
"2024-02-14 22:00";"2,187";"2,000";"1,468";"2,6"
"2024-02-14 23:00";"1,5";"1,6";"1,49";"2,4"
"2024-02-15 00:00";"1,511";"1,3";"1,501";"2,6"
"2024-02-15 01:00";"2,186";"1,000";"1,514";"2,6"
"2024-02-15 02:00";"2,481";"1,000";"2,457";"2,6"
"2024-02-15 03:00";"2,487";"1,3";"2,489";"2,6"
"2024-02-15 04:00";"1,671";"1,3";"1,528";"2,6"
"2024-02-15 05:00";"1,522";"1,6";"1,498";"2,6"
"2024-02-15 06:00";"1,557";"1,9";"1,535";"2,5"
"2024-02-15 07:00";"1,571";"2,1";"1,535";"2,4"
"2024-02-15 08:00";"1,549";"2,5";"1,511";"2,4"
"2024-02-15 09:00";"1,501";"2,7";"1,534";"2,4"
"2024-02-15 10:00";"1,519";"2,9";"1,611";"2,5"
"2024-02-15 11:00";"1,516";"3,3";"1,589";"3,5"
"2024-02-15 12:00";"1,494";"3,6";"1,554";"4,2"
"2024-02-15 13:00";"2,194";"4,000";"1,498";"4,000"
"2024-02-15 14:00";"1,503";"4,2";"1,585";"3,8"
"2024-02-15 15:00";"1,459";"4,1";"1,613";"3,3"
"2024-02-15 16:00";"1,553";"4,3";"1,774";"2,5"
"2024-02-15 17:00";"1,748";"4,5";"3,204";"0,6"
"2024-02-15 18:00";"1,425";"4,6";"1,989";"-0,9"
"2024-02-15 19:00";"1,433";"4,4";"1,807";"-1,6"
"2024-02-15 20:00";"1,54";"4,5";"2,625";"-1,5"
"2024-02-15 21:00";"1,371";"4,6";"2,597";"-1,2"
"2024-02-15 22:00";"1,357";"5,1";"2,573";"-0,9"
"2024-02-15 23:00";"1,29";"5,6";"2,551";"-1,1"
"2024-02-16 00:00";"1,278";"5,9";"2,193";"-1,2"
"2024-02-16 01:00";"1,259";"5,8";"1,557";"-1,1"
"2024-02-16 02:00";"2,257";"5,7";"1,543";"-1,000"
"2024-02-16 03:00";"2,25";"5,9";"1,529";"-0,8"
"2024-02-16 04:00";"2,248";"6,1";"1,547";"-0,6"
"2024-02-16 05:00";"1,748";"5,8";"1,562";"-0,5"
"2024-02-16 06:00";"1,645";"5,6";"1,566";"-0,3"
"2024-02-16 07:00";"1,219";"5,5";"2,074";"-0,4"
"2024-02-16 08:00";"1,212";"5,4";"2,354";"-0,2"
"2024-02-16 09:00";"1,215";"5,2";"1,661";"0,1"
"2024-02-16 10:00";"1,167";"5,2";"1,601";"0,6"
"2024-02-16 11:00";"1,164";"9,3";"1,605";"0,8"
"2024-02-16 12:00";"1,081";"10,4";"1,587";"1,3"
"2024-02-16 13:00";"1,076";"9,9";"1,588";"1,8"
"2024-02-16 14:00";"1,077";"10,000";"1,624";"2,000"
"2024-02-16 15:00";"1,03";"10,000";"1,659";"2,1"
"2024-02-16 16:00";"1,073";"9,7";"1,64";"1,9"
"2024-02-16 17:00";"1,264";"9,8";"1,62";"1,7"
"2024-02-16 18:00";"1,14";"10,1";"1,621";"1,5"
"2024-02-16 19:00";"1,165";"9,2";"1,852";"1,6"
"2024-02-16 20:00";"1,278";"7,4";"1,669";"1,7"
"2024-02-16 21:00";"1,199";"7,000";"1,518";"1,6"
"2024-02-16 22:00";"1,067";"6,7";"1,512";"1,4"
"2024-02-16 23:00";"1,086";"7,2";"1,481";"1,2"
"2024-02-17 00:00";"1,113";"6,5";"1,485";"1,000"
"2024-02-17 01:00";"1,09";"5,9";"1,488";"1,000"
"2024-02-17 02:00";"2,095";"5,9";"2,452";"1,1"
"2024-02-17 03:00";"1,631";"5,7";"2,424";"1,3"
"2024-02-17 04:00";"1,125";"4,8";"1,454";"1,6"
"2024-02-17 05:00";"1,138";"4,8";"1,422";"2,000"
"2024-02-17 06:00";"1,88";"3,9";"1,399";"2,4"
"2024-02-17 07:00";"1,2";"3,8";"1,503";"2,7"
"2024-02-17 08:00";"1,209";"3,5";"1,437";"3,1"
"2024-02-17 09:00";"1,224";"3,9";"1,376";"3,2"
"2024-02-17 10:00";"1,15";"4,4";"1,355";"3,4"
"2024-02-17 11:00";"1,1";"5,000";"1,382";"3,5"
"2024-02-17 12:00";"1,644";"5,7";"1,367";"3,7"
"2024-02-17 13:00";"0,999";"5,9";"1,345";"3,4"
"2024-02-17 14:00";"0,959";"6,000";"1,365";"3,7"
"2024-02-17 15:00";"0,961";"5,3";"1,429";"4,1"
"2024-02-17 16:00";"1,019";"4,6";"1,458";"8,2"
"2024-02-17 17:00";"1,119";"2,9";"1,452";"8,1"
"2024-02-17 18:00";"1,176";"1,7";"2,438";"7,7"
"2024-02-17 19:00";"1,219";"0,9";"1,894";"7,2"
"2024-02-17 20:00";"1,336";"0,6";"1,492";"7,1"
"2024-02-17 21:00";"1,347";"0,000";"1,45";"7,1"
"2024-02-17 22:00";"1,415";"-1,1";"1,459";"6,9"
"2024-02-17 23:00";"1,358";"-1,2";"1,427";"6,4"
"2024-02-18 00:00";"1,368";"-1,1";"1,427";"6,2"
"2024-02-18 01:00";"1,408";"-2,1";"1,434";"5,9"
"2024-02-18 02:00";"2,328";"-1,9";"1,449";"5,5"
"2024-02-18 03:00";"2,103";"0,5";"1,462";"5,2"
"2024-02-18 04:00";"1,556";"0,4";"1,488";"4,9"
"2024-02-18 05:00";"1,561";"0,000";"1,445";"4,8"
"2024-02-18 06:00";"1,594";"0,1";"1,485";"4,6"
"2024-02-18 07:00";"1,602";"0,3";"1,538";"4,7"
"2024-02-18 08:00";"1,597";"0,9";"1,855";"4,6"
"2024-02-18 09:00";"1,598";"1,6";"2,074";"5,4"
"2024-02-18 10:00";"1,569";"2,7";"1,729";"5,8"
"2024-02-18 11:00";"1,539";"3,6";"1,427";"5,6"
"2024-02-18 12:00";"2,716";"3,8";"2,914";"6,2"
"2024-02-18 13:00";"1,794";"3,6";"2,598";"6,2"
"2024-02-18 14:00";"1,519";"3,2";"1,554";"6,000"
"2024-02-18 15:00";"1,574";"2,9";"1,509";"5,8"
"2024-02-18 16:00";"2,304";"3,1";"2,166";"5,000"
"2024-02-18 17:00";"1,625";"3,5";"2,49";"3,9"
"2024-02-18 18:00";"1,625";"3,8";"2,825";"3,3"
"2024-02-18 19:00";"1,628";"3,9";"2,396";"2,9"
"2024-02-18 20:00";"1,89";"3,9";"2,526";"2,7"
"2024-02-18 21:00";"1,717";"3,8";"2,082";"2,1"
"2024-02-18 22:00";"1,609";"3,7";"1,491";"1,6"
"2024-02-18 23:00";"1,559";"3,6";"1,485";"1,5"
"2024-02-19 00:00";"1,556";"3,2";"1,504";"1,1"
"2024-02-19 01:00";"1,529";"2,8";"1,527";"1,000"
"2024-02-19 02:00";"2,522";"2,7";"1,533";"1,4"
"2024-02-19 03:00";"2,349";"2,5";"1,539";"1,1"
"2024-02-19 04:00";"2,257";"2,3";"1,691";"0,6"
"2024-02-19 05:00";"1,595";"2,4";"1,787";"0,5"
"2024-02-19 06:00";"1,57";"2,4";"1,59";"0,000"
"2024-02-19 07:00";"1,596";"2,000";"2,491";"-0,2"
"2024-02-19 08:00";"1,567";"1,5";"2,663";"0,5"
"2024-02-19 09:00";"1,557";"0,9";"2,56";"1,9"
"2024-02-19 10:00";"1,557";"0,7";"2,135";"3,6"
"2024-02-19 11:00";"1,52";"1,7";"1,518";"4,1"
"2024-02-19 12:00";"1,547";"2,7";"1,452";"4,8"
"2024-02-19 13:00";"1,53";"3,1";"1,351";"5,000"
"2024-02-19 14:00";"1,64";"3,1";"1,314";"5,2"
"2024-02-19 15:00";"2,088";"3,1";"1,335";"5,4"
"2024-02-19 16:00";"1,506";"2,7";"1,316";"5,000"
"2024-02-19 17:00";"1,569";"2,5";"1,357";"4,6"
"2024-02-19 18:00";"1,544";"2,6";"1,388";"4,5"
"2024-02-19 19:00";"1,515";"3,5";"1,412";"4,1"
"2024-02-19 20:00";"2,026";"4,5";"1,486";"3,7"
"2024-02-19 21:00";"1,509";"4,8";"1,482";"3,4"
"2024-02-19 22:00";"1,999";"4,9";"1,5";"3,000"
"2024-02-19 23:00";"1,487";"5,2";"1,532";"2,7"
"2024-02-20 00:00";"1,421";"5,2";"1,483";"2,7"
"2024-02-20 01:00";"1,84";"4,9";"1,538";"2,5"
"2024-02-20 02:00";"2,722";"4,5";"2,349";"2,1"
"2024-02-20 03:00";"1,866";"4,000";"1,511";"2,1"
"2024-02-20 04:00";"1,431";"3,5";"1,492";"1,9"
"2024-02-20 05:00";"1,479";"3,2";"1,494";"1,6"
"2024-02-20 06:00";"1,476";"3,1";"1,486";"2,000"
"2024-02-20 07:00";"1,462";"2,8";"1,488";"3,7"
"2024-02-20 08:00";"1,445";"4,8";"1,501";"6,2"
"2024-02-20 09:00";"1,441";"5,000";"1,521";"6,7"
"2024-02-20 10:00";"1,441";"5,3";"1,5";"6,6"
"2024-02-20 11:00";"1,401";"5,7";"1,572";"5,6"
"2024-02-20 12:00";"1,416";"6,4";"1,676";"3,6"
"2024-02-20 13:00";"1,462";"6,7";"1,678";"3,9"
"2024-02-20 14:00";"2,568";"6,9";"1,65";"6,8"
"2024-02-20 15:00";"1,684";"6,9";"1,587";"7,3"
"2024-02-20 16:00";"1,487";"6,2";"1,573";"7,000"
"2024-02-20 17:00";"1,474";"5,2";"1,657";"6,6"
"2024-02-20 18:00";"2,013";"4,7";"1,633";"6,3"
"2024-02-20 19:00";"1,556";"5,5";"1,639";"6,2"
"2024-02-20 20:00";"1,543";"5,6";"1,64";"6,000"
"2024-02-20 21:00";"1,392";"5,4";"1,657";"6,1"
"2024-02-20 22:00";"1,353";"5,2";"1,658";"6,000"
"2024-02-20 23:00";"1,309";"6,1";"1,498";"5,8"
"2024-02-21 00:00";"1,302";"5,7";"1,476";"5,6"
"2024-02-21 01:00";"1,321";"5,7";"1,494";"5,6"
"2024-02-21 02:00";"2,299";"5,2";"2,47";"6,000"
"2024-02-21 03:00";"2,316";"4,8";"2,312";"5,9"
"2024-02-21 04:00";"2,322";"4,9";"1,503";"5,8"
"2024-02-21 05:00";"2,2";"4,5";"1,485";"5,7"
"2024-02-21 06:00";"1,369";"4,7";"1,511";"5,4"
"2024-02-21 07:00";"1,315";"4,8";"1,511";"5,1"
"2024-02-21 08:00";"1,307";"5,5";"1,506";"5,3"
"2024-02-21 09:00";"1,333";"5,8";"1,453";"5,9"
"2024-02-21 10:00";"1,333";"4,6";"1,42";"6,7"
"2024-02-21 11:00";"1,364";"5,2";"1,39";"7,3"
"2024-02-21 12:00";"1,328";"6,3";"1,325";"7,6"
"2024-02-21 13:00";"1,319";"6,7";"1,32";"8,1"
"2024-02-21 14:00";"1,338";"7,4";"1,308";"7,9"
"2024-02-21 15:00";"1,247";"7,5";"1,257";"7,8"
"2024-02-21 16:00";"1,278";"6,7";"1,294";"6,8"
"2024-02-21 17:00";"1,326";"5,1";"1,31";"5,1"
"2024-02-21 18:00";"1,335";"5,000";"1,367";"3,4"
"2024-02-21 19:00";"2,149";"4,3";"1,506";"2,1"
"2024-02-21 20:00";"1,412";"4,6";"1,494";"1,9"
"2024-02-21 21:00";"1,32";"4,8";"1,47";"2,2"
"2024-02-21 22:00";"1,308";"4,7";"1,488";"2,4"
"2024-02-21 23:00";"1,336";"5,4";"1,506";"2,000"
"2024-02-22 00:00";"1,318";"5,9";"1,548";"1,5"
"2024-02-22 01:00";"1,321";"5,8";"1,551";"0,9"
"2024-02-22 02:00";"2,302";"6,000";"2,514";"0,7"
"2024-02-22 03:00";"1,623";"5,8";"2,381";"0,3"
"2024-02-22 04:00";"1,37";"5,5";"1,627";"0,5"
"2024-02-22 05:00";"1,34";"5,8";"1,651";"0,9"
"2024-02-22 06:00";"1,353";"5,6";"1,655";"0,9"
"2024-02-22 07:00";"1,435";"5,2";"1,681";"0,8"
"2024-02-22 08:00";"1,78";"5,000";"1,669";"1,8"
"2024-02-22 09:00";"1,651";"5,1";"1,752";"2,5"
"2024-02-22 10:00";"1,372";"5,2";"1,713";"3,3"
"2024-02-22 11:00";"1,34";"5,1";"1,689";"4,3"
"2024-02-22 12:00";"1,355";"5,000";"1,762";"4,2"
"2024-02-22 13:00";"1,363";"4,9";"1,665";"4,9"
"2024-02-22 14:00";"1,358";"4,5";"1,632";"4,8"
"2024-02-22 15:00";"1,345";"4,4";"1,613";"4,4"
"2024-02-22 16:00";"1,345";"4,000";"1,561";"3,8"
"2024-02-22 17:00";"1,371";"3,6";"1,64";"3,000"
"2024-02-22 18:00";"1,337";"3,1";"1,615";"2,6"
"2024-02-22 19:00";"1,498";"2,8";"1,651";"2,4"
"2024-02-22 20:00";"1,92";"2,8";"1,661";"2,2"
"2024-02-22 21:00";"1,84";"2,8";"1,679";"2,1"
"2024-02-22 22:00";"1,328";"2,8";"2,693";"2,1"
"2024-02-22 23:00";"1,273";"3,1";"2,581";"2,2"
"2024-02-23 00:00";"1,328";"3,7";"2,575";"2,4"
"2024-02-23 01:00";"1,297";"3,8";"2,542";"3,2"
"2024-02-23 02:00";"2,268";"4,9";"2,115";"3,1"
"2024-02-23 03:00";"1,959";"7,8";"1,599";"2,8"
"2024-02-23 04:00";"1,291";"8,1";"1,571";"2,7"
"2024-02-23 05:00";"1,328";"6,3";"1,578";"2,6"
"2024-02-23 06:00";"1,335";"5,8";"1,572";"2,5"
"2024-02-23 07:00";"1,351";"5,5";"1,564";"2,5"
"2024-02-23 08:00";"1,383";"5,7";"2,117";"2,5"
"2024-02-23 09:00";"1,361";"6,2";"1,789";"2,8"
"2024-02-23 10:00";"2,07";"6,3";"1,691";"3,2"
"2024-02-23 11:00";"1,405";"6,2";"1,651";"3,2"
"2024-02-23 12:00";"1,337";"6,3";"1,78";"3,000"
"2024-02-23 13:00";"1,292";"6,7";"1,644";"2,6"
"2024-02-23 14:00";"1,203";"7,4";"1,63";"1,8"
"2024-02-23 15:00";"1,185";"7,4";"2,446";"1,1"
"2024-02-23 16:00";"1,238";"7,000";"2,303";"0,9"
"2024-02-23 17:00";"1,249";"6,5";"2,185";"0,8"
"2024-02-23 18:00";"1,391";"6,5";"2,011";"0,9"
"2024-02-23 19:00";"1,283";"5,8";"2,394";"1,1"
"2024-02-23 20:00";"1,335";"6,000";"1,704";"1,3"
"2024-02-23 21:00";"1,474";"6,000";"1,56";"1,1"
"2024-02-23 22:00";"1,424";"6,000";"1,484";"0,4"
"2024-02-23 23:00";"1,846";"5,6";"1,491";"0,8"
"2024-02-24 00:00";"1,342";"4,9";"1,52";"2,2"
"2024-02-24 01:00";"1,892";"4,1";"1,527";"1,9"
"2024-02-24 02:00";"2,682";"3,2";"2,52";"1,8"
"2024-02-24 03:00";"2,085";"3,000";"2,558";"1,7"
"2024-02-24 04:00";"1,34";"2,6";"1,6";"2,1"
"2024-02-24 05:00";"1,37";"2,5";"1,566";"2,4"
"2024-02-24 06:00";"1,383";"2,5";"1,568";"2,6"
"2024-02-24 07:00";"1,431";"2,2";"1,716";"1,8"
"2024-02-24 08:00";"1,519";"2,5";"1,644";"1,3"
"2024-02-24 09:00";"1,398";"3,5";"1,715";"0,5"
"2024-02-24 10:00";"1,388";"5,4";"1,71";"0,3"
"2024-02-24 11:00";"1,232";"7,1";"1,804";"0,7"
"2024-02-24 12:00";"2,133";"8,8";"1,84";"1,4"
"2024-02-24 13:00";"1,348";"9,000";"1,851";"1,7"
"2024-02-24 14:00";"0,905";"8,8";"1,881";"3,3"
"2024-02-24 15:00";"0,942";"8,2";"2,549";"2,4"
"2024-02-24 16:00";"1,043";"7,1";"1,848";"2,000"
"2024-02-24 17:00";"1,112";"6,2";"1,813";"2,1"
"2024-02-24 18:00";"1,146";"5,4";"1,831";"1,9"
"2024-02-24 19:00";"1,141";"5,3";"2,226";"1,3"
"2024-02-24 20:00";"1,15";"4,9";"2,399";"0,4"
"2024-02-24 21:00";"1,803";"4,5";"1,79";"-0,3"
"2024-02-24 22:00";"1,137";"4,5";"1,819";"-0,2"
"2024-02-24 23:00";"1,173";"4,3";"1,761";"0,5"
"2024-02-25 00:00";"1,19";"4,000";"2,537";"0,7"
"2024-02-25 01:00";"1,193";"2,6";"2,644";"-0,1"
"2024-02-25 02:00";"2,066";"2,2";"2,606";"-0,4"
"2024-02-25 03:00";"1,243";"2,8";"2,609";"-0,9"
"2024-02-25 04:00";"1,274";"3,4";"2,611";"-0,7"
"2024-02-25 05:00";"1,292";"3,1";"2,621";"-0,9"
"2024-02-25 06:00";"1,318";"2,3";"2,123";"-1,000"
"2024-02-25 07:00";"1,396";"2,2";"1,708";"-0,6"
"2024-02-25 08:00";"1,375";"3,3";"1,88";"-0,4"
"2024-02-25 09:00";"1,259";"4,5";"1,739";"-0,3"
"2024-02-25 10:00";"1,373";"5,1";"1,822";"-0,2"
"2024-02-25 11:00";"2,025";"6,1";"3,146";"0,2"
"2024-02-25 12:00";"1,914";"7,000";"3,44";"0,4"
"2024-02-25 13:00";"1,208";"7,6";"3,163";"0,5"
"2024-02-25 14:00";"1,156";"7,6";"2,103";"0,7"
"2024-02-25 15:00";"1,12";"7,3";"1,855";"0,8"
"2024-02-25 16:00";"1,421";"6,2";"2,156";"0,9"
"2024-02-25 17:00";"1,229";"5,7";"2,26";"0,6"
"2024-02-25 18:00";"1,222";"5,3";"2,132";"0,3"
"2024-02-25 19:00";"1,633";"4,7";"2,138";"0,2"
"2024-02-25 20:00";"1,451";"4,3";"2,535";"-0,2"
"2024-02-25 21:00";"1,337";"4,4";"2,199";"-0,7"
"2024-02-25 22:00";"1,311";"3,8";"2,072";"-0,9"
"2024-02-25 23:00";"1,252";"3,4";"1,884";"-1,2"
"2024-02-26 00:00";"1,269";"3,2";"1,884";"-1,6"
"2024-02-26 01:00";"1,238";"3,4";"1,916";"-2,1"
"2024-02-26 02:00";"2,251";"3,4";"1,903";"-2,2"
"2024-02-26 03:00";"1,421";"2,6";"1,937";"-2,5"
"2024-02-26 04:00";"1,345";"2,1";"1,955";"-2,8"
"2024-02-26 05:00";"1,363";"0,8";"2,342";"-2,8"
"2024-02-26 06:00";"1,394";"1,6";"2,343";"-2,8"
"2024-02-26 07:00";"1,415";"1,6";"2,069";"-2,5"
"2024-02-26 08:00";"2,057";"1,3";"1,962";"-1,4"
"2024-02-26 09:00";"1,362";"2,1";"1,829";"-0,3"
"2024-02-26 10:00";"1,224";"3,5";"1,705";"0,9"
"2024-02-26 11:00";"1,166";"5,5";"1,618";"1,9"
"2024-02-26 12:00";"1,139";"7,1";"2,564";"2,7"
"2024-02-26 13:00";"1,122";"7,7";"2,516";"3,3"
"2024-02-26 14:00";"1,127";"7,8";"1,906";"3,2"
"2024-02-26 15:00";"1,147";"8,1";"1,578";"3,000"
"2024-02-26 16:00";"1,107";"7,5";"1,681";"2,5"
"2024-02-26 17:00";"1,189";"5,6";"1,641";"1,4"
"2024-02-26 18:00";"1,174";"4,000";"2,32";"0,6"
"2024-02-26 19:00";"1,215";"3,000";"1,928";"0,4"
"2024-02-26 20:00";"1,242";"1,8";"2,437";"-0,1"
"2024-02-26 21:00";"1,309";"1,000";"2,204";"-0,8"
"2024-02-26 22:00";"1,29";"0,5";"1,711";"-1,7"
"2024-02-26 23:00";"1,304";"-1,2";"1,768";"-2,4"
"2024-02-27 00:00";"1,352";"-1,4";"1,808";"-2,5"
"2024-02-27 01:00";"2,029";"-1,2";"1,829";"-2,9"
"2024-02-27 02:00";"2,378";"-1,6";"2,765";"-3,1"
"2024-02-27 03:00";"2,41";"-1,9";"2,795";"-2,7"
"2024-02-27 04:00";"1,469";"-2,000";"1,879";"-3,8"
"2024-02-27 05:00";"1,505";"-2,4";"1,869";"-3,7"
"2024-02-27 06:00";"1,541";"-2,7";"1,908";"-2,6"
"2024-02-27 07:00";"1,581";"-3,1";"1,93";"-2,1"
"2024-02-27 08:00";"1,579";"-3,1";"1,834";"-1,4"
"2024-02-27 09:00";"1,549";"-3,2";"1,741";"0,1"
"2024-02-27 10:00";"1,592";"-3,4";"1,68";"1,3"
"2024-02-27 11:00";"1,568";"-3,2";"1,632";"3,000"
"2024-02-27 12:00";"2,234";"-3,000";"1,564";"4,7"
"2024-02-27 13:00";"1,59";"-2,9";"1,559";"4,8"
"2024-02-27 14:00";"1,555";"-2,7";"1,547";"4,2"
"2024-02-27 15:00";"1,569";"-2,5";"1,551";"4,5"
"2024-02-27 16:00";"1,569";"-2,4";"1,558";"4,3"
"2024-02-27 17:00";"2,44";"-2,3";"1,576";"2,9"
"2024-02-27 18:00";"1,666";"-2,1";"1,59";"2,4"
"2024-02-27 19:00";"1,579";"-2,2";"2,146";"1,7"
"2024-02-27 20:00";"1,607";"-2,2";"1,717";"1,4"
"2024-02-27 21:00";"1,626";"-2,4";"1,665";"0,4"
"2024-02-27 22:00";"2,327";"-2,7";"1,69";"-0,3"
"2024-02-27 23:00";"1,732";"-3,000";"1,712";"-0,9"
"2024-02-28 00:00";"1,693";"-3,1";"1,682";"-1,4"
"2024-02-28 01:00";"1,706";"-3,000";"1,682";"-1,8"
"2024-02-28 02:00";"2,652";"-2,9";"2,66";"-2,8"
"2024-02-28 03:00";"2,138";"-2,8";"2,59";"-3,6"
"2024-02-28 04:00";"1,72";"-2,6";"1,597";"-3,4"
"2024-02-28 05:00";"1,721";"-2,2";"1,615";"-3,3"
"2024-02-28 06:00";"1,723";"-2,1";"1,63";"-3,8"
"2024-02-28 07:00";"1,86";"-2,000";"1,632";"-3,4"
"2024-02-28 08:00";"2,215";"-1,8";"1,663";"-3,3"
"2024-02-28 09:00";"1,625";"1,2";"1,541";"-2,9"
"2024-02-28 10:00";"1,567";"2,9";"1,5";"-1,4"
"2024-02-28 11:00";"1,547";"3,9";"1,469";"0,5"
"2024-02-28 12:00";"1,544";"4,000";"1,428";"3,5"
"2024-02-28 13:00";"1,521";"3,8";"1,336";"5,6"
"2024-02-28 14:00";"1,538";"4,2";"1,278";"6,3"
"2024-02-28 15:00";"1,606";"4,5";"1,307";"6,5"
"2024-02-28 16:00";"1,529";"4,3";"1,321";"5,9"
"2024-02-28 17:00";"1,541";"4,3";"1,378";"3,9"
"2024-02-28 18:00";"1,519";"4,2";"1,884";"1,5"
"2024-02-28 19:00";"2,244";"4,000";"1,511";"0,2"
"2024-02-28 20:00";"1,614";"3,8";"1,533";"-1,000"
"2024-02-28 21:00";"1,577";"3,5";"1,459";"-2,3"
"2024-02-28 22:00";"1,529";"3,3";"1,49";"-2,8"
"2024-02-28 23:00";"1,557";"3,5";"1,497";"-3,4"
"2024-02-29 00:00";"1,502";"3,6";"-";"-"
"2024-02-29 01:00";"1,533";"3,5";"-";"-"
"2024-02-29 02:00";"2,521";"3,6";"-";"-"
"2024-02-29 03:00";"1,945";"3,8";"-";"-"
"2024-02-29 04:00";"1,576";"4,000";"-";"-"
"2024-02-29 05:00";"2,189";"3,9";"-";"-"
"2024-02-29 06:00";"1,573";"3,7";"-";"-"
"2024-02-29 07:00";"1,589";"3,3";"-";"-"
"2024-02-29 08:00";"1,549";"3,7";"-";"-"
"2024-02-29 09:00";"1,472";"4,8";"-";"-"
"2024-02-29 10:00";"1,477";"5,5";"-";"-"
"2024-02-29 11:00";"1,441";"5,9";"-";"-"
"2024-02-29 12:00";"1,404";"6,7";"-";"-"
"2024-02-29 13:00";"1,319";"7,2";"-";"-"
"2024-02-29 14:00";"1,211";"6,9";"-";"-"
"2024-02-29 15:00";"1,261";"6,3";"-";"-"
"2024-02-29 16:00";"1,412";"5,2";"-";"-"
"2024-02-29 17:00";"1,412";"4,2";"-";"-"
"2024-02-29 18:00";"1,464";"3,8";"-";"-"
"2024-02-29 19:00";"1,645";"3,9";"-";"-"
"2024-02-29 20:00";"2,635";"4,3";"-";"-"
"2024-02-29 21:00";"1,356";"4,6";"-";"-"
"2024-02-29 22:00";"1,347";"4,3";"-";"-"
"2024-02-29 23:00";"1,356";"3,9";"-";"-"
"2024-03-01 00:00";"1,359";"3,7";"1,539";"-3,7"
"2024-03-01 01:00";"1,391";"4,1";"1,56";"-3,4"
"2024-03-01 02:00";"2,362";"4,5";"2,561";"-3,3"
"2024-03-01 03:00";"2,364";"4,7";"2,541";"-3,5"
"2024-03-01 04:00";"2,366";"5,1";"1,625";"-4,4"
"2024-03-01 05:00";"2,278";"5,3";"1,653";"-5,4"
"2024-03-01 06:00";"1,389";"5,4";"1,707";"-5,1"
"2024-03-01 07:00";"1,464";"5,6";"1,681";"-5,000"
"2024-03-01 08:00";"1,392";"5,3";"1,609";"-4,7"
"2024-03-01 09:00";"2,085";"4,4";"1,427";"-4,000"
"2024-03-01 10:00";"1,415";"4,4";"1,3";"-2,4"
"2024-03-01 11:00";"1,399";"5,3";"1,271";"-8,000"
"2024-03-01 12:00";"1,378";"5,8";"1,257";"0,1"
"2024-03-01 13:00";"1,403";"5,9";"1,243";"5,2"
"2024-03-01 14:00";"1,31";"6,000";"1,22";"12,3"
"2024-03-01 15:00";"1,393";"6,000";"1,191";"7,8"
"2024-03-01 16:00";"1,381";"6,4";"1,353";"7,000"
"2024-03-01 17:00";"2,125";"6,1";"1,344";"5,000"
"2024-03-01 18:00";"2,227";"5,5";"1,375";"2,6"
"2024-03-01 19:00";"1,598";"5,000";"1,462";"1,000"
"2024-03-01 20:00";"1,54";"4,5";"1,518";"0,4"
"2024-03-01 21:00";"1,392";"4,8";"1,495";"-1,2"
"2024-03-01 22:00";"1,374";"5,2";"1,415";"-2,4"
"2024-03-01 23:00";"1,348";"5,6";"1,497";"-2,9"
"2024-03-02 00:00";"1,333";"5,5";"1,492";"-3,6"
"2024-03-02 01:00";"2,022";"5,3";"1,536";"-4,2"
"2024-03-02 02:00";"2,308";"5,3";"2,515";"-4,6"
"2024-03-02 03:00";"1,588";"5,9";"2,553";"-5,000"
"2024-03-02 04:00";"1,311";"6,4";"1,573";"-5,4"
"2024-03-02 05:00";"1,292";"6,1";"1,586";"-6,1"
"2024-03-02 06:00";"1,31";"5,9";"1,569";"-6,1"
"2024-03-02 07:00";"1,328";"5,7";"1,623";"-5,9"
"2024-03-02 08:00";"1,328";"5,8";"1,655";"-6,000"
"2024-03-02 09:00";"1,58";"6,1";"1,544";"-2,000"
"2024-03-02 10:00";"1,423";"6,3";"1,391";"2,9"
"2024-03-02 11:00";"1,334";"6,000";"1,364";"5,2"
"2024-03-02 12:00";"1,852";"5,5";"1,312";"6,4"
"2024-03-02 13:00";"1,272";"5,3";"1,239";"6,5"
"2024-03-02 14:00";"1,248";"4,5";"1,177";"7,6"
"2024-03-02 15:00";"1,285";"3,7";"1,144";"7,7"
"2024-03-02 16:00";"1,256";"3,6";"1,137";"6,000"
"2024-03-02 17:00";"1,603";"3,7";"1,166";"3,6"
"2024-03-02 18:00";"2,062";"4,1";"2,138";"2,8"
"2024-03-02 19:00";"1,22";"3,9";"1,297";"1,4"
"2024-03-02 20:00";"1,228";"3,9";"1,811";"-0,1"
"2024-03-02 21:00";"1,23";"4,4";"1,765";"-0,8"
"2024-03-02 22:00";"1,196";"7,2";"1,507";"-1,7"
"2024-03-02 23:00";"1,22";"7,8";"1,311";"-2,7"
"2024-03-03 00:00";"1,239";"7,1";"1,392";"-3,4"
"2024-03-03 01:00";"1,254";"6,8";"1,377";"-3,2"
"2024-03-03 02:00";"2,242";"6,3";"2,403";"-3,3"
"2024-03-03 03:00";"1,463";"5,4";"2,434";"-4,4"
"2024-03-03 04:00";"1,309";"4,6";"1,459";"-4,4"
"2024-03-03 05:00";"1,342";"4,6";"1,469";"-4,8"
"2024-03-03 06:00";"1,368";"4,8";"1,475";"-5,3"
"2024-03-03 07:00";"1,382";"4,8";"1,624";"-4,3"
"2024-03-03 08:00";"1,421";"5,2";"1,581";"-2,7"
"2024-03-03 09:00";"1,434";"5,4";"1,518";"-2,1"
"2024-03-03 10:00";"2,087";"6,000";"1,515";"-1,4"
"2024-03-03 11:00";"1,448";"6,3";"1,511";"-1,2"
"2024-03-03 12:00";"2,411";"6,7";"1,517";"-0,8"
"2024-03-03 13:00";"1,891";"6,8";"1,521";"-0,8"
"2024-03-03 14:00";"1,595";"6,6";"1,521";"-1,000"
"2024-03-03 15:00";"1,414";"6,9";"1,544";"2,2"
"2024-03-03 16:00";"1,407";"6,8";"1,529";"3,2"
"2024-03-03 17:00";"1,571";"6,8";"1,93";"2,9"
"2024-03-03 18:00";"1,585";"5,7";"1,899";"2,8"
"2024-03-03 19:00";"1,508";"5,1";"1,698";"3,1"
"2024-03-03 20:00";"1,568";"4,7";"1,603";"3,6"
"2024-03-03 21:00";"1,593";"4,5";"1,663";"3,2"
"2024-03-03 22:00";"1,578";"4,3";"1,626";"2,3"
"2024-03-03 23:00";"1,61";"4,2";"1,559";"2,000"
"2024-03-04 00:00";"2,262";"4,1";"1,742";"1,4"
"2024-03-04 01:00";"1,594";"4,1";"1,718";"1,1"
"2024-03-04 02:00";"2,622";"3,9";"1,733";"0,7"
"2024-03-04 03:00";"2,598";"3,8";"1,721";"-0,3"
"2024-03-04 04:00";"1,67";"3,6";"1,715";"-1,3"
"2024-03-04 05:00";"1,687";"3,6";"1,717";"-1,000"
"2024-03-04 06:00";"1,704";"3,5";"1,687";"-1,1"
"2024-03-04 07:00";"1,729";"3,7";"1,733";"-2,000"
"2024-03-04 08:00";"1,63";"4,2";"1,686";"-0,9"
"2024-03-04 09:00";"1,93";"4,7";"2,18";"2,4"
"2024-03-04 10:00";"1,788";"5,3";"1,583";"2,7"
"2024-03-04 11:00";"1,458";"6,2";"1,515";"3,3"
"2024-03-04 12:00";"1,355";"6,7";"2,363";"3,4"
"2024-03-04 13:00";"1,338";"7,1";"2,881";"3,4"
"2024-03-04 14:00";"1,276";"6,9";"1,363";"3,4"
"2024-03-04 15:00";"1,248";"6,7";"1,283";"3,1"
"2024-03-04 16:00";"1,276";"6,3";"1,838";"2,3"
"2024-03-04 17:00";"1,59";"5,4";"1,599";"1,1"
"2024-03-04 18:00";"1,431";"4,3";"1,567";"-0,2"
"2024-03-04 19:00";"1,435";"3,8";"1,483";"-0,8"
"2024-03-04 20:00";"1,355";"3,5";"1,97";"-0,9"
"2024-03-04 21:00";"1,422";"3,000";"2,021";"-1,2"
"2024-03-04 22:00";"1,428";"2,5";"1,515";"-0,2"
"2024-03-04 23:00";"2,202";"2,2";"1,525";"0,1"
"2024-03-05 00:00";"1,526";"1,3";"1,542";"-0,4"
"2024-03-05 01:00";"1,558";"0,8";"1,561";"-1,1"
"2024-03-05 02:00";"2,55";"0,9";"1,614";"-1,2"
"2024-03-05 03:00";"1,949";"0,8";"1,59";"-0,5"
"2024-03-05 04:00";"1,658";"0,4";"1,638";"-1,8"
"2024-03-05 05:00";"1,626";"0,3";"1,629";"-2,5"
"2024-03-05 06:00";"1,69";"0,7";"1,632";"-3,7"
"2024-03-05 07:00";"2,2";"0,9";"1,661";"-4,000"
"2024-03-05 08:00";"1,872";"1,5";"1,627";"-1,3"
"2024-03-05 09:00";"1,613";"2,5";"1,595";"1,3"
"2024-03-05 10:00";"1,629";"2,7";"2,328";"1,9"
"2024-03-05 11:00";"1,691";"3,3";"2,315";"2,3"
"2024-03-05 12:00";"1,652";"4,3";"2,878";"2,6"
"2024-03-05 13:00";"1,584";"6,1";"2,299";"2,6"
"2024-03-05 14:00";"1,51";"6,6";"2,248";"2,8"
"2024-03-05 15:00";"1,5";"6,4";"2,587";"2,4"
"2024-03-05 16:00";"1,68";"5,7";"1,374";"1,8"
"2024-03-05 17:00";"2,079";"4,7";"1,34";"0,7"
"2024-03-05 18:00";"1,547";"3,2";"1,505";"-0,8"
"2024-03-05 19:00";"1,66";"3,000";"1,671";"-1,7"
"2024-03-05 20:00";"1,64";"2,9";"1,766";"-2,000"
"2024-03-05 21:00";"1,598";"1,6";"1,684";"-1,6"
"2024-03-05 22:00";"1,634";"1,2";"1,665";"-2,3"
"2024-03-05 23:00";"1,62";"1,3";"1,678";"-2,6"
"2024-03-06 00:00";"1,629";"1,5";"1,719";"-3,000"
"2024-03-06 01:00";"2,287";"1,8";"1,814";"-3,2"
"2024-03-06 02:00";"2,689";"2,4";"2,762";"-4,1"
"2024-03-06 03:00";"2,659";"2,8";"2,838";"-5,1"
"2024-03-06 04:00";"1,697";"2,8";"1,876";"-5,2"
"2024-03-06 05:00";"1,672";"2,7";"1,878";"-5,000"
"2024-03-06 06:00";"1,699";"2,8";"2,001";"-4,6"
"2024-03-06 07:00";"1,706";"2,9";"1,95";"-3,3"
"2024-03-06 08:00";"1,7";"2,8";"1,853";"-0,9"
"2024-03-06 09:00";"1,863";"2,8";"1,603";"1,1"
"2024-03-06 10:00";"2,236";"3,2";"1,461";"2,000"
"2024-03-06 11:00";"1,721";"3,7";"1,47";"2,2"
"2024-03-06 12:00";"1,692";"3,8";"1,419";"2,1"
"2024-03-06 13:00";"1,678";"4,000";"1,433";"2,1"
"2024-03-06 14:00";"1,665";"4,5";"1,38";"2,2"
"2024-03-06 15:00";"1,611";"5,2";"1,381";"2,4"
"2024-03-06 16:00";"1,65";"5,3";"1,453";"2,2"
"2024-03-06 17:00";"1,678";"4,000";"1,491";"1,000"
"2024-03-06 18:00";"2,094";"2,6";"1,583";"0,000"
"2024-03-06 19:00";"2,055";"1,7";"1,625";"-1,1"
"2024-03-06 20:00";"1,74";"1,000";"1,666";"-1,4"
"2024-03-06 21:00";"1,762";"0,1";"1,695";"-1,5"
"2024-03-06 22:00";"1,779";"-0,5";"1,784";"-1,4"
"2024-03-06 23:00";"1,777";"0,6";"1,794";"-1,000"
"2024-03-07 00:00";"1,757";"0,3";"1,813";"-0,9"
"2024-03-07 01:00";"1,783";"0,4";"1,798";"-1,1"
"2024-03-07 02:00";"3,445";"0,2";"2,748";"-0,1"
"2024-03-07 03:00";"2,238";"0,1";"2,709";"1,4"
"2024-03-07 04:00";"1,837";"0,2";"1,685";"1,4"
"2024-03-07 05:00";"1,851";"0,2";"1,689";"-0,9"
"2024-03-07 06:00";"1,868";"-0,2";"1,726";"-3,1"
"2024-03-07 07:00";"1,895";"-0,4";"1,79";"-3,000"
"2024-03-07 08:00";"1,867";"-0,1";"1,799";"-2,2"
"2024-03-07 09:00";"2,441";"0,3";"1,818";"-1,9"
"2024-03-07 10:00";"1,766";"1,7";"1,874";"0,5"
"2024-03-07 11:00";"1,545";"3,8";"1,883";"2,000"
"2024-03-07 12:00";"1,49";"5,1";"1,639";"1,4"
"2024-03-07 13:00";"1,365";"6,4";"1,46";"2,1"
"2024-03-07 14:00";"1,3";"6,6";"1,701";"1,4"
"2024-03-07 15:00";"1,232";"7,1";"1,811";"1,000"
"2024-03-07 16:00";"1,392";"6,6";"1,882";"0,1"
"2024-03-07 17:00";"1,382";"5,8";"2,074";"0,4"
"2024-03-07 18:00";"1,35";"3,5";"2,018";"0,5"
"2024-03-07 19:00";"1,402";"1,8";"1,903";"-0,2"
"2024-03-07 20:00";"1,452";"0,9";"1,98";"-1,1"
"2024-03-07 21:00";"2,186";"-0,1";"1,877";"-1,6"
"2024-03-07 22:00";"1,409";"-1,2";"1,95";"-1,000"
"2024-03-07 23:00";"2,06";"-1,6";"1,954";"-0,8"
"2024-03-08 00:00";"1,565";"-2,6";"1,904";"-0,8"
"2024-03-08 01:00";"1,513";"-2,8";"1,895";"-1,000"
"2024-03-08 02:00";"2,487";"-3,1";"2,882";"-1,4"
"2024-03-08 03:00";"2,516";"-3,7";"2,902";"-1,6"
"2024-03-08 04:00";"2,532";"-2,9";"1,956";"-1,7"
"2024-03-08 05:00";"2,622";"-3,5";"2,591";"-1,6"
"2024-03-08 06:00";"1,796";"-3,7";"1,984";"-1,5"
"2024-03-08 07:00";"1,726";"-2,6";"1,985";"-1,2"
"2024-03-08 08:00";"2,328";"0,1";"1,966";"-0,2"
"2024-03-08 09:00";"1,461";"1,5";"1,837";"0,5"
"2024-03-08 10:00";"1,28";"2,4";"1,725";"0,9"
"2024-03-08 11:00";"1,173";"3,3";"1,649";"1,4"
"2024-03-08 12:00";"1,139";"4,7";"1,616";"1,5"
"2024-03-08 13:00";"1,093";"3,4";"1,6";"2,3"
"2024-03-08 14:00";"1,355";"4,000";"1,573";"2,3"
"2024-03-08 15:00";"1,202";"4,4";"1,923";"2,3"
"2024-03-08 16:00";"1,002";"4,1";"1,575";"2,000"
"2024-03-08 17:00";"1,016";"3,7";"1,604";"1,2"
"2024-03-08 18:00";"1,088";"2,5";"1,814";"-0,7"
"2024-03-08 19:00";"1,16";"2,8";"2,323";"-1,5"
"2024-03-08 20:00";"1,178";"1,9";"2,227";"-2,000"
"2024-03-08 21:00";"1,21";"0,7";"1,598";"-2,6"
"2024-03-08 22:00";"1,278";"-0,5";"2,265";"-3,6"
"2024-03-08 23:00";"1,356";"-0,1";"3,392";"-4,1"
"2024-03-09 00:00";"1,375";"0,000";"2,801";"-4,6"
"2024-03-09 01:00";"1,936";"0,1";"2,865";"-4,1"
"2024-03-09 02:00";"2,627";"-0,1";"2,926";"-3,3"
"2024-03-09 03:00";"1,946";"0,000";"2,95";"-3,6"
"2024-03-09 04:00";"1,591";"0,1";"1,991";"-3,4"
"2024-03-09 05:00";"1,628";"0,1";"2,027";"-3,2"
"2024-03-09 06:00";"1,653";"-0,1";"2,116";"-3,000"
"2024-03-09 07:00";"1,727";"0,4";"2,225";"-2,3"
"2024-03-09 08:00";"2,167";"1,000";"2,136";"-0,8"
"2024-03-09 09:00";"1,74";"1,5";"1,976";"1,1"
"2024-03-09 10:00";"2,095";"2,1";"1,76";"2,6"
"2024-03-09 11:00";"2,131";"2,9";"1,719";"3,000"
"2024-03-09 12:00";"2,564";"2,6";"1,668";"3,1"
"2024-03-09 13:00";"2,079";"2,8";"1,726";"3,3"
"2024-03-09 14:00";"1,342";"2,8";"1,727";"3,2"
"2024-03-09 15:00";"1,403";"2,3";"1,605";"3,000"
"2024-03-09 16:00";"1,422";"1,8";"1,564";"1,5"
"2024-03-09 17:00";"1,475";"1,000";"1,618";"0,4"
"2024-03-09 18:00";"1,566";"0,5";"1,68";"-0,1"
"2024-03-09 19:00";"1,606";"0,8";"1,76";"-0,5"
"2024-03-09 20:00";"1,645";"1,000";"1,795";"-0,8"
"2024-03-09 21:00";"1,749";"1,000";"1,823";"-1,1"
"2024-03-09 22:00";"1,963";"1,1";"1,882";"-1,6"
"2024-03-09 23:00";"2,313";"1,2";"1,894";"-1,5"
"2024-03-10 00:00";"1,757";"1,2";"1,937";"-1,2"
"2024-03-10 01:00";"1,824";"1,1";"1,967";"-1,4"
"2024-03-10 02:00";"2,522";"1,000";"2,95";"-1,7"
"2024-03-10 03:00";"1,913";"1,1";"2,971";"-1,4"
"2024-03-10 04:00";"1,869";"1,000";"2,007";"-1,1"
"2024-03-10 05:00";"2,042";"1,000";"2,049";"-1,000"
"2024-03-10 06:00";"2,594";"1,2";"2,051";"-0,8"
"2024-03-10 07:00";"1,891";"1,3";"2,051";"-0,5"
"2024-03-10 08:00";"1,917";"1,5";"2,043";"0,000"
"2024-03-10 09:00";"1,949";"1,7";"2,023";"0,8"
"2024-03-10 10:00";"2,419";"2,2";"1,93";"2,1"
"2024-03-10 11:00";"2,384";"2,4";"1,918";"2,3"
"2024-03-10 12:00";"3,141";"2,7";"1,914";"2,1"
"2024-03-10 13:00";"3,013";"3,1";"1,903";"2,3"
"2024-03-10 14:00";"2,356";"3,5";"1,887";"2,4"
"2024-03-10 15:00";"2,284";"3,6";"1,902";"2,3"
"2024-03-10 16:00";"2,258";"3,000";"1,892";"2,000"
"2024-03-10 17:00";"2,303";"2,4";"1,927";"1,6"
"2024-03-10 18:00";"2,377";"2,4";"1,931";"1,1"
"2024-03-10 19:00";"2,428";"2,5";"1,987";"1,1"
"2024-03-10 20:00";"2,408";"2,6";"2,017";"0,9"
"2024-03-10 21:00";"2,217";"2,7";"1,984";"0,8"
"2024-03-10 22:00";"2,595";"2,8";"1,986";"0,7"
"2024-03-10 23:00";"1,913";"2,8";"2,152";"0,4"
"2024-03-11 00:00";"1,951";"2,8";"2,552";"0,2"
"2024-03-11 01:00";"1,962";"2,6";"2,013";"-0,1"
"2024-03-11 02:00";"2,813";"2,7";"2,016";"-0,3"
"2024-03-11 03:00";"1,956";"2,8";"2,025";"-0,5"
"2024-03-11 04:00";"1,949";"2,9";"2,006";"-0,9"
"2024-03-11 05:00";"2,62";"2,9";"2,036";"-1,1"
"2024-03-11 06:00";"2,008";"2,9";"2,067";"-1,2"
"2024-03-11 07:00";"2,008";"3,3";"2,048";"-1,4"
"2024-03-11 08:00";"1,981";"4,000";"1,977";"0,000"
"2024-03-11 09:00";"1,819";"4,6";"1,813";"0,8"
"2024-03-11 10:00";"1,733";"4,7";"1,841";"-0,6"
"2024-03-11 11:00";"1,789";"4,6";"1,767";"1,7"
"2024-03-11 12:00";"1,757";"4,2";"2,696";"2,4"
"2024-03-11 13:00";"2,408";"3,8";"2,684";"2,6"
"2024-03-11 14:00";"1,909";"3,5";"1,652";"3,1"
"2024-03-11 15:00";"1,812";"3,1";"1,61";"3,1"
"2024-03-11 16:00";"1,826";"3,1";"1,609";"3,2"
"2024-03-11 17:00";"1,856";"2,8";"1,669";"2,8"
"2024-03-11 18:00";"2,05";"2,7";"1,699";"-0,6"
"2024-03-11 19:00";"1,398";"2,7";"1,796";"-0,5"
"2024-03-11 20:00";"2,214";"2,7";"1,822";"0,7"
"2024-03-11 21:00";"2,278";"2,8";"1,759";"0,7"
"2024-03-11 22:00";"1,75";"2,8";"1,711";"0,6"
"2024-03-11 23:00";"1,582";"2,5";"1,717";"0,4"
"2024-03-12 00:00";"1,634";"2,3";"1,74";"0,4"
"2024-03-12 01:00";"1,701";"2,2";"1,775";"0,3"
"2024-03-12 02:00";"2,654";"2,2";"1,753";"0,2"
"2024-03-12 03:00";"2,634";"2,1";"1,797";"-0,1"
"2024-03-12 04:00";"3,195";"1,9";"1,792";"-0,2"
"2024-03-12 05:00";"1,908";"1,9";"1,828";"0,000"
"2024-03-12 06:00";"1,78";"2,2";"1,809";"-0,1"
"2024-03-12 07:00";"1,743";"2,3";"1,784";"0,2"
"2024-03-12 08:00";"1,753";"2,6";"1,758";"1,1"
"2024-03-12 09:00";"1,747";"2,9";"1,57";"1,7"
"2024-03-12 10:00";"1,731";"3,1";"1,921";"2,3"
"2024-03-12 11:00";"1,812";"3,2";"1,587";"2,7"
"2024-03-12 12:00";"2,281";"3,6";"2,494";"3,1"
"2024-03-12 13:00";"1,701";"3,9";"2,429";"3,2"
"2024-03-12 14:00";"1,668";"4,2";"2,414";"3,2"
"2024-03-12 15:00";"1,629";"4,3";"2,555";"3,4"
"2024-03-12 16:00";"1,625";"4,2";"1,462";"3,000"
"2024-03-12 17:00";"2,377";"3,9";"1,522";"2,5"
"2024-03-12 18:00";"1,579";"3,6";"1,688";"1,9"
"2024-03-12 19:00";"1,536";"3,4";"1,624";"1,6"
"2024-03-12 20:00";"2,234";"3,2";"1,572";"0,1"
"2024-03-12 21:00";"1,571";"3,2";"1,476";"-0,9"
"2024-03-12 22:00";"1,597";"3,000";"1,394";"-0,7"
"2024-03-12 23:00";"1,553";"2,8";"1,413";"-1,3"
"2024-03-13 00:00";"1,574";"2,6";"1,42";"-1,8"
"2024-03-13 01:00";"1,546";"2,5";"1,435";"-1,8"
"2024-03-13 02:00";"2,502";"2,4";"2,432";"-1,3"
"2024-03-13 03:00";"2,286";"2,1";"2,412";"-0,2"
"2024-03-13 04:00";"1,72";"1,9";"1,424";"0,9"
"2024-03-13 05:00";"2,051";"1,7";"1,404";"1,3"
"2024-03-13 06:00";"1,545";"1,7";"1,477";"1,5"
"2024-03-13 07:00";"1,597";"1,8";"1,725";"1,5"
"2024-03-13 08:00";"1,547";"2,2";"1,698";"1,7"
"2024-03-13 09:00";"1,504";"2,6";"1,694";"1,7"
"2024-03-13 10:00";"1,491";"2,8";"1,713";"2,1"
"2024-03-13 11:00";"1,51";"3,000";"1,691";"2,6"
"2024-03-13 12:00";"1,487";"3,3";"1,672";"3,1"
"2024-03-13 13:00";"2,098";"4,5";"1,654";"4,3"
"2024-03-13 14:00";"1,442";"6,000";"1,594";"7,5"
"2024-03-13 15:00";"1,498";"6,3";"1,57";"9,5"
"2024-03-13 16:00";"1,452";"6,5";"1,613";"9,9"
"2024-03-13 17:00";"1,498";"6,000";"1,998";"9,5"
"2024-03-13 18:00";"1,467";"3,9";"2,152";"9,1"
"2024-03-13 19:00";"1,447";"2,8";"1,701";"8,8"
"2024-03-13 20:00";"1,487";"2,9";"1,516";"9,6"
"2024-03-13 21:00";"1,834";"4,5";"1,43";"9,4"
"2024-03-13 22:00";"1,881";"5,4";"1,339";"10,000"
"2024-03-13 23:00";"1,441";"5,9";"1,323";"9,1"
"2024-03-14 00:00";"1,449";"5,5";"1,32";"9,3"
"2024-03-14 01:00";"1,424";"5,6";"1,33";"8,7"
"2024-03-14 02:00";"2,424";"5,1";"2,294";"8,1"
"2024-03-14 03:00";"3,049";"4,5";"2,317";"8,1"
"2024-03-14 04:00";"1,416";"4,1";"1,327";"8,5"
"2024-03-14 05:00";"1,386";"4,5";"1,319";"8,000"
"2024-03-14 06:00";"1,399";"7,3";"1,312";"8,2"
"2024-03-14 07:00";"1,401";"7,5";"1,311";"7,8"
"2024-03-14 08:00";"1,347";"7,4";"1,326";"7,9"
"2024-03-14 09:00";"1,277";"-2,000";"1,364";"8,4"
"2024-03-14 10:00";"1,317";"9,1";"1,345";"7,6"
"2024-03-14 11:00";"1,977";"9,3";"1,391";"2,5"
"2024-03-14 12:00";"1,29";"9,7";"1,417";"2,2"
"2024-03-14 13:00";"1,286";"9,8";"1,412";"3,2"
"2024-03-14 14:00";"1,246";"10,000";"1,54";"4,6"
"2024-03-14 15:00";"1,171";"10,000";"1,42";"5,1"
"2024-03-14 16:00";"1,777";"9,9";"1,393";"4,9"
"2024-03-14 17:00";"1,284";"10,000";"2,111";"4,7"
"2024-03-14 18:00";"1,159";"9,6";"2,169";"4,2"
"2024-03-14 19:00";"1,167";"8,7";"1,502";"3,5"
"2024-03-14 20:00";"1,205";"7,3";"1,453";"3,1"
"2024-03-14 21:00";"1,686";"6,9";"1,614";"2,5"
"2024-03-14 22:00";"1,745";"7,6";"1,395";"2,2"
"2024-03-14 23:00";"1,253";"7,4";"1,388";"0,9"
"2024-03-15 00:00";"1,775";"7,3";"1,432";"-0,1"
"2024-03-15 01:00";"1,142";"7,6";"1,463";"0,6"
"2024-03-15 02:00";"2,142";"7,2";"2,46";"1,000"
"2024-03-15 03:00";"2,14";"7,4";"2,49";"1,000"
"2024-03-15 04:00";"2,17";"7,3";"1,518";"1,3"
"2024-03-15 05:00";"2,131";"7,1";"1,533";"1,4"
"2024-03-15 06:00";"1,374";"6,6";"1,581";"1,3"
"2024-03-15 07:00";"1,218";"7,4";"1,578";"1,5"
"2024-03-15 08:00";"1,172";"8,7";"1,527";"1,9"
"2024-03-15 09:00";"1,08";"9,6";"1,419";"2,7"
"2024-03-15 10:00";"1,078";"9,7";"1,313";"3,5"
"2024-03-15 11:00";"1,028";"10,2";"1,257";"4,3"
"2024-03-15 12:00";"1,031";"10,8";"1,294";"4,5"
"2024-03-15 13:00";"1,668";"10,7";"1,293";"4,9"
"2024-03-15 14:00";"0,979";"11,1";"1,243";"5,3"
"2024-03-15 15:00";"1,017";"10,2";"1,261";"5,3"
"2024-03-15 16:00";"1,026";"10,3";"1,277";"5,1"
"2024-03-15 17:00";"0,994";"10,5";"1,314";"4,000"
"2024-03-15 18:00";"1,04";"10,2";"1,39";"2,7"
"2024-03-15 19:00";"1,057";"10,1";"1,551";"2,7"
"2024-03-15 20:00";"1,164";"9,9";"1,907";"-0,4"
"2024-03-15 21:00";"1,142";"10,1";"1,832";"-1,9"
"2024-03-15 22:00";"1,197";"10,1";"1,847";"-0,9"
"2024-03-15 23:00";"1,162";"9,5";"1,462";"1,2"
"2024-03-16 00:00";"0,994";"9,2";"1,465";"1,5"
"2024-03-16 01:00";"1,031";"9,4";"1,477";"0,8"
"2024-03-16 02:00";"2,016";"9,3";"2,482";"-0,6"
"2024-03-16 03:00";"1,257";"9,1";"2,524";"0,000"
"2024-03-16 04:00";"1,038";"8,8";"1,541";"-0,5"
"2024-03-16 05:00";"1,033";"8,8";"1,59";"-1,7"
"2024-03-16 06:00";"1,704";"8,9";"1,601";"-2,000"
"2024-03-16 07:00";"1,031";"9,000";"1,66";"-1,4"
"2024-03-16 08:00";"1,063";"8,3";"2,162";"0,3"
"2024-03-16 09:00";"1,047";"6,4";"1,509";"2,8"
"2024-03-16 10:00";"1,079";"6,6";"1,313";"4,4"
"2024-03-16 11:00";"0,966";"7,4";"1,241";"5,8"
"2024-03-16 12:00";"1,518";"7,8";"1,245";"6,6"
"2024-03-16 13:00";"0,944";"8,2";"1,238";"6,6"
"2024-03-16 14:00";"0,863";"8,3";"1,243";"6,000"
"2024-03-16 15:00";"0,883";"7,8";"1,23";"5,7"
"2024-03-16 16:00";"0,85";"7,000";"1,335";"5,2"
"2024-03-16 17:00";"0,917";"6,3";"1,315";"4,3"
"2024-03-16 18:00";"1,012";"5,8";"1,362";"3,4"
"2024-03-16 19:00";"1,003";"5,3";"2,036";"2,8"
"2024-03-16 20:00";"1,028";"3,8";"2,847";"3,000"
"2024-03-16 21:00";"1,077";"2,9";"2,516";"3,1"
"2024-03-16 22:00";"1,072";"2,9";"2,567";"3,1"
"2024-03-16 23:00";"1,116";"2,6";"2,527";"3,4"
"2024-03-17 00:00";"1,162";"2,4";"2,544";"3,8"
"2024-03-17 01:00";"1,128";"2,3";"2,008";"3,8"
"2024-03-17 02:00";"2,775";"1,8";"1,574";"3,9"
"2024-03-17 03:00";"1,868";"0,9";"1,581";"3,9"
"2024-03-17 04:00";"1,263";"0,1";"1,595";"3,9"
"2024-03-17 05:00";"1,269";"0,2";"1,629";"4,3"
"2024-03-17 06:00";"1,299";"0,7";"1,683";"4,3"
"2024-03-17 07:00";"1,362";"0,8";"1,668";"4,4"
"2024-03-17 08:00";"1,334";"1,000";"1,766";"4,5"
"2024-03-17 09:00";"1,224";"1,7";"1,713";"4,7"
"2024-03-17 10:00";"1,103";"2,3";"1,704";"5,5"
"2024-03-17 11:00";"0,997";"3,3";"1,691";"6,4"
"2024-03-17 12:00";"1,52";"4,5";"1,659";"6,6"
"2024-03-17 13:00";"1,662";"5,3";"1,642";"7,000"
"2024-03-17 14:00";"0,945";"5,9";"1,615";"7,2"
"2024-03-17 15:00";"1,228";"6,4";"1,594";"7,3"
"2024-03-17 16:00";"0,979";"5,4";"1,588";"7,2"
"2024-03-17 17:00";"1,005";"3,8";"1,916";"7,2"
"2024-03-17 18:00";"1,025";"2,2";"2,047";"6,7"
"2024-03-17 19:00";"1,044";"1,1";"1,659";"6,7"
"2024-03-17 20:00";"1,112";"-0,3";"1,569";"6,6"
"2024-03-17 21:00";"1,16";"-0,5";"1,541";"7,000"
"2024-03-17 22:00";"1,14";"0,6";"1,541";"6,6"
"2024-03-17 23:00";"1,212";"0,7";"2,298";"6,3"
"2024-03-18 00:00";"1,243";"0,2";"1,952";"6,2"
"2024-03-18 01:00";"1,282";"-0,4";"1,454";"6,2"
"2024-03-18 02:00";"2,229";"-0,9";"1,468";"6,1"
"2024-03-18 03:00";"1,414";"-1,3";"1,503";"6,000"
"2024-03-18 04:00";"2,185";"-1,6";"1,492";"5,5"
"2024-03-18 05:00";"1,533";"-1,8";"1,495";"4,4"
"2024-03-18 06:00";"1,541";"-2,000";"1,507";"3,2"
"2024-03-18 07:00";"1,501";"-1,6";"1,489";"2,4"
"2024-03-18 08:00";"1,41";"-0,5";"1,487";"1,8"
"2024-03-18 09:00";"1,27";"0,5";"1,425";"1,8"
"2024-03-18 10:00";"1,079";"1,5";"1,462";"1,9"
"2024-03-18 11:00";"1,067";"2,4";"1,583";"3,9"
"2024-03-18 12:00";"1,084";"3,000";"2,416";"6,8"
"2024-03-18 13:00";"1,066";"3,000";"2,41";"8,2"
"2024-03-18 14:00";"1,033";"3,2";"1,415";"8,4"
"2024-03-18 15:00";"1,015";"3,1";"1,468";"8,6"
"2024-03-18 16:00";"1,074";"2,4";"1,415";"8,8"
"2024-03-18 17:00";"1,133";"1,1";"1,317";"8,4"
"2024-03-18 18:00";"1,198";"0,000";"1,391";"7,2"
"2024-03-18 19:00";"1,586";"-0,8";"1,335";"4,9"
"2024-03-18 20:00";"1,597";"-1,000";"1,337";"3,3"
"2024-03-18 21:00";"1,291";"-0,3";"1,342";"2,2"
"2024-03-18 22:00";"1,352";"-0,1";"1,453";"1,1"
"2024-03-18 23:00";"1,352";"0,000";"1,353";"0,000"
"2024-03-19 00:00";"1,401";"0,1";"1,336";"-0,2"
"2024-03-19 01:00";"1,4";"0,2";"1,342";"1,2"
"2024-03-19 02:00";"2,406";"0,4";"2,094";"1,7"
"2024-03-19 03:00";"1,999";"0,1";"2,411";"2,1"
"2024-03-19 04:00";"1,444";"0,4";"2,393";"1,9"
"2024-03-19 05:00";"2,174";"0,3";"2,397";"1,2"
"2024-03-19 06:00";"1,461";"0,5";"2,408";"0,9"
"2024-03-19 07:00";"1,523";"1,000";"2,447";"1,5"
"2024-03-19 08:00";"1,496";"2,1";"1,826";"1,9"
"2024-03-19 09:00";"1,448";"3,000";"1,615";"2,6"
"2024-03-19 10:00";"1,357";"4,1";"1,925";"3,3"
"2024-03-19 11:00";"1,278";"5,1";"1,175";"4,000"
"2024-03-19 12:00";"1,226";"5,1";"1,706";"4,6"
"2024-03-19 13:00";"1,25";"4,9";"1,294";"7,8"
"2024-03-19 14:00";"1,186";"4,9";"1,498";"9,4"
"2024-03-19 15:00";"1,158";"4,6";"1,073";"9,9"
"2024-03-19 16:00";"1,356";"4,000";"1,028";"10,4"
"2024-03-19 17:00";"1,745";"3,8";"1,086";"9,4"
"2024-03-19 18:00";"1,48";"3,5";"1,07";"6,7"
"2024-03-19 19:00";"1,323";"3,2";"1,2";"5,000"
"2024-03-19 20:00";"1,405";"3,2";"1,191";"3,3"
"2024-03-19 21:00";"1,395";"3,3";"1,144";"3,7"
"2024-03-19 22:00";"1,354";"3,4";"1,069";"4,000"
"2024-03-19 23:00";"1,354";"3,7";"0,937";"3,6"
"2024-03-20 00:00";"1,323";"3,9";"0,959";"3,8"
"2024-03-20 01:00";"1,319";"4,3";"0,938";"3,9"
"2024-03-20 02:00";"2,327";"4,5";"1,748";"3,2"
"2024-03-20 03:00";"3,03";"4,2";"0,959";"2,3"
"2024-03-20 04:00";"1,603";"3,8";"0,961";"1,9"
"2024-03-20 05:00";"1,393";"4,000";"0,982";"2,000"
"2024-03-20 06:00";"1,346";"4,3";"1,051";"2,1"
"2024-03-20 07:00";"1,403";"4,7";"0,997";"2,1"
"2024-03-20 08:00";"1,362";"5,3";"1,048";"2,1"
"2024-03-20 09:00";"1,344";"6,1";"1,071";"2,1"
"2024-03-20 10:00";"1,339";"6,5";"1,113";"2,1"
"2024-03-20 11:00";"1,309";"6,3";"1,114";"2,1"
"2024-03-20 12:00";"1,28";"6,9";"1,093";"2,1"
"2024-03-20 13:00";"1,528";"7,3";"1,143";"2,2"
"2024-03-20 14:00";"1,636";"7,4";"1,113";"2,2"
"2024-03-20 15:00";"1,244";"7,7";"1,214";"2,4"
"2024-03-20 16:00";"1,215";"7,7";"1,135";"4,6"
"2024-03-20 17:00";"1,217";"7,6";"1,241";"4,1"
"2024-03-20 18:00";"1,34";"6,7";"1,859";"4,3"
"2024-03-20 19:00";"1,258";"6,1";"1,529";"3,6"
"2024-03-20 20:00";"1,282";"5,5";"1,578";"3,000"
"2024-03-20 21:00";"1,268";"4,4";"1,132";"1,4"
"2024-03-20 22:00";"1,314";"3,8";"1,155";"0,3"
"2024-03-20 23:00";"1,298";"2,8";"1,177";"-0,8"
"2024-03-21 00:00";"1,254";"3,8";"1,15";"-1,3"
"2024-03-21 01:00";"1,211";"4,000";"1,184";"-1,6"
"2024-03-21 02:00";"2,866";"4,000";"2,184";"-2,000"
"2024-03-21 03:00";"1,612";"4,1";"2,048";"-2,4"
"2024-03-21 04:00";"1,242";"4,1";"1,24";"-2,5"
"2024-03-21 05:00";"1,262";"4,7";"1,267";"-2,9"
"2024-03-21 06:00";"1,262";"4,4";"1,271";"-2,5"
"2024-03-21 07:00";"1,289";"4,5";"1,361";"-2,000"
"2024-03-21 08:00";"1,221";"5,1";"1,325";"-1,1"
"2024-03-21 09:00";"1,215";"6,3";"1,274";"0,2"
"2024-03-21 10:00";"1,198";"6,9";"1,206";"2,3"
"2024-03-21 11:00";"1,297";"8,1";"1,217";"2,000"
"2024-03-21 12:00";"1,844";"8,5";"1,468";"2,4"
"2024-03-21 13:00";"1,362";"8,6";"1,184";"1,7"
"2024-03-21 14:00";"1,194";"8,4";"1,241";"2,1"
"2024-03-21 15:00";"1,205";"8,5";"1,17";"2,7"
"2024-03-21 16:00";"1,13";"7,9";"1,169";"3,3"
"2024-03-21 17:00";"1,363";"7,1";"1,519";"3,2"
"2024-03-21 18:00";"1,171";"6,2";"1,239";"3,2"
"2024-03-21 19:00";"1,186";"5,2";"1,166";"3,2"
"2024-03-21 20:00";"1,181";"4,4";"2,201";"3,5"
"2024-03-21 21:00";"1,13";"4,8";"2,234";"3,8"
"2024-03-21 22:00";"1,108";"5,8";"2,183";"4,000"
"2024-03-21 23:00";"1,096";"6,4";"2,146";"4,1"
"2024-03-22 00:00";"1,136";"6,1";"2,035";"3,9"
"2024-03-22 01:00";"1,135";"5,7";"1,118";"4,000"
"2024-03-22 02:00";"2,096";"5,6";"1,114";"3,8"
"2024-03-22 03:00";"2,794";"5,7";"1,135";"3,6"
"2024-03-22 04:00";"1,138";"6,000";"1,117";"3,6"
"2024-03-22 05:00";"1,116";"6,2";"1,123";"3,6"
"2024-03-22 06:00";"1,153";"6,1";"1,139";"3,5"
"2024-03-22 07:00";"1,623";"6,4";"1,162";"3,4"
"2024-03-22 08:00";"1,28";"6,8";"1,069";"3,9"
"2024-03-22 09:00";"1,752";"7,1";"1,094";"7,1"
"2024-03-22 10:00";"1,163";"7,4";"1,089";"7,9"
"2024-03-22 11:00";"1,16";"7,5";"1,101";"7,4"
"2024-03-22 12:00";"1,13";"7,8";"1,078";"6,6"
"2024-03-22 13:00";"1,131";"7,8";"1,104";"6,4"
"2024-03-22 14:00";"1,116";"7,7";"1,086";"7,1"
"2024-03-22 15:00";"1,11";"8,7";"1,114";"7,6"
"2024-03-22 16:00";"1,044";"8,9";"1,33";"8,5"
"2024-03-22 17:00";"1,341";"8,5";"1,113";"9,1"
"2024-03-22 18:00";"1,826";"7,4";"1,165";"8,3"
"2024-03-22 19:00";"1,165";"6,5";"1,328";"7,5"
"2024-03-22 20:00";"1,198";"6,3";"1,134";"5,8"
"2024-03-22 21:00";"1,102";"6,2";"1,063";"4,5"
"2024-03-22 22:00";"1,091";"5,4";"1,066";"4,4"
"2024-03-22 23:00";"1,11";"4,8";"1,062";"4,1"
"2024-03-23 00:00";"1,161";"5,1";"1,081";"4,5"
"2024-03-23 01:00";"1,127";"4,7";"1,06";"6,9"
"2024-03-23 02:00";"2,127";"4,5";"2,044";"7,3"
"2024-03-23 03:00";"1,618";"4,000";"2,054";"6,9"
"2024-03-23 04:00";"1,196";"3,9";"1,036";"6,000"
"2024-03-23 05:00";"1,183";"3,7";"1,068";"4,9"
"2024-03-23 06:00";"1,331";"3,7";"1,112";"4,4"
"2024-03-23 07:00";"1,782";"4,4";"1,073";"5,6"
"2024-03-23 08:00";"1,196";"5,000";"1,123";"7,1"
"2024-03-23 09:00";"1,13";"5,8";"1,156";"9,1"
"2024-03-23 10:00";"1,037";"6,5";"1,133";"7,8"
"2024-03-23 11:00";"0,992";"7,4";"1,108";"7,6"
"2024-03-23 12:00";"2,13";"8,7";"1,191";"10,1"
"2024-03-23 13:00";"0,993";"8,3";"1,356";"10,6"
"2024-03-23 14:00";"0,905";"6,9";"1,306";"10,6"
"2024-03-23 15:00";"0,933";"7,000";"1,303";"11,000"
"2024-03-23 16:00";"0,972";"6,4";"1,267";"10,1"
"2024-03-23 17:00";"0,966";"6,2";"1,205";"9,4"
"2024-03-23 18:00";"1,104";"5,7";"1,205";"8,5"
"2024-03-23 19:00";"1,102";"5,4";"1,254";"7,7"
"2024-03-23 20:00";"1,103";"4,9";"1,424";"7,1"
"2024-03-23 21:00";"1,671";"4,7";"1,267";"6,2"
"2024-03-23 22:00";"1,49";"4,5";"1,223";"6,4"
"2024-03-23 23:00";"1,232";"4,6";"1,215";"5,9"
"2024-03-24 00:00";"1,167";"4,4";"1,229";"5,9"
"2024-03-24 01:00";"1,152";"4,3";"1,262";"6,1"
"2024-03-24 02:00";"2,071";"4,4";"2,234";"5,9"
"2024-03-24 03:00";"1,163";"4,4";"2,255";"5,6"
"2024-03-24 04:00";"1,174";"4,2";"1,272";"5,3"
"2024-03-24 05:00";"1,181";"4,1";"1,276";"5,6"
"2024-03-24 06:00";"1,204";"4,000";"1,278";"5,000"
"2024-03-24 07:00";"1,229";"4,1";"1,309";"4,6"
"2024-03-24 08:00";"1,175";"4,2";"1,3";"4,5"
"2024-03-24 09:00";"1,984";"4,6";"1,338";"4,9"
"2024-03-24 10:00";"1,228";"4,6";"1,336";"5,5"
"2024-03-24 11:00";"1,221";"4,9";"1,51";"8,4"
"2024-03-24 12:00";"1,992";"5,4";"1,319";"9,9"
"2024-03-24 13:00";"1,176";"6,2";"1,327";"9,8"
"2024-03-24 14:00";"1,313";"6,5";"1,204";"10,3"
"2024-03-24 15:00";"1,27";"6,5";"1,999";"10,2"
"2024-03-24 16:00";"1,164";"6,4";"2,057";"9,7"
"2024-03-24 17:00";"1,143";"6,3";"1,488";"9,1"
"2024-03-24 18:00";"1,188";"5,7";"2,633";"8,2"
"2024-03-24 19:00";"1,205";"5,2";"1,982";"7,6"
"2024-03-24 20:00";"1,892";"5,000";"1,176";"7,3"
"2024-03-24 21:00";"1,252";"4,8";"1,416";"7,5"
"2024-03-24 22:00";"1,196";"4,5";"1,255";"7,1"
"2024-03-24 23:00";"1,19";"4,3";"1,176";"6,7"
"2024-03-25 00:00";"1,252";"4,000";"1,168";"6,4"
"2024-03-25 01:00";"1,248";"3,8";"1,176";"6,3"
"2024-03-25 02:00";"2,214";"3,9";"1,185";"5,6"
"2024-03-25 03:00";"1,82";"3,6";"1,218";"5,3"
"2024-03-25 04:00";"1,27";"3,7";"1,217";"5,5"
"2024-03-25 05:00";"1,823";"3,6";"1,217";"6,000"
"2024-03-25 06:00";"1,435";"3,6";"1,233";"5,5"
"2024-03-25 07:00";"1,293";"4,3";"1,266";"5,8"
"2024-03-25 08:00";"1,255";"5,1";"1,367";"6,3"
"2024-03-25 09:00";"1,217";"5,7";"1,263";"7,3"
"2024-03-25 10:00";"1,159";"6,7";"1,88";"6,3"
"2024-03-25 11:00";"1,085";"6,8";"1,692";"7,5"
"2024-03-25 12:00";"1,079";"6,3";"2,661";"8,9"
"2024-03-25 13:00";"1,071";"6,3";"2,169";"9,8"
"2024-03-25 14:00";"1,081";"6,5";"1,173";"9,7"
"2024-03-25 15:00";"1,068";"6,3";"1,181";"9,4"
"2024-03-25 16:00";"1,054";"6,1";"1,168";"8,4"
"2024-03-25 17:00";"1,802";"6,000";"1,51";"8,000"
"2024-03-25 18:00";"1,104";"5,5";"1,295";"7,5"
"2024-03-25 19:00";"1,104";"4,3";"1,325";"6,7"
"2024-03-25 20:00";"1,184";"3,3";"1,273";"6,5"
"2024-03-25 21:00";"1,196";"3,2";"1,25";"6,3"
"2024-03-25 22:00";"1,185";"3,1";"1,275";"5,6"
"2024-03-25 23:00";"1,231";"2,7";"1,276";"5,000"
"2024-03-26 00:00";"1,244";"2,4";"1,262";"4,6"
"2024-03-26 01:00";"1,283";"2,5";"1,326";"3,6"
"2024-03-26 02:00";"2,282";"2,000";"1,216";"3,5"
"2024-03-26 03:00";"2,209";"1,9";"1,247";"3,4"
"2024-03-26 04:00";"1,512";"1,9";"1,248";"3,8"
"2024-03-26 05:00";"1,392";"2,2";"1,233";"3,4"
"2024-03-26 06:00";"1,343";"2,8";"1,254";"4,6"
"2024-03-26 07:00";"1,41";"3,4";"1,243";"4,4"
"2024-03-26 08:00";"1,281";"4,7";"1,266";"4,4"
"2024-03-26 09:00";"1,171";"7,2";"1,387";"4,7"
"2024-03-26 10:00";"1,113";"8,7";"1,364";"5,4"
"2024-03-26 11:00";"1,051";"8,5";"2,159";"5,4"
"2024-03-26 12:00";"1,04";"8,4";"2,296";"5,5"
"2024-03-26 13:00";"1,044";"8,7";"2,19";"5,8"
"2024-03-26 14:00";"1,011";"8,8";"2,204";"3,8"
"2024-03-26 15:00";"0,962";"8,6";"1,249";"3,000"
"2024-03-26 16:00";"0,966";"8,2";"1,297";"2,4"
"2024-03-26 17:00";"1,173";"7,7";"1,366";"2,5"
"2024-03-26 18:00";"1,998";"6,6";"1,309";"1,9"
"2024-03-26 19:00";"1,615";"5,6";"1,351";"1,1"
"2024-03-26 20:00";"1,623";"5,6";"1,826";"1,1"
"2024-03-26 21:00";"1,06";"5,6";"1,403";"1,1"
"2024-03-26 22:00";"1,067";"5,9";"1,34";"1,000"
"2024-03-26 23:00";"1,079";"7,000";"1,355";"0,6"
"2024-03-27 00:00";"1,106";"7,4";"1,41";"0,2"
"2024-03-27 01:00";"1,123";"7,6";"2,404";"-0,5"
"2024-03-27 02:00";"2,104";"7,1";"2,435";"-0,5"
"2024-03-27 03:00";"2,143";"6,5";"1,513";"-0,6"
"2024-03-27 04:00";"1,742";"6,000";"1,492";"-0,9"
"2024-03-27 05:00";"1,195";"6,1";"1,556";"-1,000"
"2024-03-27 06:00";"1,231";"6,2";"1,722";"-1,5"
"2024-03-27 07:00";"1,194";"6,9";"1,648";"-1,7"
"2024-03-27 08:00";"1,071";"8,1";"1,548";"-0,7"
"2024-03-27 09:00";"0,969";"9,7";"1,437";"0,3"
"2024-03-27 10:00";"0,883";"10,3";"1,419";"1,1"
"2024-03-27 11:00";"1,487";"11,1";"1,341";"1,2"
"2024-03-27 12:00";"0,858";"12,1";"1,38";"0,4"
"2024-03-27 13:00";"0,812";"12,6";"1,381";"-0,3"
"2024-03-27 14:00";"0,776";"13,1";"1,275";"1,9"
"2024-03-27 15:00";"0,766";"12,7";"1,318";"2,7"
"2024-03-27 16:00";"0,787";"11,6";"1,373";"2,8"
"2024-03-27 17:00";"0,819";"10,2";"1,403";"0,3"
"2024-03-27 18:00";"0,828";"8,5";"0,563";"-1,8"
"2024-03-27 19:00";"1,228";"7,9";"0,207";"-2,7"
"2024-03-27 20:00";"0,929";"7,9";"2,712";"-2,3"
"2024-03-27 21:00";"0,932";"7,8";"2,446";"-0,3"
"2024-03-27 22:00";"0,941";"7,5";"2,46";"-1,000"
"2024-03-27 23:00";"0,96";"7,5";"1,655";"-1,5"
"2024-03-28 00:00";"0,934";"7,6";"1,477";"-1,6"
"2024-03-28 01:00";"0,972";"7,4";"1,5";"-1,8"
"2024-03-28 02:00";"1,916";"7,4";"1,519";"-2,000"
"2024-03-28 03:00";"1,296";"7,1";"1,554";"-1,8"
"2024-03-28 04:00";"0,962";"7,3";"1,581";"-2,2"
"2024-03-28 05:00";"0,966";"7,9";"1,663";"-2,9"
"2024-03-28 06:00";"1,016";"8,4";"1,855";"-3,8"
"2024-03-28 07:00";"1,025";"8,5";"1,79";"-3,5"
"2024-03-28 08:00";"0,964";"9,000";"1,658";"-1,6"
"2024-03-28 09:00";"0,872";"11,1";"1,508";"-0,2"
"2024-03-28 10:00";"0,831";"13,3";"1,41";"1,2"
"2024-03-28 11:00";"0,806";"13,1";"1,506";"2,000"
"2024-03-28 12:00";"0,825";"11,1";"1,218";"2,7"
"2024-03-28 13:00";"0,849";"10,2";"1,007";"3,1"
"2024-03-28 14:00";"0,883";"8,9";"1,000";"3,6"
"2024-03-28 15:00";"0,863";"6,9";"0,973";"3,9"
"2024-03-28 16:00";"1,541";"7,4";"1,023";"4,000"
"2024-03-28 17:00";"0,891";"7,8";"1,498";"4,000"
"2024-03-28 18:00";"0,931";"7,8";"1,309";"3,6"
"2024-03-28 19:00";"0,988";"7,1";"1,223";"1,8"
"2024-03-28 20:00";"1,01";"6,3";"1,326";"1,7"
"2024-03-28 21:00";"1,108";"6,5";"1,554";"1,9"
"2024-03-28 22:00";"1,038";"6,6";"1,923";"1,9"
"2024-03-28 23:00";"1,041";"6,3";"1,7";"2,3"
"2024-03-29 00:00";"1,049";"6,000";"1,206";"2,2"
"2024-03-29 01:00";"0,994";"5,3";"2,191";"2,6"
"2024-03-29 02:00";"1,962";"5,5";"2,081";"2,8"
"2024-03-29 03:00";"1,43";"5,9";"1,226";"2,8"
"2024-03-29 04:00";"0,99";"5,7";"1,226";"3,1"
"2024-03-29 05:00";"1,008";"5,000";"1,23";"3,1"
"2024-03-29 06:00";"1,013";"5,000";"1,372";"3,000"
"2024-03-29 07:00";"0,953";"6,5";"1,277";"2,6"
"2024-03-29 08:00";"0,901";"7,9";"1,352";"2,6"
"2024-03-29 09:00";"0,852";"9,2";"1,371";"2,8"
"2024-03-29 10:00";"0,836";"9,6";"1,325";"2,7"
"2024-03-29 11:00";"0,88";"9,2";"1,286";"3,000"
"2024-03-29 12:00";"0,914";"9,8";"1,304";"4,000"
"2024-03-29 13:00";"0,979";"9,000";"1,243";"4,8"
"2024-03-29 14:00";"0,974";"8,4";"1,351";"5,3"
"2024-03-29 15:00";"1,101";"8,000";"1,27";"6,3"
"2024-03-29 16:00";"0,963";"7,1";"1,542";"6,9"
"2024-03-29 17:00";"1,007";"7,000";"2,364";"6,8"
"2024-03-29 18:00";"1,211";"6,8";"2,496";"6,5"
"2024-03-29 19:00";"1,028";"6,7";"2,315";"6,000"
"2024-03-29 20:00";"1,039";"6,4";"2,251";"5,2"
"2024-03-29 21:00";"1,715";"5,7";"2,325";"4,7"
"2024-03-29 22:00";"1,103";"4,8";"2,231";"4,6"
"2024-03-29 23:00";"1,08";"4,5";"1,737";"4,7"
"2024-03-30 00:00";"1,098";"4,1";"1,129";"4,2"
"2024-03-30 01:00";"1,059";"3,7";"1,13";"4,2"
"2024-03-30 02:00";"2,034";"4,000";"1,164";"4,3"
"2024-03-30 03:00";"1,659";"3,5";"1,18";"4,000"
"2024-03-30 04:00";"1,069";"3,6";"1,161";"3,7"
"2024-03-30 05:00";"1,083";"4,4";"1,152";"3,5"
"2024-03-30 06:00";"1,078";"4,8";"1,257";"3,3"
"2024-03-30 07:00";"1,125";"5,6";"1,274";"2,6"
"2024-03-30 08:00";"1,058";"6,3";"1,36";"2,4"
"2024-03-30 09:00";"1,176";"7,2";"1,324";"2,7"
"2024-03-30 10:00";"1,47";"8,6";"1,466";"2,9"
"2024-03-30 11:00";"1,267";"9,4";"1,274";"2,6"
"2024-03-30 12:00";"1,939";"10,1";"1,273";"2,8"
"2024-03-30 13:00";"1,111";"11,4";"1,284";"3,000"
"2024-03-30 14:00";"0,859";"11,5";"1,86";"2,8"
"2024-03-30 15:00";"0,82";"10,5";"1,295";"2,5"
"2024-03-30 16:00";"0,871";"9,5";"1,252";"2,6"
"2024-03-30 17:00";"0,893";"8,7";"1,252";"3,1"
"2024-03-30 18:00";"0,974";"8,000";"1,48";"3,8"
"2024-03-30 19:00";"1,043";"7,8";"1,246";"6,5"
"2024-03-30 20:00";"1,042";"7,9";"1,142";"7,8"
"2024-03-30 21:00";"0,924";"8,1";"1,079";"7,6"
"2024-03-30 22:00";"0,878";"8,1";"1,071";"7,3"
"2024-03-30 23:00";"0,859";"7,9";"1,087";"6,9"
"2024-03-31 00:00";"0,924";"7,9";"1,066";"5,9"
"2024-03-31 01:00";"0,911";"7,9";"2,05";"4,9"
"2024-03-31 03:00";"1,709";"7,85";"2,12";"3,4"
"2024-03-31 04:00";"1,226";"7,8";"1,106";"2,8"
"2024-03-31 05:00";"1,395";"7,5";"1,071";"2,8"
"2024-03-31 06:00";"0,943";"7,4";"1,11";"3,000"
"2024-03-31 07:00";"1,021";"6,5";"1,11";"3,3"
"2024-03-31 08:00";"1,002";"6,000";"1,09";"3,4"
"2024-03-31 09:00";"0,991";"6,4";"1,121";"3,6"
"2024-03-31 10:00";"0,986";"7,5";"1,358";"3,7"
"2024-03-31 11:00";"0,932";"8,3";"1,135";"3,7"
"2024-03-31 12:00";"1,571";"9,2";"1,129";"3,9"
"2024-03-31 13:00";"1,41";"10,000";"1,058";"7,2"
"2024-03-31 14:00";"1,41";"11,2";"1,011";"9,2"
"2024-03-31 15:00";"0,8";"12,2";"1,012";"8,4"
"2024-03-31 16:00";"0,84";"11,8";"1,081";"8,000"
"2024-03-31 17:00";"0,86";"9,6";"1,633";"6,9"
"2024-03-31 18:00";"0,854";"8,8";"1,772";"4,7"
"2024-03-31 19:00";"0,823";"8,8";"1,735";"4,2"
"2024-03-31 20:00";"0,875";"8,000";"1,187";"4,2"
"2024-03-31 21:00";"1,589";"7,5";"1,181";"3,8"
"2024-03-31 22:00";"0,894";"7,2";"1,237";"3,2"
"2024-03-31 23:00";"0,882";"6,4";"1,94";"2,4"
"2024-04-01 00:00";"0,863";"5,6";"1,696";"2,2"
"2024-04-01 01:00";"0,843";"4,8";"1,845";"2,000"
"2024-04-01 02:00";"1,778";"4,1";"1,345";"1,6"
"2024-04-01 03:00";"0,927";"3,8";"1,356";"1,4"
"2024-04-01 04:00";"0,924";"3,8";"1,478";"1,3"
"2024-04-01 05:00";"0,942";"4,2";"2,007";"1,4"
"2024-04-01 06:00";"0,974";"3,9";"1,443";"1,3"
"2024-04-01 07:00";"0,954";"3,9";"1,445";"1,3"
"2024-04-01 08:00";"0,951";"4,1";"1,538";"1,3"
"2024-04-01 09:00";"0,927";"5,3";"1,413";"1,2"
"2024-04-01 10:00";"0,916";"6,8";"1,422";"1,7"
"2024-04-01 11:00";"0,914";"7,7";"2,049";"2,6"
"2024-04-01 12:00";"1,565";"8,7";"2,164";"3,8"
"2024-04-01 13:00";"0,827";"9,7";"2,139";"5,3"
"2024-04-01 14:00";"0,855";"10,8";"1,12";"6,3"
"2024-04-01 15:00";"0,835";"11,6";"1,037";"7,2"
"2024-04-01 16:00";"0,956";"12,000";"1,061";"7,7"
"2024-04-01 17:00";"0,922";"11,8";"1,109";"8,1"
"2024-04-01 18:00";"0,986";"10,7";"1,194";"8,1"
"2024-04-01 19:00";"0,984";"8,6";"1,121";"7,4"
"2024-04-01 20:00";"1,029";"8,3";"2,152";"6,1"
"2024-04-01 21:00";"0,974";"8,1";"1,323";"4,4"
"2024-04-01 22:00";"0,967";"7,9";"1,371";"3,000"
"2024-04-01 23:00";"0,922";"7,7";"2,065";"2,7"
"2024-04-02 00:00";"0,946";"7,6";"2,727";"2,1"
"2024-04-02 01:00";"0,963";"7,000";"2,441";"1,7"
"2024-04-02 02:00";"1,95";"5,6";"2,396";"1,1"
"2024-04-02 03:00";"1,63";"5,1";"2,448";"0,5"
"2024-04-02 04:00";"1,543";"4,9";"2,455";"-0,1"
"2024-04-02 05:00";"1,072";"4,8";"1,652";"-0,3"
"2024-04-02 06:00";"1,073";"4,7";"1,524";"-1,000"
"2024-04-02 07:00";"1,098";"4,6";"1,528";"-0,9"
"2024-04-02 08:00";"1,123";"4,5";"2,144";"-0,6"
"2024-04-02 09:00";"1,255";"4,5";"1,881";"0,4"
"2024-04-02 10:00";"1,134";"4,6";"1,299";"1,7"
"2024-04-02 11:00";"1,099";"4,7";"1,094";"3,2"
"2024-04-02 12:00";"1,102";"5,3";"1,139";"5,1"
"2024-04-02 13:00";"1,703";"4,9";"1,035";"6,1"
"2024-04-02 14:00";"1,997";"4,8";"1,323";"6,6"
"2024-04-02 15:00";"1,16";"4,7";"0,954";"7,4"
"2024-04-02 16:00";"1,199";"4,4";"0,946";"8,000"
"2024-04-02 17:00";"1,503";"4,000";"0,934";"8,3"
"2024-04-02 18:00";"1,667";"3,8";"1,496";"7,8"
"2024-04-02 19:00";"1,185";"3,8";"2,735";"7,1"
"2024-04-02 20:00";"1,154";"3,7";"2,294";"5,000"
"2024-04-02 21:00";"1,173";"3,3";"2,549";"3,7"
"2024-04-02 22:00";"1,186";"3,1";"2,119";"2,6"
"2024-04-02 23:00";"1,74";"2,5";"2,183";"1,2"
"2024-04-03 00:00";"1,314";"1,3";"1,28";"0,000"
"2024-04-03 01:00";"1,201";"0,5";"1,271";"0,4"
"2024-04-03 02:00";"2,162";"0,4";"1,37";"1,4"
"2024-04-03 03:00";"2,191";"0,2";"1,39";"0,3"
"2024-04-03 04:00";"1,372";"0,000";"1,374";"-0,5"
"2024-04-03 05:00";"1,303";"-0,4";"1,439";"-0,9"
"2024-04-03 06:00";"1,315";"-0,5";"1,461";"-1,3"
"2024-04-03 07:00";"1,56";"-0,8";"1,442";"-1,8"
"2024-04-03 08:00";"1,849";"-0,8";"1,446";"-1,3"
"2024-04-03 09:00";"1,719";"-0,5";"1,346";"0,3"
"2024-04-03 10:00";"1,76";"-0,2";"1,194";"1,4"
"2024-04-03 11:00";"1,734";"0,2";"1,155";"2,2"
"2024-04-03 12:00";"1,715";"0,8";"1,236";"2,8"
"2024-04-03 13:00";"1,749";"1,3";"1,303";"4,000"
"2024-04-03 14:00";"1,709";"2,2";"1,004";"4,8"
"2024-04-03 15:00";"1,592";"2,6";"0,99";"5,2"
"2024-04-03 16:00";"1,567";"2,9";"0,936";"5,8"
"2024-04-03 17:00";"1,619";"2,9";"0,952";"5,8"
"2024-04-03 18:00";"2,3";"3,1";"1,07";"5,4"
"2024-04-03 19:00";"1,587";"3,000";"0,925";"4,9"
"2024-04-03 20:00";"1,585";"2,2";"0,974";"3,9"
"2024-04-03 21:00";"1,616";"1,7";"1,11";"2,4"
"2024-04-03 22:00";"1,579";"1,7";"1,112";"1,6"
"2024-04-03 23:00";"1,585";"1,8";"1,063";"0,7"
"2024-04-04 00:00";"1,598";"1,8";"1,115";"0,6"
"2024-04-04 01:00";"1,592";"1,6";"1,125";"-0,3"
"2024-04-04 02:00";"2,578";"1,8";"2,14";"-0,8"
"2024-04-04 03:00";"2,19";"1,8";"2,17";"-1,6"
"2024-04-04 04:00";"2,365";"1,3";"2,216";"-2,2"
"2024-04-04 05:00";"1,717";"1,1";"2,253";"-2,3"
"2024-04-04 06:00";"1,711";"0,9";"2,219";"-2,000"
"2024-04-04 07:00";"1,739";"0,9";"1,315";"-2,3"
"2024-04-04 08:00";"1,759";"1,2";"1,281";"-2,9"
"2024-04-04 09:00";"1,846";"1,8";"1,15";"-0,8"
"2024-04-04 10:00";"1,801";"2,3";"1,12";"2,1"
"2024-04-04 11:00";"1,786";"3,000";"1,002";"4,6"
"2024-04-04 12:00";"2,286";"3,5";"0,975";"6,000"
"2024-04-04 13:00";"2,089";"3,8";"0,989";"6,8"
"2024-04-04 14:00";"1,809";"4,3";"1,107";"7,000"
"2024-04-04 15:00";"2,027";"4,8";"0,967";"7,4"
"2024-04-04 16:00";"2,419";"5,000";"0,936";"7,8"
"2024-04-04 17:00";"2,032";"5,000";"1,121";"7,3"
"2024-04-04 18:00";"1,71";"4,9";"0,92";"7,000"
"2024-04-04 19:00";"1,743";"5,000";"0,958";"6,6"
"2024-04-04 20:00";"1,681";"5,1";"1,011";"6,000"
"2024-04-04 21:00";"2,126";"5,3";"1,151";"5,1"
"2024-04-04 22:00";"1,94";"5,6";"1,158";"4,6"
"2024-04-04 23:00";"2,206";"6,000";"1,143";"4,1"
"2024-04-05 00:00";"2,284";"6,5";"1,112";"3,7"
"2024-04-05 01:00";"1,55";"6,9";"1,103";"3,3"
"2024-04-05 02:00";"2,554";"7,2";"2,121";"3,1"
"2024-04-05 03:00";"2,529";"6,6";"2,153";"2,8"
"2024-04-05 04:00";"2,495";"6,3";"2,15";"2,6"
"2024-04-05 05:00";"2,505";"6,4";"2,191";"2,4"
"2024-04-05 06:00";"1,489";"6,5";"1,393";"2,2"
"2024-04-05 07:00";"1,504";"6,5";"1,254";"1,2"
"2024-04-05 08:00";"1,509";"6,4";"1,204";"1,1"
"2024-04-05 09:00";"1,567";"6,5";"1,355";"3,4"
"2024-04-05 10:00";"1,399";"6,8";"1,348";"4,1"
"2024-04-05 11:00";"1,248";"7,3";"1,112";"4,7"
"2024-04-05 12:00";"1,864";"7,9";"1,105";"5,2"
"2024-04-05 13:00";"1,464";"8,8";"1,094";"5,5"
"2024-04-05 14:00";"1,479";"9,2";"1,026";"6,6"
"2024-04-05 15:00";"1,188";"9,000";"0,965";"6,4"
"2024-04-05 16:00";"1,178";"9,5";"0,992";"6,000"
"2024-04-05 17:00";"1,286";"11,2";"1,018";"6,4"
"2024-04-05 18:00";"2,233";"11,5";"0,991";"6,8"
"2024-04-05 19:00";"1,233";"10,5";"1,073";"5,9"
"2024-04-05 20:00";"1,215";"10,3";"1,061";"5,4"
"2024-04-05 21:00";"1,087";"11,3";"1,129";"5,2"
"2024-04-05 22:00";"1,06";"11,3";"1,151";"4,6"
"2024-04-05 23:00";"1,073";"10,5";"1,09";"2,3"
"2024-04-06 00:00";"1,048";"10,000";"1,069";"0,9"
"2024-04-06 01:00";"1,069";"9,7";"1,09";"0,1"
"2024-04-06 02:00";"2,062";"9,5";"2,1";"-0,4"
"2024-04-06 03:00";"1,865";"9,1";"1,581";"-0,5"
"2024-04-06 04:00";"1,095";"9,000";"1,192";"1,2"
"2024-04-06 05:00";"1,11";"8,6";"1,284";"1,3"
"2024-04-06 06:00";"1,128";"7,9";"1,302";"1,3"
"2024-04-06 07:00";"1,115";"8,1";"1,297";"0,7"
"2024-04-06 08:00";"1,1";"8,000";"1,228";"1,1"
"2024-04-06 09:00";"1,111";"8,4";"1,117";"3,000"
"2024-04-06 10:00";"1,058";"9,5";"0,897";"4,8"
"2024-04-06 11:00";"1,022";"10,7";"0,925";"5,9"
"2024-04-06 12:00";"1,547";"11,8";"1,045";"6,6"
"2024-04-06 13:00";"0,955";"13,1";"1,111";"7,3"
"2024-04-06 14:00";"0,893";"14,1";"1,172";"7,6"
"2024-04-06 15:00";"0,43";"15,1";"1,035";"7,4"
"2024-04-06 16:00";"0,391";"16,3";"0,933";"8,000"
"2024-04-06 17:00";"0,411";"16,000";"1,013";"7,7"
"2024-04-06 18:00";"0,85";"15,1";"2,013";"7,2"
"2024-04-06 19:00";"0,467";"14,4";"2,914";"6,5"
"2024-04-06 20:00";"1,256";"13,8";"1,201";"5,4"
"2024-04-06 21:00";"1,015";"12,6";"1,171";"3,9"
"2024-04-06 22:00";"0,5";"11,2";"1,244";"2,8"
"2024-04-06 23:00";"0,43";"10,8";"1,234";"2,000"
"2024-04-07 00:00";"0,382";"11,1";"1,307";"1,4"
"2024-04-07 01:00";"0,377";"11,8";"1,294";"1,000"
"2024-04-07 02:00";"1,382";"12,1";"2,242";"0,6"
"2024-04-07 03:00";"0,645";"12,5";"2,276";"0,3"
"2024-04-07 04:00";"0,372";"13,000";"2,314";"-0,2"
"2024-04-07 05:00";"0,393";"12,3";"2,357";"-0,8"
"2024-04-07 06:00";"0,39";"11,3";"2,454";"-1,9"
"2024-04-07 07:00";"0,38";"11,3";"1,478";"-2,3"
"2024-04-07 08:00";"0,376";"12,000";"1,45";"-2,1"
"2024-04-07 09:00";"0,406";"12,000";"1,448";"-0,7"
"2024-04-07 10:00";"0,384";"12,2";"1,387";"1,1"
"2024-04-07 11:00";"0,415";"13,4";"1,425";"2,7"
"2024-04-07 12:00";"0,903";"14,3";"1,351";"3,7"
"2024-04-07 13:00";"0,362";"13,3";"1,3";"5,1"
"2024-04-07 14:00";"0,321";"14,4";"1,247";"6,5"
"2024-04-07 15:00";"0,301";"15,3";"1,283";"7,2"
"2024-04-07 16:00";"0,305";"15,9";"1,28";"8,1"
"2024-04-07 17:00";"0,288";"16,000";"1,115";"8,8"
"2024-04-07 18:00";"0,253";"15,7";"1,197";"8,5"
"2024-04-07 19:00";"0,257";"14,7";"1,246";"8,3"
"2024-04-07 20:00";"0,272";"13,4";"1,154";"7,8"
"2024-04-07 21:00";"0,296";"12,2";"1,16";"7,000"
"2024-04-07 22:00";"0,319";"11,1";"1,215";"6,1"
"2024-04-07 23:00";"0,307";"11,1";"1,221";"5,2"
"2024-04-08 00:00";"0,293";"10,7";"1,22";"4,4"
"2024-04-08 01:00";"0,32";"10,3";"1,246";"4,000"
"2024-04-08 02:00";"1,174";"10,6";"2,259";"3,1"
"2024-04-08 03:00";"0,32";"10,8";"2,324";"1,7"
"2024-04-08 04:00";"0,309";"10,9";"1,465";"-0,4"
"2024-04-08 05:00";"0,339";"11,1";"1,374";"-0,4"
"2024-04-08 06:00";"0,336";"10,8";"1,346";"0,4"
"2024-04-08 07:00";"0,339";"10,8";"1,397";"-0,8"
"2024-04-08 08:00";"0,351";"10,9";"1,354";"-0,9"
"2024-04-08 09:00";"0,399";"11,3";"1,209";"3,000"
"2024-04-08 10:00";"0,364";"12,4";"1,066";"7,4"
"2024-04-08 11:00";"0,334";"13,8";"0,935";"10,2"
"2024-04-08 12:00";"0,348";"14,7";"1,911";"12,6"
"2024-04-08 13:00";"0,33";"15,6";"1,091";"14,2"
"2024-04-08 14:00";"0,409";"16,1";"0,849";"14,8"
"2024-04-08 15:00";"0,276";"16,3";"0,847";"15,4"
"2024-04-08 16:00";"0,252";"16,7";"0,937";"15,5"
"2024-04-08 17:00";"0,256";"17,2";"0,912";"14,1"
"2024-04-08 18:00";"0,267";"16,9";"0,821";"11,3"
"2024-04-08 19:00";"0,265";"14,9";"0,872";"10,2"
"2024-04-08 20:00";"0,273";"12,4";"0,952";"8,4"
"2024-04-08 21:00";"0,325";"11,4";"1,027";"6,6"
"2024-04-08 22:00";"0,318";"11,000";"1,036";"5,2"
"2024-04-08 23:00";"0,295";"10,7";"0,971";"4,7"
"2024-04-09 00:00";"0,291";"10,6";"0,94";"4,2"
"2024-04-09 01:00";"0,278";"11,2";"0,977";"4,8"
"2024-04-09 02:00";"1,292";"10,9";"1,794";"4,4"
"2024-04-09 03:00";"1,311";"11,000";"0,997";"4,5"
"2024-04-09 04:00";"0,422";"11,1";"1,004";"3,4"
"2024-04-09 05:00";"0,301";"11,3";"1,052";"2,7"
"2024-04-09 06:00";"0,314";"11,6";"1,073";"2,7"
"2024-04-09 07:00";"0,327";"11,000";"1,059";"2,5"
"2024-04-09 08:00";"0,311";"11,3";"1,074";"2,9"
"2024-04-09 09:00";"0,351";"11,9";"1,088";"5,1"
"2024-04-09 10:00";"0,307";"12,7";"1,106";"6,5"
"2024-04-09 11:00";"0,296";"14,1";"1,003";"7,8"
"2024-04-09 12:00";"0,268";"15,9";"1,904";"9,4"
"2024-04-09 13:00";"0,276";"17,9";"1,859";"10,9"
"2024-04-09 14:00";"0,338";"19,000";"1,889";"11,8"
"2024-04-09 15:00";"0,75";"19,6";"1,646";"12,1"
"2024-04-09 16:00";"0,525";"18,7";"0,6";"10,8"
"2024-04-09 17:00";"0,694";"15,4";"0,349";"10,000"
"2024-04-09 18:00";"0,265";"11,3";"0,392";"9,000"
"2024-04-09 19:00";"0,29";"10,4";"0,562";"8,6"
"2024-04-09 20:00";"0,307";"11,3";"0,439";"6,8"
"2024-04-09 21:00";"0,303";"11,4";"0,461";"5,4"
"2024-04-09 22:00";"0,295";"10,6";"0,588";"5,3"
"2024-04-09 23:00";"0,299";"9,9";"1,15";"5,6"
"2024-04-10 00:00";"0,314";"9,4";"0,99";"5,3"
"2024-04-10 01:00";"0,321";"9,6";"0,989";"4,5"
"2024-04-10 02:00";"1,3";"9,4";"2,007";"3,9"
"2024-04-10 03:00";"0,711";"9,6";"1,152";"3,5"
"2024-04-10 04:00";"0,34";"9,6";"1,154";"3,4"
"2024-04-10 05:00";"0,367";"9,4";"1,197";"3,4"
"2024-04-10 06:00";"0,356";"9,3";"1,278";"3,5"
"2024-04-10 07:00";"0,408";"8,8";"1,247";"3,5"
"2024-04-10 08:00";"0,407";"8,5";"1,165";"4,3"
"2024-04-10 09:00";"0,386";"8,5";"1,091";"5,2"
"2024-04-10 10:00";"0,408";"8,3";"0,965";"7,4"
"2024-04-10 11:00";"0,395";"8,5";"0,373";"9,6"
"2024-04-10 12:00";"0,608";"8,7";"0,312";"10,3"
"2024-04-10 13:00";"0,432";"9,1";"0,317";"10,9"
"2024-04-10 14:00";"0,448";"10,3";"0,313";"11,1"
"2024-04-10 15:00";"0,669";"11,000";"0,354";"11,4"
"2024-04-10 16:00";"0,451";"11,4";"0,329";"11,7"
"2024-04-10 17:00";"0,343";"11,3";"0,313";"11,5"
"2024-04-10 18:00";"0,365";"11,1";"1,221";"11,2"
"2024-04-10 19:00";"0,371";"10,3";"0,953";"10,3"
"2024-04-10 20:00";"0,395";"9,4";"0,881";"8,8"
"2024-04-10 21:00";"0,424";"8,7";"0,405";"7,3"
"2024-04-10 22:00";"0,431";"8,000";"0,425";"6,7"
"2024-04-10 23:00";"0,453";"7,5";"0,468";"6,6"
"2024-04-11 00:00";"0,468";"6,7";"0,514";"7,6"
"2024-04-11 01:00";"0,477";"6,2";"0,509";"8,3"
"2024-04-11 02:00";"1,465";"6,6";"1,53";"8,8"
"2024-04-11 03:00";"1,48";"6,3";"1,501";"10,3"
"2024-04-11 04:00";"0,509";"6,4";"1,498";"10,3"
"2024-04-11 05:00";"0,519";"6,6";"1,489";"9,8"
"2024-04-11 06:00";"0,541";"7,5";"1,299";"9,4"
"2024-04-11 07:00";"0,536";"8,1";"0,528";"9,1"
"2024-04-11 08:00";"0,579";"9,2";"0,641";"8,8"
"2024-04-11 09:00";"0,57";"9,1";"0,563";"8,1"
"2024-04-11 10:00";"0,975";"8,6";"1,212";"6,6"
"2024-04-11 11:00";"0,894";"8,6";"1,145";"5,4"
"2024-04-11 12:00";"0,584";"8,9";"1,115";"4,6"
"2024-04-11 13:00";"0,772";"9,3";"1,074";"4,8"
"2024-04-11 14:00";"0,711";"10,1";"1,05";"5,6"
"2024-04-11 15:00";"0,853";"10,2";"0,973";"7,6"
"2024-04-11 16:00";"1,348";"10,7";"1,042";"7,7"
"2024-04-11 17:00";"1,356";"10,9";"1,269";"7,3"
"2024-04-11 18:00";"0,874";"11,2";"0,909";"7,5"
"2024-04-11 19:00";"0,562";"11,1";"0,94";"8,9"
"2024-04-11 20:00";"0,719";"10,8";"0,989";"7,9"
"2024-04-11 21:00";"0,562";"10,7";"1,002";"6,9"
"2024-04-11 22:00";"0,485";"10,7";"1,001";"6,000"
"2024-04-11 23:00";"0,507";"10,6";"0,991";"5,3"
"2024-04-12 00:00";"0,478";"10,3";"1,013";"4,6"
"2024-04-12 01:00";"1,156";"10,4";"1,044";"3,5"
"2024-04-12 02:00";"1,476";"10,000";"2,036";"2,000"
"2024-04-12 03:00";"1,451";"9,2";"2,043";"1,3"
"2024-04-12 04:00";"1,471";"8,8";"2,054";"0,9"
"2024-04-12 05:00";"1,46";"8,000";"2,073";"-0,6"
"2024-04-12 06:00";"0,742";"7,8";"2,11";"-0,8"
"2024-04-12 07:00";"0,538";"8,3";"1,366";"-1,000"
"2024-04-12 08:00";"0,499";"8,7";"1,41";"-0,2"
"2024-04-12 09:00";"0,514";"9,4";"0,983";"3,000"
"2024-04-12 10:00";"0,942";"9,9";"0,846";"6,8"
"2024-04-12 11:00";"1,02";"11,5";"0,803";"8,9"
"2024-04-12 12:00";"1,379";"12,3";"0,761";"9,7"
"2024-04-12 13:00";"0,437";"12,5";"0,731";"9,7"
"2024-04-12 14:00";"0,474";"12,1";"0,707";"10,2"
"2024-04-12 15:00";"0,455";"12,000";"0,636";"10,6"
"2024-04-12 16:00";"0,444";"11,9";"0,767";"10,7"
"2024-04-12 17:00";"0,444";"11,8";"0,741";"10,2"
"2024-04-12 18:00";"0,433";"11,9";"0,869";"9,6"
"2024-04-12 19:00";"0,48";"11,4";"0,758";"9,000"
"2024-04-12 20:00";"0,672";"10,8";"0,851";"8,4"
"2024-04-12 21:00";"0,627";"10,9";"0,759";"7,8"
"2024-04-12 22:00";"0,527";"11,000";"0,844";"6,7"
"2024-04-12 23:00";"0,633";"10,7";"0,857";"5,9"
"2024-04-13 00:00";"1,139";"10,7";"0,854";"6,1"
"2024-04-13 01:00";"0,53";"10,5";"0,88";"6,4"
"2024-04-13 02:00";"1,564";"10,4";"1,884";"6,7"
"2024-04-13 03:00";"0,848";"10,1";"1,891";"7,2"
"2024-04-13 04:00";"0,585";"9,6";"1,529";"6,9"
"2024-04-13 05:00";"0,588";"9,7";"0,918";"6,2"
"2024-04-13 06:00";"0,576";"9,5";"0,882";"5,3"
"2024-04-13 07:00";"0,717";"9,1";"0,88";"4,3"
"2024-04-13 08:00";"1,381";"8,9";"0,972";"3,6"
"2024-04-13 09:00";"1,284";"9,2";"0,911";"4,3"
"2024-04-13 10:00";"1,088";"9,8";"0,888";"5,8"
"2024-04-13 11:00";"1,058";"10,7";"0,804";"7,9"
"2024-04-13 12:00";"2,751";"11,6";"0,818";"8,9"
"2024-04-13 13:00";"1,206";"12,6";"0,819";"9,7"
"2024-04-13 14:00";"0,945";"12,7";"0,79";"10,7"
"2024-04-13 15:00";"0,847";"13,3";"0,721";"11,5"
"2024-04-13 16:00";"0,826";"14,000";"0,707";"12,1"
"2024-04-13 17:00";"0,823";"14,3";"0,77";"11,8"
"2024-04-13 18:00";"0,859";"13,8";"0,911";"11,5"
"2024-04-13 19:00";"1,907";"13,4";"1,208";"10,9"
"2024-04-13 20:00";"0,89";"12,9";"0,952";"9,8"
"2024-04-13 21:00";"0,823";"12,5";"0,758";"8,6"
"2024-04-13 22:00";"0,805";"12,2";"0,771";"8,1"
"2024-04-13 23:00";"0,8";"12,1";"0,78";"7,3"
"2024-04-14 00:00";"0,815";"11,5";"0,778";"6,3"
"2024-04-14 01:00";"0,824";"11,1";"0,801";"6,1"
"2024-04-14 02:00";"1,704";"11,7";"1,78";"6,000"
"2024-04-14 03:00";"0,805";"11,4";"1,123";"5,5"
"2024-04-14 04:00";"0,827";"10,7";"0,842";"4,3"
"2024-04-14 05:00";"0,826";"10,4";"0,88";"2,8"
"2024-04-14 06:00";"0,818";"9,8";"1,591";"3,000"
"2024-04-14 07:00";"0,853";"8,8";"0,768";"2,7"
"2024-04-14 08:00";"0,842";"8,1";"0,49";"3,5"
"2024-04-14 09:00";"0,814";"8,4";"0,463";"3,9"
"2024-04-14 10:00";"0,806";"8,8";"0,459";"4,7"
"2024-04-14 11:00";"0,842";"9,4";"0,444";"6,4"
"2024-04-14 12:00";"1,482";"10,1";"0,45";"7,4"
"2024-04-14 13:00";"0,715";"10,6";"0,435";"8,1"
"2024-04-14 14:00";"0,678";"11,3";"0,452";"8,6"
"2024-04-14 15:00";"0,773";"11,1";"0,446";"9,4"
"2024-04-14 16:00";"1,091";"10,7";"0,438";"9,6"
"2024-04-14 17:00";"1,261";"10,4";"0,631";"9,9"
"2024-04-14 18:00";"0,75";"10,5";"0,549";"10,2"
"2024-04-14 19:00";"0,787";"10,000";"0,668";"9,9"
"2024-04-14 20:00";"0,887";"9,1";"0,966";"9,4"
"2024-04-14 21:00";"0,779";"8,2";"1,231";"8,8"
"2024-04-14 22:00";"0,784";"7,8";"1,073";"8,6"
"2024-04-14 23:00";"0,783";"7,4";"0,533";"8,6"
"2024-04-15 00:00";"0,776";"6,9";"0,559";"8,7"
"2024-04-15 01:00";"0,798";"6,4";"0,499";"8,3"
"2024-04-15 02:00";"1,699";"5,9";"1,387";"7,9"
"2024-04-15 03:00";"0,825";"5,4";"1,412";"7,9"
"2024-04-15 04:00";"0,839";"5,2";"0,464";"7,9"
"2024-04-15 05:00";"0,876";"4,9";"0,426";"7,4"
"2024-04-15 06:00";"0,892";"4,1";"0,429";"7,7"
"2024-04-15 07:00";"0,879";"3,4";"0,433";"7,6"
"2024-04-15 08:00";"0,881";"5,1";"0,46";"8,1"
"2024-04-15 09:00";"0,836";"6,2";"0,425";"8,6"
"2024-04-15 10:00";"0,799";"6,5";"0,425";"9,8"
"2024-04-15 11:00";"0,457";"7,6";"0,33";"11,1"
"2024-04-15 12:00";"0,402";"8,3";"2,000";"12,1"
"2024-04-15 13:00";"0,575";"9,000";"1,17";"12,7"
"2024-04-15 14:00";"0,392";"9,6";"0,572";"12,2"
"2024-04-15 15:00";"0,331";"10,000";"0,939";"11,7"
"2024-04-15 16:00";"0,345";"10,5";"0,768";"11,8"
"2024-04-15 17:00";"0,354";"10,2";"0,501";"11,8"
"2024-04-15 18:00";"0,366";"9,6";"0,381";"11,4"
"2024-04-15 19:00";"0,378";"8,8";"0,365";"10,5"
"2024-04-15 20:00";"0,415";"7,8";"0,399";"10,2"
"2024-04-15 21:00";"0,42";"7,2";"0,803";"9,9"
"2024-04-15 22:00";"0,4";"7,1";"0,88";"9,4"
"2024-04-15 23:00";"0,413";"6,8";"0,834";"8,9"
"2024-04-16 00:00";"0,44";"5,9";"0,846";"8,9"
"2024-04-16 01:00";"0,458";"5,2";"0,864";"8,8"
"2024-04-16 02:00";"1,433";"4,8";"1,568";"8,7"
"2024-04-16 03:00";"1,419";"4,2";"0,867";"8,6"
"2024-04-16 04:00";"0,517";"3,7";"0,87";"8,3"
"2024-04-16 05:00";"0,51";"3,9";"0,866";"8,000"
"2024-04-16 06:00";"0,572";"4,4";"0,887";"6,9"
"2024-04-16 07:00";"0,565";"4,6";"0,933";"7,3"
"2024-04-16 08:00";"0,864";"4,6";"0,893";"7,4"
"2024-04-16 09:00";"2,515";"5,4";"0,877";"7,5"
"2024-04-16 10:00";"2,769";"6,9";"1,172";"7,7"
"2024-04-16 11:00";"1,352";"7,7";"1,097";"8,2"
"2024-04-16 12:00";"0,873";"9,000";"1,667";"9,1"
"2024-04-16 13:00";"1,766";"10,000";"2,015";"9,8"
"2024-04-16 14:00";"2,588";"10,5";"1,636";"11,000"
"2024-04-16 15:00";"1,324";"10,1";"1,585";"11,9"
"2024-04-16 16:00";"0,413";"8,4";"0,458";"12,1"
"2024-04-16 17:00";"0,423";"7,9";"0,373";"12,9"
"2024-04-16 18:00";"0,944";"7,8";"0,37";"11,8"
"2024-04-16 19:00";"0,454";"6,8";"0,397";"10,9"
"2024-04-16 20:00";"0,478";"5,7";"0,619";"10,1"
"2024-04-16 21:00";"0,499";"5,4";"0,437";"9,8"
"2024-04-16 22:00";"0,496";"4,8";"0,381";"8,9"
"2024-04-16 23:00";"0,52";"4,4";"0,357";"7,3"
"2024-04-17 00:00";"0,53";"4,2";"0,39";"5,9"
"2024-04-17 01:00";"0,541";"4,3";"0,389";"4,8"
"2024-04-17 02:00";"1,53";"4,4";"1,388";"3,7"
"2024-04-17 03:00";"1,851";"4,1";"0,668";"2,6"
"2024-04-17 04:00";"0,611";"3,4";"0,428";"2,9"
"2024-04-17 05:00";"0,626";"2,2";"0,442";"2,3"
"2024-04-17 06:00";"1,484";"1,8";"0,489";"1,8"
"2024-04-17 07:00";"1,313";"2,1";"0,525";"2,7"
"2024-04-17 08:00";"1,161";"2,7";"0,461";"4,6"
"2024-04-17 09:00";"1,005";"4,2";"0,514";"6,4"
"2024-04-17 10:00";"1,005";"5,8";"0,449";"8,5"
"2024-04-17 11:00";"1,085";"7,000";"0,533";"10,000"
"2024-04-17 12:00";"1,022";"7,9";"0,341";"11,1"
"2024-04-17 13:00";"0,962";"8,3";"0,393";"12,1"
"2024-04-17 14:00";"0,943";"8,4";"0,355";"13,1"
"2024-04-17 15:00";"0,909";"8,5";"0,322";"13,3"
"2024-04-17 16:00";"0,941";"8,7";"0,309";"13,1"
"2024-04-17 17:00";"0,937";"9,1";"0,415";"13,3"
"2024-04-17 18:00";"0,897";"9,2";"0,324";"13,3"
"2024-04-17 19:00";"0,908";"8,7";"1,38";"9,7"
"2024-04-17 20:00";"1,028";"8,3";"1,351";"8,3"
"2024-04-17 21:00";"0,957";"6,3";"0,927";"6,7"
"2024-04-17 22:00";"0,939";"5,8";"0,918";"5,4"
"2024-04-17 23:00";"1,278";"5,2";"0,933";"4,4"
"2024-04-18 00:00";"1,38";"4,8";"0,942";"4,2"
"2024-04-18 01:00";"1,002";"4,4";"0,942";"4,8"
"2024-04-18 02:00";"2,015";"3,2";"1,972";"5,1"
"2024-04-18 03:00";"1,596";"2,9";"1,981";"4,5"
"2024-04-18 04:00";"1,048";"3,000";"1,995";"4,4"
"2024-04-18 05:00";"1,09";"3,7";"2,019";"3,7"
"2024-04-18 06:00";"1,114";"3,8";"2,251";"3,5"
"2024-04-18 07:00";"1,095";"3,000";"1,167";"3,5"
"2024-04-18 08:00";"1,05";"4,1";"1,047";"4,7"
"2024-04-18 09:00";"1,05";"6,4";"0,99";"6,7"
"2024-04-18 10:00";"1,021";"7,2";"0,954";"8,7"
"2024-04-18 11:00";"0,961";"8,2";"0,874";"10,5"
"2024-04-18 12:00";"0,924";"8,5";"0,738";"12,000"
"2024-04-18 13:00";"0,979";"5,9";"0,308";"13,3"
"2024-04-18 14:00";"1,006";"6,4";"0,329";"14,2"
"2024-04-18 15:00";"1,071";"6,9";"0,313";"15,2"
"2024-04-18 16:00";"1,702";"7,7";"0,301";"15,9"
"2024-04-18 17:00";"0,831";"7,7";"0,731";"16,000"
"2024-04-18 18:00";"0,851";"7,6";"0,251";"15,7"
"2024-04-18 19:00";"0,883";"7,000";"0,239";"14,2"
"2024-04-18 20:00";"0,968";"5,7";"0,268";"12,3"
"2024-04-18 21:00";"0,953";"4,1";"0,292";"10,9"
"2024-04-18 22:00";"0,963";"4,1";"0,316";"9,9"
"2024-04-18 23:00";"0,988";"4,3";"0,321";"8,8"
"2024-04-19 00:00";"0,999";"3,9";"0,328";"7,7"
"2024-04-19 01:00";"0,999";"4,000";"0,323";"6,4"
"2024-04-19 02:00";"1,966";"4,000";"1,332";"4,7"
"2024-04-19 03:00";"2,039";"3,4";"1,337";"3,000"
"2024-04-19 04:00";"2,705";"2,1";"1,332";"4,7"
"2024-04-19 05:00";"1,723";"2,4";"0,561";"5,000"
"2024-04-19 06:00";"1,11";"2,3";"0,439";"3,8"
"2024-04-19 07:00";"1,619";"2,3";"1,449";"3,9"
"2024-04-19 08:00";"1,653";"3,000";"0,867";"5,1"
"2024-04-19 09:00";"1,153";"3,8";"0,378";"7,2"
"2024-04-19 10:00";"1,101";"4,3";"0,371";"9,3"
"2024-04-19 11:00";"1,123";"4,5";"0,338";"11,3"
"2024-04-19 12:00";"1,013";"4,4";"0,318";"12,1"
"2024-04-19 13:00";"1,037";"4,8";"0,301";"12,6"
"2024-04-19 14:00";"1,283";"5,1";"0,248";"13,4"
"2024-04-19 15:00";"1,053";"5,3";"0,331";"14,1"
"2024-04-19 16:00";"1,398";"5,3";"0,285";"14,4"
"2024-04-19 17:00";"1,321";"5,4";"0,243";"14,5"
"2024-04-19 18:00";"1,299";"6,000";"0,243";"14,2"
"2024-04-19 19:00";"1,078";"6,000";"0,542";"13,6"
"2024-04-19 20:00";"1,251";"5,2";"0,361";"12,3"
"2024-04-19 21:00";"1,128";"4,7";"0,505";"10,6"
"2024-04-19 22:00";"1,137";"3,6";"0,372";"9,5"
"2024-04-19 23:00";"1,441";"2,9";"0,343";"8,3"
"2024-04-20 00:00";"1,532";"2,4";"0,377";"7,5"
"2024-04-20 01:00";"1,218";"1,9";"0,412";"6,7"
"2024-04-20 02:00";"2,187";"0,7";"1,413";"6,000"
"2024-04-20 03:00";"1,869";"-0,1";"1,446";"5,7"
"2024-04-20 04:00";"1,272";"-1,000";"1,443";"5,2"
"2024-04-20 05:00";"1,293";"-1,3";"0,985";"5,1"
"2024-04-20 06:00";"1,324";"-0,9";"0,568";"5,3"
"2024-04-20 07:00";"1,358";"-0,5";"0,57";"5,5"
"2024-04-20 08:00";"1,491";"0,3";"0,472";"6,7"
"2024-04-20 09:00";"1,334";"1,7";"0,444";"8,5"
"2024-04-20 10:00";"1,13";"3,4";"0,374";"11,000"
"2024-04-20 11:00";"1,336";"4,3";"0,383";"13,3"
"2024-04-20 12:00";"2,081";"4,9";"0,348";"14,9"
"2024-04-20 13:00";"1,039";"5,5";"0,347";"15,8"
"2024-04-20 14:00";"1,016";"5,6";"0,43";"16,3"
"2024-04-20 15:00";"1,037";"5,7";"0,384";"16,7"
"2024-04-20 16:00";"1,114";"6,3";"0,869";"16,8"
"2024-04-20 17:00";"1,041";"6,4";"0,568";"16,6"
"2024-04-20 18:00";"1,628";"7,5";"0,294";"16,2"
"2024-04-20 19:00";"1,623";"7,3";"0,405";"15,5"
"2024-04-20 20:00";"1,226";"6,000";"0,358";"14,3"
"2024-04-20 21:00";"1,06";"4,1";"0,3";"12,9"
"2024-04-20 22:00";"1,047";"3,5";"0,311";"11,9"
"2024-04-20 23:00";"1,089";"1,7";"0,322";"11,1"
"2024-04-21 00:00";"1,115";"1,2";"0,331";"10,7"
"2024-04-21 01:00";"1,116";"1,6";"0,371";"10,000"
"2024-04-21 02:00";"2,094";"1,7";"1,369";"9,3"
"2024-04-21 03:00";"1,198";"0,5";"1,385";"8,3"
"2024-04-21 04:00";"1,189";"-0,3";"1,388";"7,8"
"2024-04-21 05:00";"1,2";"0,5";"1,397";"7,4"
"2024-04-21 06:00";"1,628";"1,6";"1,426";"5,7"
"2024-04-21 07:00";"1,504";"1,5";"0,513";"5,8"
"2024-04-21 08:00";"1,181";"2,4";"0,327";"7,6"
"2024-04-21 09:00";"1,168";"3,9";"0,284";"9,8"
"2024-04-21 10:00";"1,108";"4,5";"0,26";"12,2"
"2024-04-21 11:00";"1,007";"6,000";"0,246";"13,8"
"2024-04-21 12:00";"1,539";"6,7";"0,24";"15,000"
"2024-04-21 13:00";"0,975";"7,1";"0,244";"15,8"
"2024-04-21 14:00";"0,922";"7,3";"0,265";"16,3"
"2024-04-21 15:00";"0,923";"7,7";"0,24";"16,4"
"2024-04-21 16:00";"0,917";"8,000";"0,231";"16,5"
"2024-04-21 17:00";"1,016";"6,5";"0,495";"16,6"
"2024-04-21 18:00";"0,954";"6,3";"1,973";"16,3"
"2024-04-21 19:00";"0,975";"5,5";"0,643";"15,7"
"2024-04-21 20:00";"1,011";"4,6";"0,41";"14,7"
"2024-04-21 21:00";"1,079";"3,9";"0,293";"13,1"
"2024-04-21 22:00";"1,087";"3,8";"0,267";"11,3"
"2024-04-21 23:00";"1,064";"2,6";"0,29";"9,5"
"2024-04-22 00:00";"1,114";"1,2";"0,308";"7,7"
"2024-04-22 01:00";"1,131";"0,7";"0,295";"6,8"
"2024-04-22 02:00";"2,1";"0,7";"1,306";"5,6"
"2024-04-22 03:00";"1,187";"0,8";"1,321";"4,7"
"2024-04-22 04:00";"1,202";"0,6";"0,739";"4,1"
"2024-04-22 05:00";"1,742";"0,6";"0,33";"6,1"
"2024-04-22 06:00";"1,381";"0,6";"0,351";"7,3"
"2024-04-22 07:00";"1,244";"0,3";"0,352";"7,3"
"2024-04-22 08:00";"1,261";"0,6";"0,839";"9,3"
"2024-04-22 09:00";"1,299";"1,2";"1,161";"11,000"
"2024-04-22 10:00";"1,471";"1,4";"0,746";"13,7"
"2024-04-22 11:00";"1,275";"1,5";"0,233";"15,1"
"2024-04-22 12:00";"1,272";"1,7";"1,022";"16,2"
"2024-04-22 13:00";"1,293";"1,9";"0,202";"16,8"
"2024-04-22 14:00";"1,294";"2,000";"0,263";"17,1"
"2024-04-22 15:00";"1,254";"1,9";"0,225";"17,2"
"2024-04-22 16:00";"1,378";"1,9";"0,39";"17,3"
"2024-04-22 17:00";"1,858";"2,3";"0,22";"16,8"
"2024-04-22 18:00";"1,282";"2,4";"0,273";"16,4"
"2024-04-22 19:00";"1,327";"2,2";"0,241";"15,6"
"2024-04-22 20:00";"1,405";"2,000";"0,246";"14,7"
"2024-04-22 21:00";"1,344";"1,6";"0,289";"13,5"
"2024-04-22 22:00";"1,363";"1,4";"0,31";"11,8"
"2024-04-22 23:00";"1,366";"1,2";"0,318";"10,8"
"2024-04-23 00:00";"2,026";"1,3";"0,258";"10,1"
"2024-04-23 01:00";"1,373";"1,000";"0,261";"10,1"
"2024-04-23 02:00";"2,363";"0,3";"1,276";"10,000"
"2024-04-23 03:00";"2,356";"0,1";"1,274";"10,4"
"2024-04-23 04:00";"1,405";"0,4";"1,253";"10,6"
"2024-04-23 05:00";"1,454";"0,7";"1,076";"10,6"
"2024-04-23 06:00";"1,446";"0,6";"0,251";"10,7"
"2024-04-23 07:00";"1,435";"0,7";"0,266";"10,8"
"2024-04-23 08:00";"1,395";"3,1";"0,249";"11,000"
"2024-04-23 09:00";"1,289";"3,9";"0,235";"11,000"
"2024-04-23 10:00";"1,142";"4,5";"1,084";"11,8"
"2024-04-23 11:00";"1,126";"5,000";"0,915";"10,000"
"2024-04-23 12:00";"1,126";"4,9";"1,851";"8,3"
"2024-04-23 13:00";"1,927";"4,3";"1,05";"6,9"
"2024-04-23 14:00";"1,126";"5,5";"1,042";"7,2"
"2024-04-23 15:00";"1,107";"6,2";"1,521";"8,3"
"2024-04-23 16:00";"1,106";"6,5";"1,394";"9,3"
"2024-04-23 17:00";"1,087";"6,8";"0,888";"10,2"
"2024-04-23 18:00";"1,115";"7,3";"0,81";"11,1"
"2024-04-23 19:00";"1,146";"6,1";"0,768";"11,2"
"2024-04-23 20:00";"1,159";"5,4";"0,823";"10,7"
"2024-04-23 21:00";"1,254";"5,3";"0,844";"8,4"
"2024-04-23 22:00";"1,197";"4,1";"0,843";"7,5"
"2024-04-23 23:00";"1,134";"4,3";"0,815";"6,4"
"2024-04-24 00:00";"1,149";"4,000";"0,801";"5,9"
"2024-04-24 01:00";"1,184";"3,4";"0,803";"5,6"
"2024-04-24 02:00";"2,16";"3,000";"1,806";"5,8"
"2024-04-24 03:00";"1,623";"2,8";"1,815";"5,6"
"2024-04-24 04:00";"1,912";"2,8";"1,841";"5,9"
"2024-04-24 05:00";"1,258";"3,000";"0,895";"6,3"
"2024-04-24 06:00";"1,264";"3,2";"0,925";"6,8"
"2024-04-24 07:00";"1,283";"3,4";"0,925";"7,000"
"2024-04-24 08:00";"1,212";"4,1";"0,891";"6,8"
"2024-04-24 09:00";"1,128";"5,8";"0,864";"8,3"
"2024-04-24 10:00";"1,194";"7,4";"0,892";"9,8"
"2024-04-24 11:00";"1,053";"7,8";"0,867";"9,2"
"2024-04-24 12:00";"1,048";"8,3";"0,833";"9,6"
"2024-04-24 13:00";"1,047";"8,6";"0,863";"10,000"
"2024-04-24 14:00";"0,981";"9,2";"0,807";"12,000"
"2024-04-24 15:00";"0,944";"9,2";"0,766";"13,1"
"2024-04-24 16:00";"0,943";"9,3";"0,739";"14,1"
"2024-04-24 17:00";"0,942";"9,3";"0,73";"14,3"
"2024-04-24 18:00";"1,02";"9,2";"0,743";"14,5"
"2024-04-24 19:00";"0,969";"8,000";"1,022";"13,9"
"2024-04-24 20:00";"1,003";"7,2";"0,861";"10,4"
"2024-04-24 21:00";"1,08";"5,4";"0,87";"7,6"
"2024-04-24 22:00";"1,058";"4,3";"0,834";"6,7"
"2024-04-24 23:00";"1,098";"3,8";"0,824";"5,9"
"2024-04-25 00:00";"1,096";"3,2";"0,837";"6,1"
"2024-04-25 01:00";"1,126";"2,3";"0,818";"6,8"
"2024-04-25 02:00";"2,125";"1,9";"1,834";"6,7"
"2024-04-25 03:00";"2,433";"1,1";"1,82";"6,2"
"2024-04-25 04:00";"1,411";"1,4";"1,806";"5,5"
"2024-04-25 05:00";"1,212";"1,3";"1,546";"5,1"
"2024-04-25 06:00";"1,229";"1,8";"1,335";"5,5"
"2024-04-25 07:00";"1,195";"2,5";"0,898";"5,7"
"2024-04-25 08:00";"1,163";"3,6";"0,837";"5,9"
"2024-04-25 09:00";"1,093";"4,7";"0,854";"5,8"
"2024-04-25 10:00";"1,055";"6,3";"0,887";"5,8"
"2024-04-25 11:00";"0,989";"8,1";"0,89";"5,7"
"2024-04-25 12:00";"0,954";"8,9";"0,873";"6,1"
"2024-04-25 13:00";"0,927";"9,5";"0,927";"6,000"
"2024-04-25 14:00";"0,955";"10,1";"0,916";"7,000"
"2024-04-25 15:00";"0,96";"10,3";"0,884";"7,6"
"2024-04-25 16:00";"1,524";"10,4";"0,946";"7,7"
"2024-04-25 17:00";"1,025";"10,6";"1,196";"7,9"
"2024-04-25 18:00";"0,923";"10,1";"0,883";"8,000"
"2024-04-25 19:00";"0,941";"8,8";"0,866";"7,4"
"2024-04-25 20:00";"0,98";"7,4";"0,929";"6,3"
"2024-04-25 21:00";"0,958";"5,7";"1,429";"6,6"
"2024-04-25 22:00";"0,989";"4,8";"0,996";"6,8"
"2024-04-25 23:00";"1,04";"4,4";"0,939";"6,6"
"2024-04-26 00:00";"1,056";"4,000";"0,927";"6,1"
"2024-04-26 01:00";"1,065";"3,7";"0,94";"5,9"
"2024-04-26 02:00";"2,048";"3,6";"1,956";"5,9"
"2024-04-26 03:00";"1,581";"3,2";"1,933";"5,7"
"2024-04-26 04:00";"1,094";"3,5";"1,925";"5,000"
"2024-04-26 05:00";"1,77";"3,8";"1,935";"5,1"
"2024-04-26 06:00";"1,345";"3,5";"1,144";"4,6"
"2024-04-26 07:00";"1,726";"3,1";"1,003";"4,6"
"2024-04-26 08:00";"1,149";"3,8";"0,92";"5,2"
"2024-04-26 09:00";"1,184";"4,4";"0,864";"5,9"
"2024-04-26 10:00";"1,125";"5,4";"0,827";"6,4"
"2024-04-26 11:00";"1,132";"6,8";"0,777";"7,000"
"2024-04-26 12:00";"1,078";"8,3";"0,766";"7,5"
"2024-04-26 13:00";"1,000";"9,000";"0,776";"8,3"
"2024-04-26 14:00";"0,983";"9,000";"0,753";"8,6"
"2024-04-26 15:00";"0,973";"8,9";"0,935";"9,4"
"2024-04-26 16:00";"0,988";"8,7";"0,866";"9,7"
"2024-04-26 17:00";"1,213";"6,5";"1,876";"9,5"
"2024-04-26 18:00";"2,201";"5,9";"1,62";"9,3"
"2024-04-26 19:00";"1,21";"5,000";"0,981";"8,8"
"2024-04-26 20:00";"1,038";"5,3";"1,127";"8,2"
"2024-04-26 21:00";"1,196";"5,5";"0,905";"7,000"
"2024-04-26 22:00";"1,189";"5,6";"0,942";"6,6"
"2024-04-26 23:00";"1,193";"4,7";"0,879";"5,8"
"2024-04-27 00:00";"1,595";"3,9";"0,898";"5,3"
"2024-04-27 01:00";"1,218";"3,7";"0,915";"5,2"
"2024-04-27 02:00";"3,146";"3,8";"1,923";"4,6"
"2024-04-27 03:00";"1,722";"4,3";"1,917";"4,4"
"2024-04-27 04:00";"1,043";"3,3";"1,947";"4,000"
"2024-04-27 05:00";"1,064";"2,7";"1,979";"3,8"
"2024-04-27 06:00";"1,043";"3,4";"1,984";"3,8"
"2024-04-27 07:00";"1,059";"4,000";"1,007";"4,1"
"2024-04-27 08:00";"1,018";"4,4";"0,974";"4,6"
"2024-04-27 09:00";"0,996";"5,7";"0,93";"5,3"
"2024-04-27 10:00";"0,968";"7,4";"0,879";"6,6"
"2024-04-27 11:00";"0,924";"9,6";"0,911";"7,5"
"2024-04-27 12:00";"1,424";"11,3";"0,828";"8,1"
"2024-04-27 13:00";"0,856";"12,6";"0,732";"8,8"
"2024-04-27 14:00";"0,826";"13,2";"0,733";"8,7"
"2024-04-27 15:00";"0,785";"13,6";"0,959";"9,2"
"2024-04-27 16:00";"0,76";"14,000";"0,555";"10,1"
"2024-04-27 17:00";"0,784";"14,2";"0,461";"10,3"
"2024-04-27 18:00";"0,789";"14,4";"0,399";"10,1"
"2024-04-27 19:00";"0,803";"13,2";"0,36";"9,6"
"2024-04-27 20:00";"0,812";"11,8";"0,384";"8,9"
"2024-04-27 21:00";"0,833";"10,4";"1,246";"7,5"
"2024-04-27 22:00";"0,824";"9,2";"0,921";"5,4"
"2024-04-27 23:00";"0,812";"8,7";"0,412";"4,5"
"2024-04-28 00:00";"0,84";"8,9";"0,373";"4,3"
"2024-04-28 01:00";"0,864";"9,4";"0,392";"3,7"
"2024-04-28 02:00";"1,68";"10,1";"1,413";"3,5"
"2024-04-28 03:00";"0,877";"10,3";"1,428";"3,000"
"2024-04-28 04:00";"0,91";"9,7";"1,449";"2,1"
"2024-04-28 05:00";"0,885";"9,4";"1,46";"0,000"
"2024-04-28 06:00";"0,907";"9,4";"0,527";"-1,000"
"2024-04-28 07:00";"0,891";"9,8";"0,862";"0,3"
"2024-04-28 08:00";"0,838";"11,2";"0,537";"4,3"
"2024-04-28 09:00";"0,883";"12,8";"0,426";"6,5"
"2024-04-28 10:00";"0,797";"15,000";"0,383";"7,4"
"2024-04-28 11:00";"0,783";"16,7";"0,364";"8,4"
"2024-04-28 12:00";"1,35";"18,2";"0,278";"9,3"
"2024-04-28 13:00";"0,68";"18,9";"0,276";"9,5"
"2024-04-28 14:00";"0,666";"18,6";"0,299";"9,9"
"2024-04-28 15:00";"0,608";"18,7";"0,266";"10,2"
"2024-04-28 16:00";"0,52";"19,3";"0,322";"10,4"
"2024-04-28 17:00";"0,508";"19,3";"0,266";"10,1"
"2024-04-28 18:00";"0,502";"19,000";"0,306";"9,9"
"2024-04-28 19:00";"0,524";"18,2";"0,329";"10,2"
"2024-04-28 20:00";"0,551";"17,3";"0,331";"9,2"
"2024-04-28 21:00";"0,553";"16,1";"0,346";"8,1"
"2024-04-28 22:00";"0,565";"15,5";"0,354";"7,6"
"2024-04-28 23:00";"0,593";"14,6";"0,359";"7,1"
"2024-04-29 00:00";"0,612";"14,5";"0,372";"6,5"
"2024-04-29 01:00";"0,652";"14,7";"0,401";"5,9"
"2024-04-29 02:00";"1,504";"13,9";"1,392";"4,8"
"2024-04-29 03:00";"0,691";"13,2";"0,732";"3,5"
"2024-04-29 04:00";"0,753";"11,8";"0,446";"2,9"
"2024-04-29 05:00";"0,75";"10,8";"0,478";"2,2"
"2024-04-29 06:00";"0,839";"9,7";"0,5";"1,8"
"2024-04-29 07:00";"0,831";"9,1";"0,482";"2,7"
"2024-04-29 08:00";"0,736";"10,4";"0,473";"4,9"
"2024-04-29 09:00";"0,504";"11,000";"0,405";"7,5"
"2024-04-29 10:00";"0,394";"11,3";"0,381";"9,5"
"2024-04-29 11:00";"0,305";"11,7";"0,334";"10,9"
"2024-04-29 12:00";"0,327";"12,4";"1,321";"11,8"
"2024-04-29 13:00";"0,339";"13,7";"0,975";"12,3"
"2024-04-29 14:00";"0,22";"14,5";"0,289";"13,000"
"2024-04-29 15:00";"0,234";"14,6";"0,305";"12,9"
"2024-04-29 16:00";"0,234";"14,8";"0,76";"11,8"
"2024-04-29 17:00";"0,207";"15,1";"1,048";"11,9"
"2024-04-29 18:00";"0,236";"15,6";"1,78";"11,6"
"2024-04-29 19:00";"0,232";"15,5";"0,678";"10,4"
"2024-04-29 20:00";"0,246";"14,2";"0,39";"9,2"
"2024-04-29 21:00";"0,253";"11,9";"0,363";"8,2"
"2024-04-29 22:00";"0,244";"11,3";"0,309";"7,2"
"2024-04-29 23:00";"0,268";"10,6";"0,313";"6,5"
"2024-04-30 00:00";"0,279";"10,5";"0,314";"6,4"
"2024-04-30 01:00";"0,28";"10,3";"0,329";"5,9"
"2024-04-30 02:00";"1,255";"9,1";"1,334";"5,2"
"2024-04-30 03:00";"0,697";"7,8";"0,698";"4,6"
"2024-04-30 04:00";"0,298";"9,6";"0,37";"4,000"
"2024-04-30 05:00";"0,289";"11,8";"0,375";"3,5"
"2024-04-30 06:00";"0,338";"12,4";"0,375";"3,5"
"2024-04-30 07:00";"0,331";"11,8";"0,357";"4,4"
"2024-04-30 08:00";"0,285";"11,9";"0,362";"5,8"
"2024-04-30 09:00";"0,257";"13,000";"0,32";"6,8"
"2024-04-30 10:00";"0,25";"14,6";"0,322";"7,3"
"2024-04-30 11:00";"0,275";"16,1";"0,308";"7,9"
"2024-04-30 12:00";"0,277";"17,3";"1,329";"8,4"
"2024-04-30 13:00";"0,267";"17,8";"1,323";"8,6"
"2024-04-30 14:00";"0,24";"18,1";"1,302";"8,8"
"2024-04-30 15:00";"0,223";"18,000";"0,369";"9,4"
"2024-04-30 16:00";"0,447";"18,3";"0,353";"9,3"
"2024-04-30 17:00";"0,259";"18,2";"0,416";"9,6"
"2024-04-30 18:00";"0,219";"17,6";"0,505";"9,6"
"2024-04-30 19:00";"0,235";"16,1";"0,427";"9,2"
"2024-04-30 20:00";"0,277";"15,6";"0,409";"8,7"
"2024-04-30 21:00";"0,364";"14,6";"0,343";"7,4"
"2024-04-30 22:00";"0,276";"14,000";"0,43";"5,7"
"2024-04-30 23:00";"0,261";"13,7";"0,437";"4,6"
"2024-05-01 00:00";"0,267";"13,5";"0,4";"3,5"
"2024-05-01 01:00";"0,275";"13,2";"0,412";"3,2"
"2024-05-01 02:00";"1,257";"13,4";"1,019";"3,8"
"2024-05-01 03:00";"1,165";"13,000";"0,434";"3,5"
"2024-05-01 04:00";"0,29";"12,4";"0,461";"3,1"
"2024-05-01 05:00";"0,294";"12,000";"0,458";"3,000"
"2024-05-01 06:00";"0,284";"11,8";"0,437";"3,3"
"2024-05-01 07:00";"0,313";"11,9";"0,422";"3,8"
"2024-05-01 08:00";"0,34";"12,4";"0,424";"5,6"
"2024-05-01 09:00";"0,28";"13,6";"0,378";"8,6"
"2024-05-01 10:00";"0,375";"15,3";"0,342";"10,3"
"2024-05-01 11:00";"0,363";"17,4";"0,536";"11,3"
"2024-05-01 12:00";"0,245";"19,3";"0,728";"12,3"
"2024-05-01 13:00";"0,364";"19,5";"0,309";"13,1"
"2024-05-01 14:00";"0,249";"19,6";"0,328";"13,6"
"2024-05-01 15:00";"0,27";"20,000";"0,745";"13,9"
"2024-05-01 16:00";"0,287";"20,000";"0,898";"14,3"
"2024-05-01 17:00";"0,225";"19,5";"0,913";"14,5"
"2024-05-01 18:00";"0,215";"18,9";"0,283";"13,8"
"2024-05-01 19:00";"0,458";"17,9";"0,274";"12,8"
"2024-05-01 20:00";"0,382";"16,9";"0,291";"11,8"
"2024-05-01 21:00";"0,279";"15,8";"0,322";"10,5"
"2024-05-01 22:00";"0,229";"16,000";"0,329";"9,2"
"2024-05-01 23:00";"0,238";"16,2";"0,47";"8,4"
"2024-05-02 00:00";"0,237";"16,1";"0,353";"8,6"
"2024-05-02 01:00";"0,232";"15,9";"0,337";"9,6"
"2024-05-02 02:00";"1,245";"15,4";"1,339";"10,000"
"2024-05-02 03:00";"0,963";"14,5";"1,336";"9,2"
"2024-05-02 04:00";"0,255";"14,000";"1,34";"8,8"
"2024-05-02 05:00";"0,261";"13,5";"1,131";"7,7"
"2024-05-02 06:00";"0,268";"13,1";"0,607";"6,4"
"2024-05-02 07:00";"0,308";"12,8";"0,633";"6,3"
"2024-05-02 08:00";"0,255";"13,6";"0,395";"7,1"
"2024-05-02 09:00";"0,255";"14,7";"0,406";"8,3"
"2024-05-02 10:00";"0,257";"16,3";"0,356";"9,000"
"2024-05-02 11:00";"0,68";"17,6";"0,337";"9,8"
"2024-05-02 12:00";"0,834";"18,7";"0,408";"9,8"
"2024-05-02 13:00";"0,212";"19,5";"0,378";"10,1"
"2024-05-02 14:00";"0,206";"19,4";"0,319";"11,1"
"2024-05-02 15:00";"0,232";"18,9";"0,42";"11,3"
"2024-05-02 16:00";"0,76";"17,8";"0,359";"11,4"
"2024-05-02 17:00";"0,282";"17,3";"0,379";"11,3"
"2024-05-02 18:00";"0,213";"16,8";"0,648";"11,000"
"2024-05-02 19:00";"0,227";"16,8";"0,374";"10,5"
"2024-05-02 20:00";"0,336";"16,4";"0,383";"9,9"
"2024-05-02 21:00";"0,221";"15,9";"0,503";"8,1"
"2024-05-02 22:00";"0,215";"15,8";"1,343";"6,2"
"2024-05-02 23:00";"0,227";"15,6";"1,017";"5,1"
"2024-05-03 00:00";"0,238";"15,2";"0,442";"4,7"
"2024-05-03 01:00";"0,237";"15,2";"0,425";"4,3"
"2024-05-03 02:00";"1,235";"14,9";"1,428";"2,7"
"2024-05-03 03:00";"1,249";"14,2";"1,424";"3,000"
"2024-05-03 04:00";"1,261";"13,5";"0,469";"2,8"
"2024-05-03 05:00";"1,15";"13,000";"0,465";"3,2"
"2024-05-03 06:00";"0,255";"12,6";"0,528";"4,4"
"2024-05-03 07:00";"0,275";"12,8";"1,317";"5,8"
"2024-05-03 08:00";"0,262";"13,3";"1,237";"6,7"
"2024-05-03 09:00";"0,255";"14,3";"1,195";"7,1"
"2024-05-03 10:00";"0,286";"15,6";"1,144";"8,2"
"2024-05-03 11:00";"0,216";"16,6";"0,918";"9,3"
"2024-05-03 12:00";"0,284";"17,3";"1,022";"10,2"
"2024-05-03 13:00";"0,214";"18,9";"0,85";"11,1"
"2024-05-03 14:00";"0,216";"19,5";"0,236";"11,5"
"2024-05-03 15:00";"0,199";"19,3";"0,284";"11,4"
"2024-05-03 16:00";"0,192";"19,4";"0,283";"11,5"
"2024-05-03 17:00";"0,311";"18,9";"0,759";"11,6"
"2024-05-03 18:00";"0,188";"17,9";"0,686";"11,7"
"2024-05-03 19:00";"0,19";"16,8";"0,259";"11,4"
"2024-05-03 20:00";"0,205";"15,8";"0,29";"10,7"
"2024-05-03 21:00";"0,222";"14,8";"0,309";"8,9"
"2024-05-03 22:00";"0,231";"14,4";"0,327";"6,9"
"2024-05-03 23:00";"0,216";"13,9";"0,322";"6,5"
"2024-05-04 00:00";"0,221";"13,6";"0,34";"4,8"
"2024-05-04 01:00";"0,216";"13,2";"0,345";"4,8"
"2024-05-04 02:00";"1,224";"12,6";"1,335";"2,9"
"2024-05-04 03:00";"0,433";"11,6";"1,376";"1,6"
"2024-05-04 04:00";"0,246";"10,6";"1,391";"0,9"
"2024-05-04 05:00";"0,257";"9,3";"0,45";"0,5"
"2024-05-04 06:00";"0,251";"8,7";"0,381";"0,7"
"2024-05-04 07:00";"0,27";"9,9";"0,424";"1,9"
"2024-05-04 08:00";"0,236";"10,7";"0,424";"5,6"
"2024-05-04 09:00";"0,276";"11,7";"0,405";"8,2"
"2024-05-04 10:00";"0,23";"12,2";"0,426";"10,2"
"2024-05-04 11:00";"0,22";"14,3";"0,34";"11,2"
"2024-05-04 12:00";"0,796";"14,7";"0,343";"11,3"
"2024-05-04 13:00";"0,216";"13,4";"0,338";"11,1"
"2024-05-04 14:00";"0,2";"15,1";"0,479";"11,8"
"2024-05-04 15:00";"0,192";"15,000";"0,326";"12,5"
"2024-05-04 16:00";"0,229";"14,6";"0,415";"12,9"
"2024-05-04 17:00";"0,424";"14,7";"0,34";"13,000"
"2024-05-04 18:00";"0,213";"14,4";"0,427";"12,7"
"2024-05-04 19:00";"0,227";"14,1";"0,46";"10,8"
"2024-05-04 20:00";"0,203";"13,9";"0,563";"8,6"
"2024-05-04 21:00";"0,252";"13,7";"0,725";"7,7"
"2024-05-04 22:00";"0,245";"13,6";"0,661";"6,5"
"2024-05-04 23:00";"0,206";"12,4";"0,675";"5,6"
"2024-05-05 00:00";"0,218";"12,2";"0,722";"5,2"
"2024-05-05 01:00";"0,224";"11,9";"0,773";"4,9"
"2024-05-05 02:00";"1,149";"11,9";"1,845";"4,7"
"2024-05-05 03:00";"0,24";"10,9";"1,789";"4,6"
"2024-05-05 04:00";"0,243";"9,9";"1,509";"4,5"
"2024-05-05 05:00";"0,236";"9,6";"0,729";"4,3"
"2024-05-05 06:00";"0,241";"9,5";"0,977";"4,3"
"2024-05-05 07:00";"0,236";"10,4";"0,578";"4,8"
"2024-05-05 08:00";"0,271";"11,9";"0,491";"5,9"
"2024-05-05 09:00";"0,245";"12,2";"0,441";"6,9"
"2024-05-05 10:00";"0,23";"13,2";"0,42";"7,4"
"2024-05-05 11:00";"0,271";"15,000";"0,448";"7,7"
"2024-05-05 12:00";"1,193";"16,6";"0,447";"7,4"
"2024-05-05 13:00";"0,338";"17,1";"0,466";"7,3"
"2024-05-05 14:00";"0,476";"15,3";"0,484";"7,1"
"2024-05-05 15:00";"0,218";"12,2";"0,544";"7,1"
"2024-05-05 16:00";"0,232";"12,3";"0,537";"6,9"
"2024-05-05 17:00";"0,23";"13,000";"0,675";"6,6"
"2024-05-05 18:00";"0,239";"13,3";"0,898";"6,2"
"2024-05-05 19:00";"0,23";"13,8";"0,97";"5,6"
"2024-05-05 20:00";"0,241";"13,5";"0,986";"5,2"
"2024-05-05 21:00";"0,242";"12,4";"1,014";"4,7"
"2024-05-05 22:00";"0,268";"11,7";"0,867";"4,2"
"2024-05-05 23:00";"0,26";"11,000";"0,892";"4,2"
"2024-05-06 00:00";"0,262";"10,5";"0,917";"4,2"
"2024-05-06 01:00";"0,276";"9,7";"0,919";"3,9"
"2024-05-06 02:00";"1,059";"9,000";"1,919";"3,6"
"2024-05-06 03:00";"0,281";"8,9";"1,932";"3,4"
"2024-05-06 04:00";"0,284";"9,6";"1,933";"3,6"
"2024-05-06 05:00";"0,293";"9,9";"2,365";"3,7"
"2024-05-06 06:00";"0,302";"9,8";"2,3";"4,000"
"2024-05-06 07:00";"0,302";"9,9";"1,057";"4,7"
"2024-05-06 08:00";"0,297";"10,1";"1,086";"5,8"
"2024-05-06 09:00";"0,304";"10,3";"1,824";"6,8"
"2024-05-06 10:00";"0,354";"11,000";"1,279";"8,4"
"2024-05-06 11:00";"0,4";"11,8";"1,329";"9,3"
"2024-05-06 12:00";"0,334";"12,3";"1,947";"9,3"
"2024-05-06 13:00";"0,345";"11,9";"1,106";"9,2"
"2024-05-06 14:00";"0,346";"12,5";"1,033";"9,8"
"2024-05-06 15:00";"0,308";"12,9";"0,948";"9,7"
"2024-05-06 16:00";"0,282";"12,8";"1,083";"9,7"
"2024-05-06 17:00";"0,255";"12,6";"1,237";"9,4"
"2024-05-06 18:00";"0,317";"12,4";"1,282";"8,7"
"2024-05-06 19:00";"0,264";"12,9";"1,551";"7,6"
"2024-05-06 20:00";"0,268";"11,9";"1,883";"6,3"
"2024-05-06 21:00";"0,734";"11,4";"1,677";"5,000"
"2024-05-06 22:00";"0,636";"11,000";"1,651";"4,1"
"2024-05-06 23:00";"0,551";"10,3";"1,595";"3,6"
"2024-05-07 00:00";"0,306";"9,8";"1,65";"3,4"
"2024-05-07 01:00";"0,31";"9,4";"1,628";"3,5"
"2024-05-07 02:00";"1,299";"8,7";"2,634";"3,3"
"2024-05-07 03:00";"0,959";"8,2";"2,625";"3,2"
"2024-05-07 04:00";"0,356";"7,1";"1,64";"3,2"
"2024-05-07 05:00";"0,373";"5,9";"1,659";"3,3"
"2024-05-07 06:00";"0,4";"5,1";"1,632";"3,1"
"2024-05-07 07:00";"0,396";"5,6";"1,642";"3,8"
"2024-05-07 08:00";"0,398";"6,9";"1,494";"5,4"
"2024-05-07 09:00";"0,379";"8,5";"1,344";"7,8"
"2024-05-07 10:00";"0,327";"9,8";"1,23";"10,6"
"2024-05-07 11:00";"0,298";"11,1";"0,592";"12,9"
"2024-05-07 12:00";"0,311";"12,4";"1,015";"13,5"
"2024-05-07 13:00";"0,284";"13,4";"0,683";"13,9"
"2024-05-07 14:00";"0,257";"14,6";"0,487";"14,6"
"2024-05-07 15:00";"0,235";"14,6";"0,341";"14,7"
"2024-05-07 16:00";"0,238";"13,6";"0,364";"14,7"
"2024-05-07 17:00";"0,249";"12,9";"0,391";"14,5"
"2024-05-07 18:00";"0,303";"13,2";"0,357";"14,000"
"2024-05-07 19:00";"0,848";"12,6";"0,346";"13,2"
"2024-05-07 20:00";"0,322";"11,6";"0,369";"12,4"
"2024-05-07 21:00";"0,383";"10,000";"0,459";"10,8"
"2024-05-07 22:00";"0,392";"8,4";"1,099";"9,000"
"2024-05-07 23:00";"0,34";"7,2";"0,44";"7,6"
"2024-05-08 00:00";"0,323";"6,6";"0,458";"6,9"
"2024-05-08 01:00";"0,362";"5,9";"0,518";"6,6"
"2024-05-08 02:00";"1,339";"5,6";"1,547";"6,5"
"2024-05-08 03:00";"1,352";"5,2";"1,548";"6,6"
"2024-05-08 04:00";"0,385";"4,000";"0,591";"6,3"
"2024-05-08 05:00";"0,407";"4,4";"0,621";"6,4"
"2024-05-08 06:00";"0,394";"5,4";"0,634";"6,000"
"2024-05-08 07:00";"0,419";"6,5";"1,344";"6,9"
"2024-05-08 08:00";"0,453";"8,3";"1,117";"9,1"
"2024-05-08 09:00";"0,404";"10,2";"0,658";"11,8"
"2024-05-08 10:00";"0,38";"11,9";"0,382";"13,8"
"2024-05-08 11:00";"0,381";"12,3";"0,287";"14,6"
"2024-05-08 12:00";"0,358";"13,3";"0,283";"15,4"
"2024-05-08 13:00";"0,331";"14,4";"0,281";"15,8"
"2024-05-08 14:00";"0,514";"15,5";"0,285";"15,9"
"2024-05-08 15:00";"0,271";"15,5";"0,277";"16,000"
"2024-05-08 16:00";"0,281";"15,8";"0,268";"15,6"
"2024-05-08 17:00";"0,296";"15,9";"0,551";"15,5"
"2024-05-08 18:00";"0,259";"15,8";"0,614";"15,3"
"2024-05-08 19:00";"0,196";"15,2";"0,274";"15,000"
"2024-05-08 20:00";"0,241";"14,1";"0,395";"14,4"
"2024-05-08 21:00";"0,277";"12,4";"0,633";"13,2"
"2024-05-08 22:00";"0,287";"10,6";"0,644";"11,6"
"2024-05-08 23:00";"0,284";"9,000";"0,635";"9,9"
"2024-05-09 00:00";"0,272";"8,2";"0,682";"8,6"
"2024-05-09 01:00";"0,303";"7,4";"0,704";"8,8"
"2024-05-09 02:00";"1,284";"6,5";"1,728";"8,7"
"2024-05-09 03:00";"0,815";"6,3";"1,782";"7,9"
"2024-05-09 04:00";"0,334";"6,6";"1,801";"7,2"
"2024-05-09 05:00";"0,335";"7,1";"1,812";"7,2"
"2024-05-09 06:00";"0,333";"7,2";"1,598";"7,7"
"2024-05-09 07:00";"0,311";"8,8";"0,788";"8,7"
"2024-05-09 08:00";"0,342";"9,8";"0,773";"11,1"
"2024-05-09 09:00";"0,356";"11,4";"0,758";"12,5"
"2024-05-09 10:00";"0,297";"12,1";"0,656";"13,2"
"2024-05-09 11:00";"0,44";"12,9";"0,538";"13,6"
"2024-05-09 12:00";"0,301";"13,7";"0,522";"14,000"
"2024-05-09 13:00";"0,248";"14,6";"0,499";"14,5"
"2024-05-09 14:00";"0,255";"15,5";"0,69";"15,000"
"2024-05-09 15:00";"0,365";"15,9";"0,782";"15,1"
"2024-05-09 16:00";"0,247";"16,000";"0,788";"15,8"
"2024-05-09 17:00";"0,233";"15,2";"1,142";"16,4"
"2024-05-09 18:00";"0,262";"14,2";"1,038";"16,7"
"2024-05-09 19:00";"0,629";"14,5";"0,812";"16,6"
"2024-05-09 20:00";"0,727";"14,7";"0,788";"15,6"
"2024-05-09 21:00";"0,906";"14,1";"0,772";"13,9"
"2024-05-09 22:00";"0,292";"12,6";"0,779";"12,2"
"2024-05-09 23:00";"0,23";"12,1";"0,776";"11,1"
"2024-05-10 00:00";"0,254";"12,000";"0,786";"10,8"
"2024-05-10 01:00";"0,256";"12,1";"0,788";"10,7"
"2024-05-10 02:00";"1,243";"12,000";"1,755";"11,1"
"2024-05-10 03:00";"1,261";"11,7";"1,04";"10,9"
"2024-05-10 04:00";"0,401";"11,6";"0,78";"10,9"
"2024-05-10 05:00";"0,275";"11,6";"0,785";"10,5"
"2024-05-10 06:00";"0,29";"11,6";"0,916";"10,3"
"2024-05-10 07:00";"0,343";"11,6";"0,831";"10,8"
"2024-05-10 08:00";"0,291";"11,7";"0,885";"11,8"
"2024-05-10 09:00";"0,292";"12,1";"0,841";"12,7"
"2024-05-10 10:00";"0,319";"12,2";"0,778";"13,4"
"2024-05-10 11:00";"0,578";"12,7";"0,765";"14,7"
"2024-05-10 12:00";"2,288";"13,1";"0,555";"16,4"
"2024-05-10 13:00";"0,766";"12,7";"0,592";"17,1"
"2024-05-10 14:00";"0,663";"13,4";"0,527";"17,9"
"2024-05-10 15:00";"0,763";"13,8";"0,457";"18,4"
"2024-05-10 16:00";"0,621";"14,2";"0,488";"18,7"
"2024-05-10 17:00";"0,658";"14,2";"0,669";"19,000"
"2024-05-10 18:00";"0,576";"14,4";"0,462";"19,000"
"2024-05-10 19:00";"0,682";"14,3";"0,44";"18,5"
"2024-05-10 20:00";"0,619";"13,5";"0,881";"17,4"
"2024-05-10 21:00";"0,693";"12,5";"0,899";"15,8"
"2024-05-10 22:00";"0,667";"11,5";"0,749";"14,3"
"2024-05-10 23:00";"0,608";"10,1";"0,24";"13,3"
"2024-05-11 00:00";"0,643";"9,5";"0,24";"12,6"
"2024-05-11 01:00";"0,63";"8,9";"0,249";"12,9"
"2024-05-11 02:00";"1,596";"8,7";"1,235";"13,6"
"2024-05-11 03:00";"1,647";"8,7";"1,229";"13,000"
"2024-05-11 04:00";"1,642";"6,9";"1,241";"12,5"
"2024-05-11 05:00";"1,637";"6,1";"1,249";"12,5"
"2024-05-11 06:00";"1,181";"6,000";"1,243";"12,1"
"2024-05-11 07:00";"0,669";"7,5";"0,27";"12,3"
"2024-05-11 08:00";"0,638";"9,1";"0,255";"13,000"
"2024-05-11 09:00";"0,937";"9,6";"0,29";"14,4"
"2024-05-11 10:00";"0,647";"10,3";"0,396";"15,8"
"2024-05-11 11:00";"0,534";"12,7";"0,37";"16,8"
"2024-05-11 12:00";"1,59";"14,1";"0,27";"18,6"
"2024-05-11 13:00";"1,535";"14,7";"0,26";"19,3"
"2024-05-11 14:00";"0,58";"14,9";"0,232";"19,4"
"2024-05-11 15:00";"0,534";"15,8";"0,206";"19,7"
"2024-05-11 16:00";"0,707";"16,2";"0,287";"20,1"
"2024-05-11 17:00";"0,641";"16,4";"0,254";"20,3"
"2024-05-11 18:00";"1,063";"15,8";"0,249";"19,8"
"2024-05-11 19:00";"1,168";"14,5";"0,254";"19,1"
"2024-05-11 20:00";"0,613";"12,9";"0,314";"17,8"
"2024-05-11 21:00";"0,55";"12,5";"0,268";"16,1"
"2024-05-11 22:00";"0,584";"10,7";"0,251";"14,3"
"2024-05-11 23:00";"0,598";"9,6";"0,243";"12,5"
"2024-05-12 00:00";"0,614";"8,000";"0,248";"11,2"
"2024-05-12 01:00";"0,608";"7,000";"0,42";"10,7"
"2024-05-12 02:00";"1,576";"6,7";"1,497";"10,3"
"2024-05-12 03:00";"1,627";"6,8";"1,589";"9,9"
"2024-05-12 04:00";"1,632";"5,8";"1,611";"9,9"
"2024-05-12 05:00";"0,75";"4,7";"1,588";"10,000"
"2024-05-12 06:00";"0,653";"3,5";"1,49";"10,3"
"2024-05-12 07:00";"0,647";"6,1";"0,461";"11,4"
"2024-05-12 08:00";"0,613";"9,7";"0,348";"13,2"
"2024-05-12 09:00";"0,591";"11,5";"0,194";"15,4"
"2024-05-12 10:00";"0,577";"13,4";"0,201";"17,6"
"2024-05-12 11:00";"0,53";"14,6";"0,197";"19,6"
"2024-05-12 12:00";"1,512";"15,5";"0,194";"19,9"
"2024-05-12 13:00";"1,496";"16,000";"0,23";"20,3"
"2024-05-12 14:00";"1,518";"16,5";"0,287";"20,5"
"2024-05-12 15:00";"1,49";"16,8";"0,332";"20,6"
"2024-05-12 16:00";"0,53";"16,9";"0,246";"20,7"
"2024-05-12 17:00";"0,502";"16,7";"0,241";"20,5"
"2024-05-12 18:00";"0,814";"16,6";"1,545";"19,8"
"2024-05-12 19:00";"0,294";"16,2";"0,937";"19,000"
"2024-05-12 20:00";"0,37";"15,2";"0,325";"18,1"
"2024-05-12 21:00";"0,269";"13,3";"0,213";"16,7"
"2024-05-12 22:00";"0,254";"10,7";"0,216";"14,8"
"2024-05-12 23:00";"0,27";"9,000";"0,224";"13,3"
"2024-05-13 00:00";"0,286";"8,7";"0,238";"11,8"
"2024-05-13 01:00";"0,298";"8,4";"0,266";"10,8"
"2024-05-13 02:00";"1,143";"7,5";"1,24";"9,1"
"2024-05-13 03:00";"0,314";"7,7";"1,242";"7,9"
"2024-05-13 04:00";"0,311";"8,3";"1,249";"8,000"
"2024-05-13 05:00";"0,304";"8,3";"1,247";"7,000"
"2024-05-13 06:00";"1,033";"8,4";"1,263";"6,1"
"2024-05-13 07:00";"0,336";"9,5";"0,337";"7,6"
"2024-05-13 08:00";"0,319";"11,3";"0,299";"13,000"
"2024-05-13 09:00";"0,363";"13,000";"0,304";"15,3"
"2024-05-13 10:00";"0,345";"14,8";"0,291";"17,7"
"2024-05-13 11:00";"0,34";"16,5";"0,902";"20,4"
"2024-05-13 12:00";"0,328";"18,1";"1,816";"21,2"
"2024-05-13 13:00";"0,334";"18,7";"0,494";"21,2"
"2024-05-13 14:00";"0,34";"19,000";"0,25";"21,6"
"2024-05-13 15:00";"0,316";"19,2";"0,242";"22,000"
"2024-05-13 16:00";"0,252";"19,3";"0,257";"21,7"
"2024-05-13 17:00";"0,227";"19,5";"0,245";"21,8"
"2024-05-13 18:00";"0,955";"19,000";"0,246";"21,8"
"2024-05-13 19:00";"1,559";"18,3";"0,247";"21,1"
"2024-05-13 20:00";"0,341";"17,3";"0,247";"20,2"
"2024-05-13 21:00";"0,699";"15,9";"0,246";"18,3"
"2024-05-13 22:00";"0,772";"14,1";"0,33";"16,3"
"2024-05-13 23:00";"0,234";"12,5";"0,393";"15,1"
"2024-05-14 00:00";"0,25";"11,9";"0,257";"14,2"
"2024-05-14 01:00";"0,252";"11,6";"0,209";"13,7"
"2024-05-14 02:00";"1,227";"11,6";"1,192";"12,8"
"2024-05-14 03:00";"0,779";"11,9";"1,199";"12,3"
"2024-05-14 04:00";"0,277";"11,8";"1,2";"12,5"
"2024-05-14 05:00";"0,515";"11,4";"1,068";"13,1"
"2024-05-14 06:00";"0,928";"11,2";"0,232";"13,5"
"2024-05-14 07:00";"0,277";"12,1";"0,208";"14,1"
"2024-05-14 08:00";"0,29";"13,4";"0,208";"15,000"
"2024-05-14 09:00";"0,272";"15,000";"0,212";"16,8"
"2024-05-14 10:00";"0,349";"16,9";"0,313";"18,000"
"2024-05-14 11:00";"0,311";"18,4";"0,31";"19,4"
"2024-05-14 12:00";"0,325";"19,4";"0,956";"21,3"
"2024-05-14 13:00";"0,264";"20,000";"0,664";"22,7"
"2024-05-14 14:00";"0,237";"20,3";"0,298";"21,6"
"2024-05-14 15:00";"0,214";"20,4";"0,879";"21,8"
"2024-05-14 16:00";"0,223";"20,3";"0,306";"23,000"
"2024-05-14 17:00";"1,368";"20,2";"0,237";"22,3"
"2024-05-14 18:00";"0,483";"19,7";"0,186";"22,1"
"2024-05-14 19:00";"0,35";"18,7";"0,188";"21,4"
"2024-05-14 20:00";"0,212";"17,3";"0,186";"20,3"
"2024-05-14 21:00";"0,226";"15,6";"0,205";"18,7"
"2024-05-14 22:00";"0,218";"14,000";"0,199";"16,1"
"2024-05-14 23:00";"0,234";"13,000";"0,255";"14,3"
"2024-05-15 00:00";"0,228";"12,4";"0,297";"14,000"
"2024-05-15 01:00";"0,225";"12,000";"0,292";"12,8"
"2024-05-15 02:00";"1,207";"11,7";"1,297";"13,1"
"2024-05-15 03:00";"1,239";"11,9";"1,276";"13,6"
"2024-05-15 04:00";"0,533";"11,8";"1,294";"11,6"
"2024-05-15 05:00";"0,284";"11,7";"0,628";"12,2"
"2024-05-15 06:00";"0,273";"11,6";"0,308";"13,4"
"2024-05-15 07:00";"0,272";"12,3";"0,293";"14,5"
"2024-05-15 08:00";"0,289";"14,1";"0,2";"15,4"
"2024-05-15 09:00";"0,224";"15,9";"0,18";"16,4"
"2024-05-15 10:00";"0,255";"18,3";"0,177";"18,7"
"2024-05-15 11:00";"0,278";"19,4";"0,177";"19,6"
"2024-05-15 12:00";"0,331";"21,2";"0,178";"20,5"
"2024-05-15 13:00";"0,207";"21,9";"0,18";"21,000"
"2024-05-15 14:00";"0,421";"22,1";"0,213";"21,4"
"2024-05-15 15:00";"0,253";"21,9";"0,287";"21,5"
"2024-05-15 16:00";"0,378";"21,6";"0,333";"21,3"
"2024-05-15 17:00";"0,218";"21,4";"0,253";"20,1"
"2024-05-15 18:00";"0,185";"20,8";"0,429";"20,5"
"2024-05-15 19:00";"0,186";"19,9";"0,259";"19,7"
"2024-05-15 20:00";"0,2";"18,9";"0,258";"18,000"
"2024-05-15 21:00";"0,199";"17,2";"0,245";"16,5"
"2024-05-15 22:00";"0,203";"15,3";"0,215";"15,2"
"2024-05-15 23:00";"0,191";"14,3";"0,197";"14,3"
"2024-05-16 00:00";"0,205";"13,6";"0,19";"13,7"
"2024-05-16 01:00";"0,226";"13,000";"0,187";"13,2"
"2024-05-16 02:00";"1,202";"12,4";"1,18";"12,2"
"2024-05-16 03:00";"0,505";"12,3";"1,201";"11,6"
"2024-05-16 04:00";"0,231";"12,2";"1,193";"11,1"
"2024-05-16 05:00";"0,242";"12,000";"1,063";"10,4"
"2024-05-16 06:00";"0,24";"11,9";"0,299";"10,2"
"2024-05-16 07:00";"0,226";"13,2";"0,201";"9,5"
"2024-05-16 08:00";"0,265";"14,5";"0,188";"9,5"
"2024-05-16 09:00";"0,262";"16,2";"0,249";"10,1"
"2024-05-16 10:00";"0,281";"18,2";"0,186";"10,6"
"2024-05-16 11:00";"0,255";"18,6";"0,185";"10,9"
"2024-05-16 12:00";"0,277";"19,3";"0,187";"10,7"
"2024-05-16 13:00";"0,56";"19,8";"0,189";"11,2"
"2024-05-16 14:00";"0,201";"19,7";"0,193";"13,4"
"2024-05-16 15:00";"0,341";"19,5";"0,331";"13,5"
"2024-05-16 16:00";"0,408";"19,4";"0,277";"12,3"
"2024-05-16 17:00";"0,215";"18,7";"0,581";"11,5"
"2024-05-16 18:00";"0,23";"17,7";"0,652";"11,2"
"2024-05-16 19:00";"0,23";"17,1";"0,329";"11,1"
"2024-05-16 20:00";"0,229";"16,000";"0,3";"10,6"
"2024-05-16 21:00";"0,699";"14,7";"0,315";"9,5"
"2024-05-16 22:00";"0,29";"13,7";"0,24";"9,1"
"2024-05-16 23:00";"0,797";"13,2";"0,249";"7,6"
"2024-05-17 00:00";"0,233";"12,7";"0,255";"7,4"
"2024-05-17 01:00";"0,234";"12,6";"0,265";"9,000"
"2024-05-17 02:00";"1,205";"13,000";"1,227";"9,2"
"2024-05-17 03:00";"0,602";"12,8";"1,213";"8,4"
"2024-05-17 04:00";"0,247";"12,9";"1,208";"8,000"
"2024-05-17 05:00";"0,245";"12,5";"1,205";"7,6"
"2024-05-17 06:00";"0,244";"12,2";"1,186";"6,6"
"2024-05-17 07:00";"0,247";"13,000";"0,381";"6,6"
"2024-05-17 08:00";"0,273";"14,2";"0,31";"7,000"
"2024-05-17 09:00";"0,324";"15,8";"0,352";"7,7"
"2024-05-17 10:00";"0,304";"17,3";"0,327";"8,3"
"2024-05-17 11:00";"0,267";"18,9";"0,324";"9,000"
"2024-05-17 12:00";"0,435";"20,000";"0,291";"9,7"
"2024-05-17 13:00";"0,284";"20,5";"0,953";"10,2"
"2024-05-17 14:00";"0,307";"20,3";"0,375";"10,9"
"2024-05-17 15:00";"0,276";"19,9";"0,324";"11,2"
"2024-05-17 16:00";"0,217";"19,2";"0,61";"11,6"
"2024-05-17 17:00";"0,196";"18,7";"0,997";"11,6"
"2024-05-17 18:00";"0,169";"17,9";"0,744";"11,6"
"2024-05-17 19:00";"0,299";"16,9";"0,221";"11,4"
"2024-05-17 20:00";"0,293";"16,2";"0,239";"10,9"
"2024-05-17 21:00";"0,27";"15,4";"0,32";"9,8"
"2024-05-17 22:00";"0,281";"14,3";"0,476";"7,4"
"2024-05-17 23:00";"0,437";"13,2";"0,592";"6,2"
"2024-05-18 00:00";"0,348";"12,5";"0,488";"5,4"
"2024-05-18 01:00";"0,343";"12,1";"0,62";"4,7"
"2024-05-18 02:00";"1,334";"11,8";"1,718";"4,4"
"2024-05-18 03:00";"0,61";"11,4";"1,718";"3,8"
"2024-05-18 04:00";"0,216";"10,7";"1,764";"2,6"
"2024-05-18 05:00";"0,231";"10,4";"1,52";"1,8"
"2024-05-18 06:00";"0,233";"10,9";"0,8";"1,9"
"2024-05-18 07:00";"0,205";"12,1";"0,671";"3,7"
"2024-05-18 08:00";"0,199";"14,000";"0,601";"6,8"
"2024-05-18 09:00";"0,256";"15,9";"0,546";"7,8"
"2024-05-18 10:00";"0,301";"18,5";"0,446";"8,000"
"2024-05-18 11:00";"0,279";"19,8";"0,37";"8,7"
"2024-05-18 12:00";"1,289";"20,6";"0,445";"9,6"
"2024-05-18 13:00";"0,522";"21,4";"0,293";"10,3"
"2024-05-18 14:00";"0,292";"22,1";"0,862";"10,9"
"2024-05-18 15:00";"0,244";"22,5";"0,428";"11,7"
"2024-05-18 16:00";"0,259";"22,5";"0,258";"12,2"
"2024-05-18 17:00";"0,396";"22,4";"0,22";"12,6"
"2024-05-18 18:00";"0,273";"21,9";"0,201";"12,6"
"2024-05-18 19:00";"0,312";"21,2";"0,215";"12,4"
"2024-05-18 20:00";"0,279";"20,1";"0,271";"11,8"
"2024-05-18 21:00";"0,318";"18,6";"0,439";"10,3"
"2024-05-18 22:00";"0,32";"16,4";"0,348";"8,4"
"2024-05-18 23:00";"0,312";"15,4";"0,352";"6,2"
"2024-05-19 00:00";"0,236";"14,9";"0,365";"5,1"
"2024-05-19 01:00";"0,177";"14,9";"0,369";"4,6"
"2024-05-19 02:00";"0,991";"14,6";"1,357";"3,9"
"2024-05-19 03:00";"0,196";"14,1";"1,383";"2,6"
"2024-05-19 04:00";"0,176";"13,4";"1,388";"1,6"
"2024-05-19 05:00";"0,198";"13,4";"1,396";"1,3"
"2024-05-19 06:00";"0,198";"13,4";"1,372";"0,6"
"2024-05-19 07:00";"0,184";"13,6";"0,399";"2,3"
"2024-05-19 08:00";"0,169";"14,9";"0,364";"5,000"
"2024-05-19 09:00";"0,19";"15,9";"0,399";"10,1"
"2024-05-19 10:00";"0,188";"18,5";"0,328";"12,8"
"2024-05-19 11:00";"0,229";"20,9";"0,704";"14,7"
"2024-05-19 12:00";"0,903";"21,6";"0,453";"15,3"
"2024-05-19 13:00";"0,221";"22,7";"0,332";"16,7"
"2024-05-19 14:00";"0,205";"23,000";"0,737";"15,9"
"2024-05-19 15:00";"0,175";"23,000";"0,746";"15,1"
"2024-05-19 16:00";"0,172";"22,5";"0,188";"15,3"
"2024-05-19 17:00";"0,173";"22,7";"0,19";"15,000"
"2024-05-19 18:00";"0,259";"21,8";"0,193";"15,1"
"2024-05-19 19:00";"0,231";"20,2";"0,178";"15,5"
"2024-05-19 20:00";"0,258";"19,6";"0,203";"15,4"
"2024-05-19 21:00";"0,267";"17,5";"0,236";"13,1"
"2024-05-19 22:00";"0,202";"15,1";"0,269";"10,5"
"2024-05-19 23:00";"0,171";"14,000";"0,254";"9,2"
"2024-05-20 00:00";"0,167";"12,5";"0,264";"8,4"
"2024-05-20 01:00";"0,157";"12,4";"0,265";"7,5"
"2024-05-20 02:00";"0,932";"11,6";"1,27";"6,5"
"2024-05-20 03:00";"0,176";"11,1";"1,267";"5,6"
"2024-05-20 04:00";"0,172";"11,3";"1,276";"4,000"
"2024-05-20 05:00";"0,168";"10,7";"1,287";"3,000"
"2024-05-20 06:00";"0,156";"11,1";"1,278";"3,2"
"2024-05-20 07:00";"0,207";"13,8";"0,304";"7,5"
"2024-05-20 08:00";"0,324";"17,1";"0,338";"11,1"
"2024-05-20 09:00";"0,254";"18,5";"0,228";"13,6"
"2024-05-20 10:00";"0,274";"19,8";"0,217";"14,8"
"2024-05-20 11:00";"0,269";"20,3";"0,225";"16,1"
"2024-05-20 12:00";"0,237";"20,7";"1,223";"16,8"
"2024-05-20 13:00";"0,271";"21,000";"0,953";"17,4"
"2024-05-20 14:00";"0,278";"21,2";"1,134";"17,6"
"2024-05-20 15:00";"0,302";"21,7";"0,809";"17,8"
"2024-05-20 16:00";"0,287";"21,3";"0,335";"17,3"
"2024-05-20 17:00";"0,273";"21,2";"0,355";"17,5"
"2024-05-20 18:00";"0,231";"20,3";"0,337";"17,5"
"2024-05-20 19:00";"0,207";"19,2";"0,443";"17,1"
"2024-05-20 20:00";"0,185";"17,8";"0,395";"15,8"
"2024-05-20 21:00";"0,192";"16,7";"0,263";"14,6"
"2024-05-20 22:00";"0,193";"15,7";"0,249";"13,1"
"2024-05-20 23:00";"0,175";"14,9";"0,249";"12,000"
"2024-05-21 00:00";"0,167";"14,5";"0,27";"11,6"
"2024-05-21 01:00";"0,16";"14,3";"0,307";"11,2"
"2024-05-21 02:00";"1,163";"14,1";"1,256";"10,9"
"2024-05-21 03:00";"0,987";"13,6";"0,729";"10,9"
"2024-05-21 04:00";"0,19";"13,000";"0,253";"11,3"
"2024-05-21 05:00";"0,197";"12,4";"0,255";"11,3"
"2024-05-21 06:00";"0,184";"11,8";"0,239";"11,7"
"2024-05-21 07:00";"0,189";"12,000";"0,254";"12,8"
"2024-05-21 08:00";"0,301";"13,3";"0,27";"14,000"
"2024-05-21 09:00";"0,299";"15,1";"0,274";"16,6"
"2024-05-21 10:00";"0,308";"16,6";"0,198";"17,8"
"2024-05-21 11:00";"0,288";"18,000";"0,207";"18,9"
"2024-05-21 12:00";"0,267";"18,5";"1,302";"20,6"
"2024-05-21 13:00";"0,269";"20,2";"1,233";"22,000"
"2024-05-21 14:00";"0,294";"21,1";"1,242";"22,6"
"2024-05-21 15:00";"0,321";"21,3";"1,242";"22,6"
"2024-05-21 16:00";"0,331";"21,3";"0,238";"23,2"
"2024-05-21 17:00";"0,478";"20,8";"0,229";"22,7"
"2024-05-21 18:00";"0,566";"20,2";"0,218";"21,8"
"2024-05-21 19:00";"0,65";"19,4";"0,219";"20,3"
"2024-05-21 20:00";"0,539";"18,5";"0,211";"18,9"
"2024-05-21 21:00";"0,868";"17,6";"0,214";"17,8"
"2024-05-21 22:00";"0,309";"16,3";"0,187";"16,9"
"2024-05-21 23:00";"0,214";"15,8";"0,186";"16,1"
"2024-05-22 00:00";"0,212";"15,4";"0,192";"15,1"
"2024-05-22 01:00";"0,214";"15,000";"0,198";"14,2"
"2024-05-22 02:00";"1,209";"14,5";"1,205";"14,1"
"2024-05-22 03:00";"0,7";"14,2";"1,221";"13,7"
"2024-05-22 04:00";"0,232";"14,000";"0,947";"13,6"
"2024-05-22 05:00";"0,23";"13,9";"0,337";"13,5"
"2024-05-22 06:00";"0,251";"14,1";"0,278";"13,4"
"2024-05-22 07:00";"0,261";"14,9";"0,245";"14,000"
"2024-05-22 08:00";"0,283";"16,4";"0,234";"15,4"
"2024-05-22 09:00";"0,219";"17,7";"0,308";"17,7"
"2024-05-22 10:00";"0,22";"19,000";"0,296";"19,3"
"2024-05-22 11:00";"0,282";"19,9";"0,238";"20,9"
"2024-05-22 12:00";"0,3";"21,000";"0,255";"21,7"
"2024-05-22 13:00";"0,314";"21,6";"0,255";"22,5"
"2024-05-22 14:00";"0,274";"22,1";"0,256";"23,000"
"2024-05-22 15:00";"0,315";"21,9";"0,226";"23,2"
"2024-05-22 16:00";"0,282";"21,7";"0,318";"23,3"
"2024-05-22 17:00";"0,28";"21,000";"0,253";"22,8"
"2024-05-22 18:00";"0,294";"20,2";"0,257";"22,1"
"2024-05-22 19:00";"0,239";"19,9";"0,259";"21,2"
"2024-05-22 20:00";"0,385";"20,000";"0,22";"19,5"
"2024-05-22 21:00";"0,227";"19,2";"0,214";"17,8"
"2024-05-22 22:00";"0,218";"18,1";"0,726";"16,1"
"2024-05-22 23:00";"0,211";"17,4";"0,223";"14,4"
"2024-05-23 00:00";"0,209";"17,000";"0,726";"13,000"
"2024-05-23 01:00";"0,211";"16,7";"0,167";"12,1"
"2024-05-23 02:00";"1,203";"16,5";"1,166";"12,1"
"2024-05-23 03:00";"0,512";"16,2";"0,748";"12,1"
"2024-05-23 04:00";"0,182";"15,8";"0,178";"12,000"
"2024-05-23 05:00";"0,174";"15,1";"0,181";"12,1"
"2024-05-23 06:00";"0,164";"14,8";"0,183";"12,000"
"2024-05-23 07:00";"0,161";"15,3";"0,202";"12,1"
"2024-05-23 08:00";"0,179";"16,2";"0,216";"12,2"
"2024-05-23 09:00";"0,302";"17,3";"0,282";"12,2"
"2024-05-23 10:00";"0,293";"18,5";"0,258";"12,7"
"2024-05-23 11:00";"0,291";"19,6";"0,231";"13,1"
"2024-05-23 12:00";"0,289";"18,5";"0,313";"13,4"
"2024-05-23 13:00";"0,275";"19,000";"0,324";"12,9"
"2024-05-23 14:00";"0,291";"19,4";"0,329";"13,5"
"2024-05-23 15:00";"0,341";"19,2";"0,322";"13,9"
"2024-05-23 16:00";"0,294";"18,6";"0,312";"13,5"
"2024-05-23 17:00";"0,747";"17,8";"0,554";"11,3"
"2024-05-23 18:00";"0,624";"16,5";"0,465";"9,5"
"2024-05-23 19:00";"0,271";"15,9";"0,488";"8,5"
"2024-05-23 20:00";"0,327";"15,8";"0,485";"7,7"
"2024-05-23 21:00";"0,208";"15,5";"0,496";"7,3"
"2024-05-23 22:00";"0,207";"14,3";"0,277";"7,2"
"2024-05-23 23:00";"0,209";"14,000";"0,233";"6,9"
"2024-05-24 00:00";"0,217";"14,1";"0,256";"6,6"
"2024-05-24 01:00";"0,215";"14,1";"0,265";"6,7"
"2024-05-24 02:00";"1,213";"14,000";"1,264";"6,8"
"2024-05-24 03:00";"1,043";"13,2";"1,275";"7,1"
"2024-05-24 04:00";"0,218";"12,5";"0,711";"7,3"
"2024-05-24 05:00";"0,21";"12,1";"0,279";"7,2"
"2024-05-24 06:00";"0,286";"12,000";"0,315";"7,4"
"2024-05-24 07:00";"0,302";"12,7";"0,266";"7,4"
"2024-05-24 08:00";"0,304";"13,3";"0,281";"7,6"
"2024-05-24 09:00";"0,312";"14,6";"0,269";"9,7"
"2024-05-24 10:00";"0,266";"15,3";"0,267";"12,1"
"2024-05-24 11:00";"0,223";"15,6";"0,26";"11,9"
"2024-05-24 12:00";"0,226";"16,3";"0,266";"13,6"
"2024-05-24 13:00";"0,216";"17,1";"0,262";"15,4"
"2024-05-24 14:00";"0,236";"17,7";"0,306";"15,7"
"2024-05-24 15:00";"0,226";"17,8";"0,351";"16,9"
"2024-05-24 16:00";"0,285";"18,5";"0,679";"17,1"
"2024-05-24 17:00";"1,436";"18,8";"1,669";"17,6"
"2024-05-24 18:00";"1,183";"18,7";"2,135";"17,1"
"2024-05-24 19:00";"0,352";"18,9";"0,826";"16,7"
"2024-05-24 20:00";"0,358";"18,4";"0,294";"16,6"
"2024-05-24 21:00";"0,338";"16,4";"0,282";"14,8"
"2024-05-24 22:00";"0,314";"14,4";"0,84";"12,3"
"2024-05-24 23:00";"0,318";"14,000";"0,44";"10,6"
"2024-05-25 00:00";"0,319";"13,6";"1,002";"9,1"
"2024-05-25 01:00";"0,19";"13,1";"0,509";"7,8"
"2024-05-25 02:00";"1,146";"12,6";"1,512";"7,8"
"2024-05-25 03:00";"1,156";"12,7";"1,567";"7,2"
"2024-05-25 04:00";"0,229";"12,5";"1,6";"6,3"
"2024-05-25 05:00";"0,163";"12,000";"1,598";"6,8"
"2024-05-25 06:00";"0,166";"12,5";"1,571";"7,8"
"2024-05-25 07:00";"0,17";"14,2";"0,441";"8,7"
"2024-05-25 08:00";"0,208";"15,000";"0,26";"10,000"
"2024-05-25 09:00";"0,167";"16,000";"0,282";"10,9"
"2024-05-25 10:00";"0,19";"18,4";"0,315";"12,1"
"2024-05-25 11:00";"0,164";"20,3";"0,351";"14,3"
"2024-05-25 12:00";"0,663";"21,6";"0,327";"15,6"
"2024-05-25 13:00";"0,184";"22,000";"0,267";"15,9"
"2024-05-25 14:00";"0,177";"20,5";"0,239";"15,9"
"2024-05-25 15:00";"0,257";"20,6";"0,47";"15,8"
"2024-05-25 16:00";"0,277";"21,3";"0,37";"15,6"
"2024-05-25 17:00";"0,579";"21,4";"0,224";"15,2"
"2024-05-25 18:00";"0,728";"20,6";"0,225";"14,6"
"2024-05-25 19:00";"0,178";"20,1";"0,403";"14,2"
"2024-05-25 20:00";"0,172";"19,4";"0,368";"13,7"
"2024-05-25 21:00";"0,292";"18,3";"0,21";"12,000"
"2024-05-25 22:00";"0,193";"17,1";"0,235";"9,5"
"2024-05-25 23:00";"0,162";"16,4";"0,205";"8,2"
"2024-05-26 00:00";"0,171";"15,3";"0,349";"7,5"
"2024-05-26 01:00";"0,174";"14,5";"0,378";"7,2"
"2024-05-26 02:00";"1,009";"13,5";"1,452";"6,9"
"2024-05-26 03:00";"0,173";"12,5";"1,45";"6,2"
"2024-05-26 04:00";"0,173";"13,3";"1,518";"5,7"
"2024-05-26 05:00";"0,171";"13,5";"1,495";"5,6"
"2024-05-26 06:00";"0,163";"13,9";"1,552";"6,3"
"2024-05-26 07:00";"0,217";"14,8";"0,717";"7,9"
"2024-05-26 08:00";"0,218";"16,4";"0,307";"9,9"
"2024-05-26 09:00";"0,175";"17,9";"0,271";"11,000"
"2024-05-26 10:00";"0,176";"19,000";"0,237";"11,9"
"2024-05-26 11:00";"0,186";"20,000";"0,542";"12,4"
"2024-05-26 12:00";"0,83";"18,5";"0,341";"13,1"
"2024-05-26 13:00";"0,209";"17,000";"0,26";"13,7"
"2024-05-26 14:00";"0,182";"18,1";"0,28";"14,5"
"2024-05-26 15:00";"0,183";"21,4";"0,229";"14,8"
"2024-05-26 16:00";"0,186";"23,3";"0,261";"15,1"
"2024-05-26 17:00";"0,168";"23,5";"0,249";"15,000"
"2024-05-26 18:00";"0,167";"22,5";"0,53";"14,5"
"2024-05-26 19:00";"0,212";"20,8";"0,407";"14,2"
"2024-05-26 20:00";"0,254";"19,1";"0,254";"13,8"
"2024-05-26 21:00";"0,191";"18,2";"0,277";"12,5"
"2024-05-26 22:00";"0,237";"17,5";"0,231";"9,7"
"2024-05-26 23:00";"0,162";"17,000";"0,229";"8,4"
"2024-05-27 00:00";"0,165";"16,6";"0,225";"7,1"
"2024-05-27 01:00";"0,171";"16,1";"0,233";"8,3"
"2024-05-27 02:00";"1,14";"15,7";"1,229";"6,2"
"2024-05-27 03:00";"0,552";"15,6";"1,222";"5,2"
"2024-05-27 04:00";"0,171";"15,4";"1,228";"4,5"
"2024-05-27 05:00";"0,163";"15,2";"1,249";"3,7"
"2024-05-27 06:00";"0,158";"15,5";"1,224";"3,6"
"2024-05-27 07:00";"0,198";"16,7";"0,227";"4,4"
"2024-05-27 08:00";"0,172";"18,3";"0,201";"6,4"
"2024-05-27 09:00";"0,165";"18,1";"0,247";"10,8"
"2024-05-27 10:00";"0,199";"20,2";"0,233";"13,6"
"2024-05-27 11:00";"0,166";"21,1";"0,237";"14,4"
"2024-05-27 12:00";"0,161";"19,1";"0,831";"15,2"
"2024-05-27 13:00";"0,223";"19,5";"0,376";"15,5"
"2024-05-27 14:00";"0,167";"18,3";"0,57";"16,000"
"2024-05-27 15:00";"0,175";"20,000";"0,261";"16,4"
"2024-05-27 16:00";"0,175";"19,7";"0,279";"16,7"
"2024-05-27 17:00";"0,174";"20,3";"0,285";"17,2"
"2024-05-27 18:00";"0,376";"20,2";"0,243";"17,4"
"2024-05-27 19:00";"0,177";"20,3";"0,637";"16,7"
"2024-05-27 20:00";"0,252";"19,9";"0,26";"16,1"
"2024-05-27 21:00";"0,316";"19,000";"0,756";"14,2"
"2024-05-27 22:00";"0,314";"16,8";"0,202";"11,9"
"2024-05-27 23:00";"0,17";"15,3";"0,214";"10,3"
"2024-05-28 00:00";"0,162";"14,4";"0,215";"9,3"
"2024-05-28 01:00";"0,164";"13,5";"0,224";"8,1"
"2024-05-28 02:00";"1,173";"13,9";"1,224";"7,2"
"2024-05-28 03:00";"0,633";"12,7";"0,35";"6,4"
"2024-05-28 04:00";"0,172";"12,2";"0,248";"6,2"
"2024-05-28 05:00";"0,172";"13,5";"0,237";"6,2"
"2024-05-28 06:00";"0,165";"14,4";"0,233";"6,6"
"2024-05-28 07:00";"0,161";"14,7";"0,213";"8,000"
"2024-05-28 08:00";"0,166";"15,6";"0,252";"10,9"
"2024-05-28 09:00";"0,2";"16,3";"0,248";"12,7"
"2024-05-28 10:00";"0,191";"17,7";"0,213";"13,3"
"2024-05-28 11:00";"0,212";"19,6";"0,199";"14,1"
"2024-05-28 12:00";"0,172";"20,6";"1,192";"15,2"
"2024-05-28 13:00";"0,163";"19,8";"1,232";"16,000"
"2024-05-28 14:00";"0,162";"18,3";"0,247";"16,7"
"2024-05-28 15:00";"0,168";"17,5";"0,304";"17,2"
"2024-05-28 16:00";"0,174";"17,1";"0,205";"17,2"
"2024-05-28 17:00";"0,228";"17,7";"0,206";"17,2"
"2024-05-28 18:00";"0,196";"17,000";"0,205";"16,8"
"2024-05-28 19:00";"0,199";"16,1";"0,211";"15,9"
"2024-05-28 20:00";"0,974";"15,1";"0,21";"14,8"
"2024-05-28 21:00";"0,187";"14,4";"0,252";"13,2"
"2024-05-28 22:00";"0,162";"13,000";"0,25";"10,3"
"2024-05-28 23:00";"0,166";"12,7";"0,235";"8,5"
"2024-05-29 00:00";"0,185";"12,1";"0,234";"7,7"
"2024-05-29 01:00";"0,195";"11,4";"0,239";"7,2"
"2024-05-29 02:00";"1,186";"10,6";"1,179";"6,8"
"2024-05-29 03:00";"0,686";"10,2";"0,253";"5,8"
"2024-05-29 04:00";"0,186";"10,2";"0,275";"5,4"
"2024-05-29 05:00";"0,204";"10,000";"0,274";"4,9"
"2024-05-29 06:00";"0,196";"10,2";"0,257";"4,7"
"2024-05-29 07:00";"0,214";"11,7";"0,315";"6,9"
"2024-05-29 08:00";"0,174";"13,8";"0,245";"9,9"
"2024-05-29 09:00";"0,16";"16,1";"0,274";"11,9"
"2024-05-29 10:00";"0,165";"17,4";"0,263";"13,4"
"2024-05-29 11:00";"0,175";"18,2";"0,254";"15,000"
"2024-05-29 12:00";"0,278";"18,4";"0,396";"16,3"
"2024-05-29 13:00";"0,261";"18,6";"0,26";"17,2"
"2024-05-29 14:00";"0,242";"18,5";"0,271";"17,000"
"2024-05-29 15:00";"0,238";"17,7";"0,252";"16,8"
"2024-05-29 16:00";"0,191";"18,9";"0,251";"16,4"
"2024-05-29 17:00";"0,198";"19,6";"0,191";"15,2"
"2024-05-29 18:00";"0,29";"18,9";"0,212";"15,4"
"2024-05-29 19:00";"0,24";"18,5";"0,452";"15,2"
"2024-05-29 20:00";"0,226";"17,8";"0,272";"14,7"
"2024-05-29 21:00";"0,179";"15,5";"0,485";"13,4"
"2024-05-29 22:00";"0,167";"14,4";"0,402";"10,8"
"2024-05-29 23:00";"0,159";"13,8";"0,372";"9,4"
"2024-05-30 00:00";"0,168";"13,7";"0,302";"7,3"
"2024-05-30 01:00";"0,168";"13,6";"0,294";"6,3"
"2024-05-30 02:00";"1,155";"13,7";"1,283";"7,4"
"2024-05-30 03:00";"0,554";"13,9";"1,023";"7,1"
"2024-05-30 04:00";"0,161";"13,9";"0,324";"7,3"
"2024-05-30 05:00";"0,166";"13,9";"0,333";"5,4"
"2024-05-30 06:00";"0,228";"14,000";"0,319";"4,6"
"2024-05-30 07:00";"0,194";"14,4";"0,333";"6,5"
"2024-05-30 08:00";"0,26";"15,1";"0,321";"11,000"
"2024-05-30 09:00";"0,294";"15,7";"0,291";"13,9"
"2024-05-30 10:00";"0,287";"16,7";"0,289";"15,8"
"2024-05-30 11:00";"0,249";"18,1";"0,299";"17,5"
"2024-05-30 12:00";"0,303";"19,3";"0,272";"18,4"
"2024-05-30 13:00";"0,253";"20,000";"0,269";"19,2"
"2024-05-30 14:00";"0,254";"20,9";"0,286";"19,3"
"2024-05-30 15:00";"0,233";"21,000";"0,298";"19,5"
"2024-05-30 16:00";"0,182";"21,3";"0,279";"20,1"
"2024-05-30 17:00";"0,303";"20,8";"0,911";"19,6"
"2024-05-30 18:00";"0,188";"20,3";"0,543";"18,5"
"2024-05-30 19:00";"0,184";"19,8";"0,311";"18,3"
"2024-05-30 20:00";"0,218";"19,2";"0,34";"16,9"
"2024-05-30 21:00";"0,185";"18,8";"0,338";"15,3"
"2024-05-30 22:00";"0,172";"17,2";"0,295";"12,8"
"2024-05-30 23:00";"0,161";"16,000";"0,31";"11,4"
"2024-05-31 00:00";"0,16";"15,5";"0,69";"10,3"
"2024-05-31 01:00";"0,171";"15,4";"0,42";"9,000"
"2024-05-31 02:00";"1,168";"15,1";"1,616";"7,8"
"2024-05-31 03:00";"0,481";"15,5";"1,218";"5,7"
"2024-05-31 04:00";"0,171";"15,5";"1,221";"6,9"
"2024-05-31 05:00";"0,16";"15,4";"1,21";"7,5"
"2024-05-31 06:00";"0,289";"15,3";"0,986";"8,3"
"2024-05-31 07:00";"0,239";"16,2";"0,317";"11,2"
"2024-05-31 08:00";"0,169";"17,4";"0,956";"12,8"
"2024-05-31 09:00";"0,166";"18,6";"0,291";"15,3"
"2024-05-31 10:00";"0,228";"19,9";"0,274";"16,2"
"2024-05-31 11:00";"0,188";"20,6";"0,193";"17,2"
"2024-05-31 12:00";"0,22";"21,4";"0,188";"18,2"
"2024-05-31 13:00";"0,198";"22,7";"0,194";"19,000"
"2024-05-31 14:00";"0,178";"23,6";"0,197";"18,4"
"2024-05-31 15:00";"0,209";"24,000";"0,194";"18,6"
"2024-05-31 16:00";"0,257";"23,9";"0,191";"18,9"
"2024-05-31 17:00";"0,179";"23,8";"0,192";"18,3"
"2024-05-31 18:00";"0,172";"22,9";"0,283";"17,9"
"2024-05-31 19:00";"0,197";"22,1";"0,194";"18,000"
"2024-05-31 20:00";"0,82";"21,3";"0,193";"17,2"
"2024-05-31 21:00";"0,308";"20,000";"0,218";"16,2"
"2024-05-31 22:00";"0,306";"18,3";"0,224";"13,7"
"2024-05-31 23:00";"0,201";"17,5";"0,193";"11,3"
"2024-06-01 00:00";"0,186";"16,8";"0,227";"10,6"
"2024-06-01 01:00";"0,186";"16,4";"0,256";"9,000"
"2024-06-01 02:00";"1,175";"15,8";"1,322";"8,6"
"2024-06-01 03:00";"1,232";"15,000";"1,36";"8,9"
"2024-06-01 04:00";"1,214";"14,3";"1,309";"8,8"
"2024-06-01 05:00";"0,642";"14,8";"0,724";"9,6"
"2024-06-01 06:00";"0,187";"14,8";"0,306";"9,7"
"2024-06-01 07:00";"0,21";"16,3";"0,326";"10,1"
"2024-06-01 08:00";"0,188";"17,7";"0,331";"10,4"
"2024-06-01 09:00";"0,21";"20,000";"0,319";"11,1"
"2024-06-01 10:00";"0,687";"21,6";"0,286";"12,000"
"2024-06-01 11:00";"0,816";"23,4";"0,286";"13,6"
"2024-06-01 12:00";"0,67";"24,6";"0,285";"15,2"
"2024-06-01 13:00";"0,18";"25,7";"0,312";"16,8"
"2024-06-01 14:00";"0,179";"25,9";"0,319";"18,2"
"2024-06-01 15:00";"0,178";"25,5";"0,357";"18,7"
"2024-06-01 16:00";"0,362";"22,8";"0,273";"19,2"
"2024-06-01 17:00";"0,383";"20,5";"0,273";"19,1"
"2024-06-01 18:00";"0,199";"20,7";"0,476";"18,3"
"2024-06-01 19:00";"0,188";"20,1";"0,327";"18,2"
"2024-06-01 20:00";"0,189";"19,8";"0,282";"13,7"
"2024-06-01 21:00";"0,212";"19,9";"0,414";"11,3"
"2024-06-01 22:00";"0,26";"19,000";"0,278";"10,4"
"2024-06-01 23:00";"0,261";"17,9";"0,281";"10,1"
"2024-06-02 00:00";"0,199";"17,5";"0,278";"10,000"
"2024-06-02 01:00";"0,169";"17,000";"0,287";"9,8"
"2024-06-02 02:00";"1,162";"16,6";"1,282";"9,3"
"2024-06-02 03:00";"0,485";"15,9";"1,298";"8,9"
"2024-06-02 04:00";"0,17";"15,2";"0,635";"7,7"
"2024-06-02 05:00";"0,17";"14,9";"0,305";"8,000"
"2024-06-02 06:00";"0,17";"15,1";"0,336";"7,4"
"2024-06-02 07:00";"0,188";"16,3";"0,317";"8,4"
"2024-06-02 08:00";"0,174";"18,3";"0,288";"10,3"
"2024-06-02 09:00";"0,235";"19,7";"0,283";"12,1"
"2024-06-02 10:00";"0,244";"21,1";"0,283";"13,6"
"2024-06-02 11:00";"0,23";"22,6";"0,29";"15,000"
"2024-06-02 12:00";"0,679";"23,6";"0,289";"16,000"
"2024-06-02 13:00";"0,204";"24,2";"0,287";"16,7"
"2024-06-02 14:00";"0,233";"24,6";"0,286";"16,6"
"2024-06-02 15:00";"0,218";"24,6";"0,289";"16,6"
"2024-06-02 16:00";"0,175";"24,8";"0,321";"16,7"
"2024-06-02 17:00";"0,375";"24,4";"0,474";"16,7"
"2024-06-02 18:00";"0,181";"24,3";"0,478";"16,4"
"2024-06-02 19:00";"0,174";"23,8";"0,589";"15,8"
"2024-06-02 20:00";"0,203";"22,5";"0,253";"15,000"
"2024-06-02 21:00";"0,237";"20,9";"0,788";"13,8"
"2024-06-02 22:00";"0,235";"18,9";"0,841";"11,8"
"2024-06-02 23:00";"0,169";"17,3";"0,223";"10,6"
"2024-06-03 00:00";"0,168";"16,4";"0,223";"10,1"
"2024-06-03 01:00";"0,169";"16,3";"0,231";"8,8"
"2024-06-03 02:00";"1,155";"16,3";"1,006";"6,9"
"2024-06-03 03:00";"0,318";"16,8";"1,007";"5,8"
"2024-06-03 04:00";"0,171";"16,4";"0,282";"4,4"
"2024-06-03 05:00";"0,17";"15,4";"0,287";"3,4"
"2024-06-03 06:00";"0,169";"14,4";"0,26";"3,4"
"2024-06-03 07:00";"0,196";"14,2";"0,257";"7,1"
"2024-06-03 08:00";"0,177";"14,000";"0,215";"11,4"
"2024-06-03 09:00";"0,193";"14,5";"0,195";"13,6"
"2024-06-03 10:00";"0,169";"15,000";"0,22";"14,8"
"2024-06-03 11:00";"0,27";"15,5";"0,202";"15,3"
"2024-06-03 12:00";"0,238";"16,7";"0,972";"16,6"
"2024-06-03 13:00";"0,242";"17,1";"0,257";"16,9"
"2024-06-03 14:00";"0,238";"18,1";"0,211";"17,1"
"2024-06-03 15:00";"2,396";"17,8";"0,37";"17,1"
"2024-06-03 16:00";"2,404";"18,3";"0,27";"17,3"
"2024-06-03 17:00";"2,21";"18,3";"0,587";"17,6"
"2024-06-03 18:00";"0,869";"17,4";"0,45";"17,5"
"2024-06-03 19:00";"0,182";"17,1";"0,57";"17,3"
"2024-06-03 20:00";"0,185";"17,000";"0,208";"16,9"
"2024-06-03 21:00";"0,25";"16,9";"0,247";"15,5"
"2024-06-03 22:00";"0,248";"15,6";"0,298";"12,9"
"2024-06-03 23:00";"0,252";"13,6";"0,317";"11,4"
"2024-06-04 00:00";"0,203";"12,8";"0,3";"10,7"
"2024-06-04 01:00";"0,174";"12,7";"0,246";"10,000"
"2024-06-04 02:00";"1,162";"11,6";"1,219";"9,4"
"2024-06-04 03:00";"0,494";"10,7";"1,222";"8,7"
"2024-06-04 04:00";"0,174";"10,6";"1,23";"8,1"
"2024-06-04 05:00";"0,189";"11,000";"1,245";"7,5"
"2024-06-04 06:00";"0,173";"11,1";"1,133";"6,6"
"2024-06-04 07:00";"0,165";"12,6";"0,228";"8,8"
"2024-06-04 08:00";"0,191";"13,5";"0,205";"11,9"
"2024-06-04 09:00";"0,17";"14,5";"0,193";"13,3"
"2024-06-04 10:00";"2,092";"15,6";"0,213";"14,000"
"2024-06-04 11:00";"1,536";"16,8";"0,21";"14,6"
"2024-06-04 12:00";"0,17";"17,000";"1,021";"15,5"
"2024-06-04 13:00";"0,554";"17,6";"0,279";"16,2"
"2024-06-04 14:00";"1,295";"18,1";"0,24";"16,7"
"2024-06-04 15:00";"0,245";"18,7";"0,213";"17,3"
"2024-06-04 16:00";"0,189";"19,3";"0,217";"17,6"
"2024-06-04 17:00";"0,18";"19,1";"0,214";"17,7"
"2024-06-04 18:00";"0,222";"18,000";"0,201";"17,8"
"2024-06-04 19:00";"0,171";"17,2";"0,197";"17,6"
"2024-06-04 20:00";"0,177";"17,000";"0,201";"16,9"
"2024-06-04 21:00";"0,184";"16,4";"0,675";"15,9"
"2024-06-04 22:00";"0,177";"15,5";"0,769";"13,6"
"2024-06-04 23:00";"0,175";"15,1";"0,197";"11,5"
"2024-06-05 00:00";"0,172";"15,000";"0,199";"11,4"
"2024-06-05 01:00";"0,172";"14,7";"0,216";"9,2"
"2024-06-05 02:00";"1,147";"14,5";"1,214";"7,5"
"2024-06-05 03:00";"1,019";"14,000";"1,213";"6,4"
"2024-06-05 04:00";"0,161";"14,1";"1,224";"4,9"
"2024-06-05 05:00";"0,167";"14,2";"1,000";"4,3"
"2024-06-05 06:00";"0,171";"14,7";"0,225";"4,4"
"2024-06-05 07:00";"0,194";"16,2";"0,223";"6,6"
"2024-06-05 08:00";"0,174";"16,3";"0,318";"10,1"
"2024-06-05 09:00";"0,207";"16,2";"0,253";"14,9"
"2024-06-05 10:00";"0,18";"15,000";"0,22";"16,7"
"2024-06-05 11:00";"0,287";"14,9";"0,214";"18,1"
"2024-06-05 12:00";"0,382";"15,8";"0,198";"18,8"
"2024-06-05 13:00";"0,269";"16,2";"0,189";"19,5"
"2024-06-05 14:00";"0,258";"17,000";"0,194";"20,2"
"2024-06-05 15:00";"0,256";"17,4";"0,214";"20,1"
"2024-06-05 16:00";"0,29";"16,8";"0,712";"20,1"
"2024-06-05 17:00";"0,193";"16,3";"0,393";"20,4"
"2024-06-05 18:00";"0,218";"15,9";"0,254";"19,8"
"2024-06-05 19:00";"0,189";"15,6";"0,291";"18,8"
"2024-06-05 20:00";"0,185";"15,2";"0,284";"18,3"
"2024-06-05 21:00";"0,173";"14,2";"0,253";"17,4"
"2024-06-05 22:00";"0,166";"13,000";"0,181";"15,3"
"2024-06-05 23:00";"0,182";"10,9";"0,178";"12,000"
"2024-06-06 00:00";"0,195";"9,7";"0,182";"11,1"
"2024-06-06 01:00";"0,201";"8,9";"0,195";"10,5"
"2024-06-06 02:00";"1,188";"9,1";"1,202";"9,6"
"2024-06-06 03:00";"0,569";"10,000";"1,216";"9,000"
"2024-06-06 04:00";"0,219";"9,4";"1,208";"7,9"
"2024-06-06 05:00";"0,221";"9,8";"1,213";"6,7"
"2024-06-06 06:00";"0,209";"10,3";"0,959";"6,3"
"2024-06-06 07:00";"0,188";"11,1";"0,176";"7,6"
"2024-06-06 08:00";"0,189";"12,000";"0,204";"11,3"
"2024-06-06 09:00";"0,209";"13,000";"0,257";"16,000"
"2024-06-06 10:00";"0,201";"13,8";"0,307";"18,7"
"2024-06-06 11:00";"0,196";"14,6";"0,209";"20,1"
"2024-06-06 12:00";"0,369";"14,2";"0,217";"20,4"
"2024-06-06 13:00";"0,168";"14,3";"0,207";"20,7"
"2024-06-06 14:00";"0,164";"14,000";"0,2";"21,4"
"2024-06-06 15:00";"0,175";"13,7";"0,201";"22,2"
"2024-06-06 16:00";"0,174";"14,7";"0,201";"22,2"
"2024-06-06 17:00";"0,176";"14,1";"1,071";"22,2"
"2024-06-06 18:00";"0,177";"13,8";"0,28";"22,5"
"2024-06-06 19:00";"0,303";"13,5";"0,262";"22,3"
"2024-06-06 20:00";"0,351";"13,2";"0,206";"21,9"
"2024-06-06 21:00";"0,254";"13,1";"0,2";"20,6"
"2024-06-06 22:00";"0,264";"12,7";"0,18";"17,4"
"2024-06-06 23:00";"0,226";"12,1";"0,176";"14,9"
"2024-06-07 00:00";"0,199";"11,000";"0,174";"13,3"
"2024-06-07 01:00";"0,22";"10,5";"0,175";"11,4"
"2024-06-07 02:00";"1,216";"10,1";"1,145";"9,8"
"2024-06-07 03:00";"1,044";"9,4";"1,151";"8,6"
"2024-06-07 04:00";"0,232";"9,3";"1,162";"8,000"
"2024-06-07 05:00";"0,232";"7,9";"1,173";"6,7"
"2024-06-07 06:00";"0,237";"8,6";"1,165";"6,7"
"2024-06-07 07:00";"0,257";"10,000";"0,178";"10,1"
"2024-06-07 08:00";"0,206";"12,1";"0,176";"14,6"
"2024-06-07 09:00";"0,191";"12,8";"0,176";"19,000"
"2024-06-07 10:00";"0,191";"13,4";"0,214";"20,9"
"2024-06-07 11:00";"0,199";"13,8";"0,182";"22,000"
"2024-06-07 12:00";"0,198";"14,3";"0,186";"22,1"
"2024-06-07 13:00";"0,182";"14,8";"0,189";"21,6"
"2024-06-07 14:00";"0,214";"15,5";"0,258";"21,6"
"2024-06-07 15:00";"0,197";"15,8";"0,267";"22,1"
"2024-06-07 16:00";"0,199";"15,6";"0,254";"22,6"
"2024-06-07 17:00";"0,191";"15,9";"0,262";"22,7"
"2024-06-07 18:00";"0,393";"15,3";"0,263";"22,5"
"2024-06-07 19:00";"0,243";"14,8";"0,264";"22,000"
"2024-06-07 20:00";"0,259";"14,1";"0,213";"21,4"
"2024-06-07 21:00";"0,466";"12,5";"0,187";"20,3"
"2024-06-07 22:00";"0,292";"11,6";"0,431";"17,7"
"2024-06-07 23:00";"0,224";"12,000";"0,188";"14,7"
"2024-06-08 00:00";"0,243";"11,000";"0,221";"13,000"
"2024-06-08 01:00";"0,241";"11,9";"0,18";"11,8"
"2024-06-08 02:00";"1,233";"12,5";"1,164";"11,4"
"2024-06-08 03:00";"1,116";"11,000";"1,17";"10,4"
"2024-06-08 04:00";"0,247";"11,1";"1,166";"9,6"
"2024-06-08 05:00";"0,246";"11,2";"1,149";"8,7"
"2024-06-08 06:00";"0,244";"11,4";"1,143";"8,9"
"2024-06-08 07:00";"0,223";"12,2";"0,154";"9,5"
"2024-06-08 08:00";"0,242";"13,5";"0,186";"9,5"
"2024-06-08 09:00";"0,221";"14,2";"0,26";"13,1"
"2024-06-08 10:00";"0,246";"14,4";"0,229";"18,3"
"2024-06-08 11:00";"0,243";"14,6";"0,203";"19,1"
"2024-06-08 12:00";"0,874";"14,6";"0,245";"19,7"
"2024-06-08 13:00";"0,268";"15,8";"0,252";"20,5"
"2024-06-08 14:00";"0,257";"15,5";"0,242";"21,000"
"2024-06-08 15:00";"0,253";"16,3";"0,22";"21,5"
"2024-06-08 16:00";"0,24";"17,1";"0,216";"22,8"
"2024-06-08 17:00";"0,228";"16,5";"0,181";"22,3"
"2024-06-08 18:00";"0,206";"16,8";"0,185";"21,9"
"2024-06-08 19:00";"0,229";"16,4";"0,201";"21,000"
"2024-06-08 20:00";"0,309";"12,5";"0,334";"20,5"
"2024-06-08 21:00";"0,287";"10,9";"0,265";"19,5"
"2024-06-08 22:00";"0,246";"10,9";"0,225";"17,5"
"2024-06-08 23:00";"0,241";"10,8";"0,181";"14,7"
"2024-06-09 00:00";"0,24";"10,6";"0,171";"13,2"
"2024-06-09 01:00";"0,262";"10,7";"0,573";"12,8"
"2024-06-09 02:00";"1,259";"9,9";"1,721";"11,5"
"2024-06-09 03:00";"0,531";"9,5";"1,159";"10,8"
"2024-06-09 04:00";"0,282";"9,2";"1,155";"11,2"
"2024-06-09 05:00";"0,3";"9,5";"1,079";"11,4"
"2024-06-09 06:00";"0,324";"9,9";"0,155";"13,3"
"2024-06-09 07:00";"0,26";"10,6";"0,227";"13,2"
"2024-06-09 08:00";"0,267";"11,000";"0,22";"13,5"
"2024-06-09 09:00";"0,283";"11,7";"0,278";"14,5"
"2024-06-09 10:00";"0,267";"12,3";"0,238";"15,7"
"2024-06-09 11:00";"0,247";"12,5";"0,228";"17,3"
"2024-06-09 12:00";"0,873";"12,9";"0,232";"18,6"
"2024-06-09 13:00";"0,224";"13,8";"0,272";"19,5"
"2024-06-09 14:00";"0,246";"13,3";"0,232";"20,3"
"2024-06-09 15:00";"0,238";"12,6";"0,385";"20,5"
"2024-06-09 16:00";"0,247";"13,2";"0,273";"20,7"
"2024-06-09 17:00";"0,248";"13,3";"0,222";"20,1"
"2024-06-09 18:00";"0,252";"13,2";"0,553";"19,4"
"2024-06-09 19:00";"0,796";"12,3";"0,249";"18,4"
"2024-06-09 20:00";"0,355";"12,9";"0,25";"17,5"
"2024-06-09 21:00";"0,914";"12,5";"0,239";"16,3"
"2024-06-09 22:00";"0,397";"11,9";"0,189";"15,000"
"2024-06-09 23:00";"0,341";"11,6";"0,18";"14,000"
"2024-06-10 00:00";"0,299";"11,4";"0,175";"13,3"
"2024-06-10 01:00";"0,278";"11,1";"0,181";"12,9"
"2024-06-10 02:00";"1,153";"10,9";"1,181";"12,5"
"2024-06-10 03:00";"0,28";"11,000";"1,164";"12,1"
"2024-06-10 04:00";"0,294";"11,000";"0,203";"11,4"
"2024-06-10 05:00";"0,297";"11,2";"0,201";"10,9"
"2024-06-10 06:00";"0,278";"11,2";"0,206";"10,8"
"2024-06-10 07:00";"0,309";"11,5";"0,186";"12,000"
"2024-06-10 08:00";"0,289";"11,9";"0,18";"13,8"
"2024-06-10 09:00";"0,354";"12,6";"0,2";"15,7"
"2024-06-10 10:00";"0,3";"13,5";"0,198";"17,6"
"2024-06-10 11:00";"0,304";"14,2";"0,179";"19,1"
"2024-06-10 12:00";"0,302";"14,9";"0,644";"19,6"
"2024-06-10 13:00";"0,28";"15,3";"0,841";"20,3"
"2024-06-10 14:00";"0,286";"16,2";"0,225";"20,3"
"2024-06-10 15:00";"0,305";"16,3";"0,193";"20,5"
"2024-06-10 16:00";"0,237";"16,2";"0,374";"20,4"
"2024-06-10 17:00";"0,22";"15,7";"0,262";"19,8"
"2024-06-10 18:00";"0,442";"15,8";"0,268";"18,9"
"2024-06-10 19:00";"0,213";"15,7";"0,396";"17,9"
"2024-06-10 20:00";"0,232";"15,2";"0,354";"16,8"
"2024-06-10 21:00";"0,235";"14,6";"0,258";"15,3"
"2024-06-10 22:00";"0,255";"13,8";"0,218";"14,1"
"2024-06-10 23:00";"0,266";"13,5";"0,183";"13,2"
"2024-06-11 00:00";"0,25";"13,000";"0,191";"12,8"
"2024-06-11 01:00";"0,242";"12,8";"0,207";"12,3"
"2024-06-11 02:00";"1,247";"12,4";"1,234";"11,7"
"2024-06-11 03:00";"1,248";"12,3";"1,25";"11,4"
"2024-06-11 04:00";"0,26";"11,6";"1,255";"11,1"
"2024-06-11 05:00";"0,242";"11,2";"1,247";"10,7"
"2024-06-11 06:00";"0,259";"11,3";"0,283";"10,6"
"2024-06-11 07:00";"0,297";"11,7";"0,2";"12,1"
"2024-06-11 08:00";"0,273";"11,7";"0,181";"14,2"
"2024-06-11 09:00";"0,26";"11,3";"0,205";"16,4"
"2024-06-11 10:00";"0,284";"11,3";"0,185";"18,5"
"2024-06-11 11:00";"0,255";"12,000";"0,181";"19,9"
"2024-06-11 12:00";"0,255";"12,2";"1,118";"20,5"
"2024-06-11 13:00";"0,293";"12,5";"0,338";"20,5"
"2024-06-11 14:00";"0,261";"12,9";"0,285";"20,3"
"2024-06-11 15:00";"0,342";"12,9";"0,229";"20,5"
"2024-06-11 16:00";"0,256";"14,1";"0,358";"20,2"
"2024-06-11 17:00";"0,252";"15,6";"0,366";"19,9"
"2024-06-11 18:00";"0,314";"15,1";"0,282";"19,4"
"2024-06-11 19:00";"0,351";"14,2";"0,328";"18,4"
"2024-06-11 20:00";"0,347";"14,000";"0,27";"17,3"
"2024-06-11 21:00";"0,275";"13,7";"0,214";"16,2"
"2024-06-11 22:00";"0,258";"13,4";"0,188";"14,8"
"2024-06-11 23:00";"0,269";"12,2";"0,182";"13,6"
"2024-06-12 00:00";"0,284";"11,3";"0,192";"12,2"
"2024-06-12 01:00";"0,289";"11,8";"0,201";"12,000"
"2024-06-12 02:00";"1,262";"11,9";"1,035";"11,9"
"2024-06-12 03:00";"0,773";"11,1";"0,204";"11,8"
"2024-06-12 04:00";"0,305";"10,5";"0,202";"12,3"
"2024-06-12 05:00";"0,299";"11,2";"0,207";"12,6"
"2024-06-12 06:00";"0,292";"11,1";"0,219";"12,8"
"2024-06-12 07:00";"0,343";"11,1";"0,239";"13,7"
"2024-06-12 08:00";"0,322";"11,2";"0,433";"15,5"
"2024-06-12 09:00";"0,358";"11,2";"0,351";"17,9"
"2024-06-12 10:00";"0,386";"11,3";"0,218";"20,1"
"2024-06-12 11:00";"0,361";"11,5";"0,276";"21,7"
"2024-06-12 12:00";"0,582";"12,1";"0,227";"22,5"
"2024-06-12 13:00";"0,362";"13,2";"0,234";"22,9"
"2024-06-12 14:00";"0,4";"13,5";"0,228";"22,9"
"2024-06-12 15:00";"0,859";"15,3";"0,252";"23,1"
"2024-06-12 16:00";"0,409";"13,9";"0,271";"22,9"
"2024-06-12 17:00";"0,344";"12,8";"0,527";"22,6"
"2024-06-12 18:00";"0,431";"13,6";"0,31";"21,8"
"2024-06-12 19:00";"0,322";"13,3";"0,287";"21,000"
"2024-06-12 20:00";"0,339";"12,6";"0,302";"20,000"
"2024-06-12 21:00";"0,365";"12,6";"0,287";"18,7"
"2024-06-12 22:00";"0,436";"12,000";"0,3";"17,000"
"2024-06-12 23:00";"0,513";"10,5";"0,341";"15,2"
"2024-06-13 00:00";"0,383";"9,2";"0,193";"14,000"
"2024-06-13 01:00";"0,38";"8,8";"0,186";"12,8"
"2024-06-13 02:00";"1,369";"8,9";"1,169";"10,7"
"2024-06-13 03:00";"1,388";"9,7";"1,165";"9,2"
"2024-06-13 04:00";"1,393";"9,1";"0,661";"8,9"
"2024-06-13 05:00";"1,376";"9,3";"0,205";"9,4"
"2024-06-13 06:00";"1,343";"9,6";"0,203";"10,5"
"2024-06-13 07:00";"0,451";"10,000";"0,257";"12,5"
"2024-06-13 08:00";"0,383";"11,3";"0,368";"15,2"
"2024-06-13 09:00";"0,631";"11,8";"0,431";"17,9"
"2024-06-13 10:00";"0,45";"12,5";"0,274";"20,000"
"2024-06-13 11:00";"0,345";"13,2";"0,282";"21,3"
"2024-06-13 12:00";"0,36";"12,9";"0,26";"22,3"
"2024-06-13 13:00";"0,316";"14,4";"0,295";"22,5"
"2024-06-13 14:00";"0,335";"13,2";"0,28";"22,9"
"2024-06-13 15:00";"0,593";"13,000";"0,257";"23,2"
"2024-06-13 16:00";"0,318";"14,1";"0,28";"23,1"
"2024-06-13 17:00";"0,332";"13,3";"0,182";"22,7"
"2024-06-13 18:00";"0,345";"12,5";"0,208";"21,8"
"2024-06-13 19:00";"0,331";"11,8";"0,244";"21,000"
"2024-06-13 20:00";"0,433";"11,7";"0,295";"19,8"
"2024-06-13 21:00";"0,378";"11,5";"0,235";"18,5"
"2024-06-13 22:00";"0,365";"10,9";"0,187";"17,1"
"2024-06-13 23:00";"0,357";"11,1";"0,174";"15,2"
"2024-06-14 00:00";"0,38";"10,6";"0,187";"14,000"
"2024-06-14 01:00";"0,381";"10,1";"0,191";"12,1"
"2024-06-14 02:00";"1,346";"10,6";"1,158";"10,4"
"2024-06-14 03:00";"1,369";"9,6";"1,15";"10,6"
"2024-06-14 04:00";"1,365";"8,8";"1,149";"11,2"
"2024-06-14 05:00";"1,361";"8,9";"1,152";"10,9"
"2024-06-14 06:00";"0,63";"9,4";"1,187";"11,6"
"2024-06-14 07:00";"0,596";"10,9";"0,178";"14,7"
"2024-06-14 08:00";"0,44";"12,000";"0,218";"16,9"
"2024-06-14 09:00";"0,347";"13,6";"0,246";"18,9"
"2024-06-14 10:00";"0,379";"14,6";"0,208";"20,2"
"2024-06-14 11:00";"0,415";"15,000";"0,203";"21,6"
"2024-06-14 12:00";"0,302";"16,5";"0,202";"22,5"
"2024-06-14 13:00";"0,272";"17,000";"0,205";"23,2"
"2024-06-14 14:00";"0,282";"17,5";"0,206";"24,000"
"2024-06-14 15:00";"0,358";"17,6";"0,216";"23,8"
"2024-06-14 16:00";"0,296";"17,9";"0,224";"24,2"
"2024-06-14 17:00";"0,285";"18,2";"0,207";"23,5"
"2024-06-14 18:00";"0,294";"18,2";"0,277";"22,4"
"2024-06-14 19:00";"0,256";"17,9";"0,209";"21,9"
"2024-06-14 20:00";"0,232";"17,2";"0,214";"20,6"
"2024-06-14 21:00";"0,271";"16,4";"0,213";"18,9"
"2024-06-14 22:00";"0,272";"15,000";"0,661";"16,8"
"2024-06-14 23:00";"0,256";"14,000";"0,763";"14,9"
"2024-06-15 00:00";"0,28";"13,4";"0,187";"14,000"
"2024-06-15 01:00";"0,28";"12,9";"0,183";"13,5"
"2024-06-15 02:00";"1,254";"13,000";"1,183";"13,1"
"2024-06-15 03:00";"1,27";"13,8";"1,177";"12,5"
"2024-06-15 04:00";"1,279";"14,000";"1,178";"12,4"
"2024-06-15 05:00";"0,857";"14,1";"0,898";"12,8"
"2024-06-15 06:00";"0,279";"14,2";"0,171";"13,8"
"2024-06-15 07:00";"0,269";"14,6";"0,237";"16,2"
"2024-06-15 08:00";"0,249";"15,5";"0,177";"18,8"
"2024-06-15 09:00";"0,279";"16,4";"0,173";"20,000"
"2024-06-15 10:00";"0,343";"17,9";"0,291";"20,8"
"2024-06-15 11:00";"0,264";"18,3";"0,21";"21,9"
"2024-06-15 12:00";"0,677";"18,000";"0,204";"23,3"
"2024-06-15 13:00";"0,457";"15,4";"0,36";"24,1"
"2024-06-15 14:00";"0,255";"13,8";"0,256";"23,4"
"2024-06-15 15:00";"0,274";"14,5";"0,404";"24,000"
"2024-06-15 16:00";"0,274";"15,000";"0,259";"24,8"
"2024-06-15 17:00";"0,253";"15,3";"0,484";"23,8"
"2024-06-15 18:00";"0,267";"15,2";"0,238";"22,7"
"2024-06-15 19:00";"0,269";"15,8";"0,226";"22,4"
"2024-06-15 20:00";"0,252";"16,000";"0,22";"21,3"
"2024-06-15 21:00";"0,342";"15,3";"0,312";"20,6"
"2024-06-15 22:00";"0,336";"14,3";"0,258";"18,000"
"2024-06-15 23:00";"0,363";"13,4";"0,264";"16,6"
"2024-06-16 00:00";"0,345";"11,6";"0,374";"16,4"
"2024-06-16 01:00";"0,417";"10,7";"0,375";"15,9"
"2024-06-16 02:00";"1,374";"10,5";"1,231";"15,5"
"2024-06-16 03:00";"1,376";"10,3";"0,917";"14,8"
"2024-06-16 04:00";"0,725";"10,000";"0,18";"14,4"
"2024-06-16 05:00";"0,385";"10,1";"0,155";"14,2"
"2024-06-16 06:00";"0,368";"11,2";"0,25";"14,2"
"2024-06-16 07:00";"0,394";"13,3";"0,171";"14,3"
"2024-06-16 08:00";"0,419";"15,000";"0,177";"14,9"
"2024-06-16 09:00";"0,227";"16,7";"0,162";"16,5"
"2024-06-16 10:00";"0,845";"18,6";"0,214";"18,6"
"2024-06-16 11:00";"0,641";"18,9";"0,183";"20,4"
"2024-06-16 12:00";"1,391";"19,6";"0,179";"21,9"
"2024-06-16 13:00";"0,472";"20,8";"0,197";"22,6"
"2024-06-16 14:00";"0,221";"21,4";"0,28";"23,2"
"2024-06-16 15:00";"0,216";"21,7";"0,193";"23,2"
"2024-06-16 16:00";"0,234";"21,7";"0,186";"23,6"
"2024-06-16 17:00";"0,234";"21,4";"0,167";"22,000"
"2024-06-16 18:00";"0,505";"20,8";"0,202";"19,2"
"2024-06-16 19:00";"0,225";"19,9";"0,169";"14,4"
"2024-06-16 20:00";"0,212";"18,4";"0,158";"13,8"
"2024-06-16 21:00";"0,336";"15,5";"0,164";"15,1"
"2024-06-16 22:00";"0,226";"15,4";"0,159";"14,6"
"2024-06-16 23:00";"0,226";"15,1";"0,146";"14,000"
"2024-06-17 00:00";"0,225";"14,6";"0,15";"13,2"
"2024-06-17 01:00";"0,254";"13,4";"0,162";"10,8"
"2024-06-17 02:00";"1,027";"13,5";"1,124";"9,2"
"2024-06-17 03:00";"0,255";"13,3";"0,8";"9,000"
"2024-06-17 04:00";"0,248";"12,6";"0,154";"8,000"
"2024-06-17 05:00";"0,286";"12,4";"0,156";"6,8"
"2024-06-17 06:00";"0,318";"12,4";"0,145";"7,6"
"2024-06-17 07:00";"0,275";"14,2";"0,172";"9,2"
"2024-06-17 08:00";"0,308";"15,3";"0,175";"12,000"
"2024-06-17 09:00";"0,354";"16,7";"0,186";"16,6"
"2024-06-17 10:00";"0,288";"17,8";"0,159";"19,1"
"2024-06-17 11:00";"0,247";"19,3";"0,162";"20,8"
"2024-06-17 12:00";"0,304";"18,8";"0,664";"22,5"
"2024-06-17 13:00";"0,297";"19,000";"0,166";"22,7"
"2024-06-17 14:00";"0,408";"19,2";"0,159";"22,7"
"2024-06-17 15:00";"0,329";"20,000";"0,196";"21,000"
"2024-06-17 16:00";"0,297";"19,1";"0,17";"20,6"
"2024-06-17 17:00";"0,271";"19,5";"0,163";"19,5"
"2024-06-17 18:00";"1,182";"19,6";"0,174";"18,5"
"2024-06-17 19:00";"0,651";"19,4";"0,184";"17,4"
"2024-06-17 20:00";"1,023";"19,1";"0,167";"16,9"
"2024-06-17 21:00";"0,846";"18,3";"0,175";"14,7"
"2024-06-17 22:00";"0,236";"16,2";"0,163";"13,3"
"2024-06-17 23:00";"0,237";"14,4";"0,152";"12,7"
"2024-06-18 00:00";"0,237";"13,3";"0,154";"11,8"
"2024-06-18 01:00";"0,23";"12,6";"0,165";"11,4"
"2024-06-18 02:00";"1,232";"12,2";"1,011";"10,8"
"2024-06-18 03:00";"1,258";"12,2";"0,152";"12,4"
"2024-06-18 04:00";"0,941";"11,6";"0,157";"12,9"
"2024-06-18 05:00";"0,255";"11,7";"0,162";"12,3"
"2024-06-18 06:00";"0,345";"12,2";"0,15";"11,5"
"2024-06-18 07:00";"0,246";"13,9";"0,15";"11,1"
"2024-06-18 08:00";"0,31";"15,3";"0,175";"12,5"
"2024-06-18 09:00";"0,314";"16,000";"0,165";"14,000"
"2024-06-18 10:00";"0,286";"16,6";"0,313";"15,6"
"2024-06-18 11:00";"0,246";"16,8";"0,194";"17,5"
"2024-06-18 12:00";"0,277";"17,6";"1,432";"18,8"
"2024-06-18 13:00";"0,288";"18,6";"0,882";"19,1"
"2024-06-18 14:00";"0,355";"19,1";"0,268";"19,1"
"2024-06-18 15:00";"0,294";"19,5";"0,267";"19,5"
"2024-06-18 16:00";"0,274";"19,7";"0,264";"20,4"
"2024-06-18 17:00";"0,221";"19,8";"0,178";"21,3"
"2024-06-18 18:00";"0,801";"19,5";"0,16";"21,2"
"2024-06-18 19:00";"0,335";"19,000";"0,165";"21,1"
"2024-06-18 20:00";"0,324";"18,4";"0,176";"20,6"
"2024-06-18 21:00";"0,291";"17,5";"0,196";"19,3"
"2024-06-18 22:00";"0,214";"16,2";"0,172";"16,7"
"2024-06-18 23:00";"0,196";"15,5";"0,171";"14,5"
"2024-06-19 00:00";"0,181";"14,8";"0,166";"13,000"
"2024-06-19 01:00";"0,162";"14,7";"0,175";"11,4"
"2024-06-19 02:00";"1,145";"14,1";"1,159";"10,6"
"2024-06-19 03:00";"1,166";"13,5";"1,155";"10,000"
"2024-06-19 04:00";"1,11";"12,7";"1,156";"8,5"
"2024-06-19 05:00";"0,187";"11,8";"0,747";"9,000"
"2024-06-19 06:00";"0,276";"11,3";"0,157";"10,2"
"2024-06-19 07:00";"0,218";"12,1";"0,505";"10,8"
"2024-06-19 08:00";"0,238";"13,4";"0,388";"11,5"
"2024-06-19 09:00";"0,297";"14,000";"0,755";"13,2"
"2024-06-19 10:00";"0,212";"14,2";"0,254";"19,4"
"2024-06-19 11:00";"0,203";"14,5";"0,321";"20,6"
"2024-06-19 12:00";"1,233";"14,9";"0,303";"22,000"
"2024-06-19 13:00";"0,545";"15,7";"0,31";"22,8"
"2024-06-19 14:00";"0,848";"16,000";"0,296";"23,5"
"2024-06-19 15:00";"0,313";"16,4";"0,288";"24,000"
"2024-06-19 16:00";"0,252";"17,7";"0,303";"24,7"
"2024-06-19 17:00";"0,216";"17,7";"0,287";"22,6"
"2024-06-19 18:00";"0,226";"17,7";"0,927";"19,9"
"2024-06-19 19:00";"0,227";"17,2";"0,492";"18,000"
"2024-06-19 20:00";"0,231";"16,5";"0,279";"18,6"
"2024-06-19 21:00";"0,255";"15,3";"0,269";"18,7"
"2024-06-19 22:00";"0,23";"14,3";"0,248";"18,4"
"2024-06-19 23:00";"0,183";"13,7";"0,214";"18,1"
"2024-06-20 00:00";"0,203";"12,8";"0,202";"16,8"
"2024-06-20 01:00";"0,196";"11,6";"0,199";"16,4"
"2024-06-20 02:00";"1,172";"11,9";"1,162";"16,000"
"2024-06-20 03:00";"0,754";"11,8";"1,174";"15,2"
"2024-06-20 04:00";"0,218";"11,8";"0,807";"14,8"
"2024-06-20 05:00";"0,217";"11,7";"0,202";"14,5"
"2024-06-20 06:00";"0,252";"11,6";"0,202";"14,7"
"2024-06-20 07:00";"0,213";"12,1";"0,249";"16,4"
"2024-06-20 08:00";"0,235";"12,6";"0,235";"18,6"
"2024-06-20 09:00";"0,271";"13,3";"0,266";"20,3"
"2024-06-20 10:00";"0,293";"14,4";"0,256";"21,3"
"2024-06-20 11:00";"0,303";"15,5";"0,251";"23,8"
"2024-06-20 12:00";"0,405";"16,8";"0,198";"25,3"
"2024-06-20 13:00";"0,618";"17,7";"0,179";"24,5"
"2024-06-20 14:00";"0,223";"18,4";"0,179";"22,8"
"2024-06-20 15:00";"0,25";"18,8";"0,186";"21,6"
"2024-06-20 16:00";"0,181";"18,8";"0,194";"22,2"
"2024-06-20 17:00";"0,164";"18,6";"0,28";"22,5"
"2024-06-20 18:00";"0,211";"18,3";"0,254";"24,3"
"2024-06-20 19:00";"0,282";"17,6";"0,309";"24,4"
"2024-06-20 20:00";"0,826";"16,8";"0,321";"22,9"
"2024-06-20 21:00";"0,338";"15,5";"0,253";"21,6"
"2024-06-20 22:00";"0,175";"14,3";"0,181";"20,6"
"2024-06-20 23:00";"0,189";"13,2";"0,188";"19,3"
"2024-06-21 00:00";"0,202";"12,1";"0,218";"18,000"
"2024-06-21 01:00";"0,212";"11,7";"0,288";"18,2"
"2024-06-21 02:00";"1,177";"11,6";"1,263";"17,9"
"2024-06-21 03:00";"1,21";"10,9";"1,258";"17,8"
"2024-06-21 04:00";"1,214";"11,5";"0,654";"17,7"
"2024-06-21 05:00";"0,742";"11,2";"0,292";"18,000"
"2024-06-21 06:00";"0,285";"11,7";"0,288";"18,1"
"2024-06-21 07:00";"0,212";"12,8";"0,369";"18,2"
"2024-06-21 08:00";"0,233";"14,4";"0,288";"19,000"
"2024-06-21 09:00";"0,607";"16,3";"0,295";"19,4"
"2024-06-21 10:00";"0,464";"18,4";"0,252";"20,3"
"2024-06-21 11:00";"1,286";"19,1";"0,246";"21,000"
"2024-06-21 12:00";"0,282";"19,4";"0,242";"22,6"
"2024-06-21 13:00";"0,266";"19,4";"0,412";"24,3"
"2024-06-21 14:00";"0,179";"20,8";"0,294";"22,9"
"2024-06-21 15:00";"0,17";"20,7";"0,304";"23,7"
"2024-06-21 16:00";"0,193";"21,8";"0,272";"24,3"
"2024-06-21 17:00";"0,22";"21,1";"0,638";"24,4"
"2024-06-21 18:00";"0,321";"19,6";"0,28";"24,5"
"2024-06-21 19:00";"0,319";"19,8";"0,249";"23,4"
"2024-06-21 20:00";"0,377";"19,6";"0,253";"21,7"
"2024-06-21 21:00";"0,192";"19,3";"0,278";"19,9"
"2024-06-21 22:00";"0,189";"18,8";"0,238";"18,5"
"2024-06-21 23:00";"0,167";"16,6";"0,226";"16,7"
"2024-06-22 00:00";"0,16";"15,7";"0,225";"15,000"
"2024-06-22 01:00";"0,158";"14,8";"0,227";"14,4"
"2024-06-22 02:00";"1,147";"14,2";"1,216";"14,3"
"2024-06-22 03:00";"1,216";"14,1";"1,21";"13,7"
"2024-06-22 04:00";"1,173";"14,5";"1,209";"13,3"
"2024-06-22 05:00";"1,149";"14,7";"1,201";"12,3"
"2024-06-22 06:00";"0,857";"14,7";"0,54";"11,4"
"2024-06-22 07:00";"0,176";"15,2";"0,294";"13,7"
"2024-06-22 08:00";"0,166";"16,1";"0,249";"15,6"
"2024-06-22 09:00";"0,166";"16,8";"0,321";"17,3"
"2024-06-22 10:00";"0,336";"16,9";"0,327";"18,3"
"2024-06-22 11:00";"0,524";"17,5";"0,322";"19,8"
"2024-06-22 12:00";"1,131";"17,5";"0,728";"21,000"
"2024-06-22 13:00";"1,246";"16,9";"0,801";"21,9"
"2024-06-22 14:00";"0,258";"16,7";"0,424";"23,000"
"2024-06-22 15:00";"0,228";"16,3";"0,309";"23,6"
"2024-06-22 16:00";"0,22";"16,4";"0,313";"23,9"
"2024-06-22 17:00";"0,367";"16,2";"0,792";"23,7"
"2024-06-22 18:00";"0,365";"15,4";"0,262";"23,7"
"2024-06-22 19:00";"0,39";"14,9";"0,219";"23,5"
"2024-06-22 20:00";"0,394";"14,7";"0,23";"22,4"
"2024-06-22 21:00";"0,28";"14,9";"0,353";"20,7"
"2024-06-22 22:00";"0,25";"14,9";"0,321";"18,9"
"2024-06-22 23:00";"0,24";"14,9";"0,237";"18,2"
"2024-06-23 00:00";"0,171";"14,9";"0,24";"17,9"
"2024-06-23 01:00";"0,165";"14,9";"0,229";"16,6"
"2024-06-23 02:00";"1,159";"14,6";"1,238";"16,4"
"2024-06-23 03:00";"1,185";"14,5";"1,213";"15,7"
"2024-06-23 04:00";"1,189";"14,3";"1,246";"16,2"
"2024-06-23 05:00";"1,169";"14,4";"1,205";"16,000"
"2024-06-23 06:00";"1,185";"14,2";"0,552";"15,6"
"2024-06-23 07:00";"0,199";"14,000";"0,337";"14,9"
"2024-06-23 08:00";"0,173";"14,8";"0,295";"17,5"
"2024-06-23 09:00";"0,903";"14,6";"0,337";"19,000"
"2024-06-23 10:00";"0,215";"14,6";"0,349";"20,7"
"2024-06-23 11:00";"0,285";"15,3";"0,755";"21,2"
"2024-06-23 12:00";"1,364";"15,2";"0,218";"21,7"
"2024-06-23 13:00";"1,346";"15,8";"0,232";"22,000"
"2024-06-23 14:00";"1,291";"16,5";"0,219";"21,4"
"2024-06-23 15:00";"0,532";"17,1";"0,215";"21,5"
"2024-06-23 16:00";"0,692";"17,3";"0,222";"20,8"
"2024-06-23 17:00";"0,943";"18,3";"0,227";"20,2"
"2024-06-23 18:00";"0,526";"17,8";"0,219";"19,5"
"2024-06-23 19:00";"0,2";"17,3";"0,334";"19,1"
"2024-06-23 20:00";"0,175";"17,5";"0,29";"19,5"
"2024-06-23 21:00";"0,256";"16,4";"0,295";"19,2"
"2024-06-23 22:00";"0,313";"14,8";"0,491";"16,5"
"2024-06-23 23:00";"0,833";"13,000";"0,43";"14,3"
"2024-06-24 00:00";"0,922";"11,9";"0,769";"13,2"
"2024-06-24 01:00";"0,392";"12,000";"0,224";"12,1"
"2024-06-24 02:00";"1,381";"11,5";"1,224";"11,9"
"2024-06-24 03:00";"0,83";"10,5";"0,362";"11,3"
"2024-06-24 04:00";"0,416";"10,1";"0,217";"10,2"
"2024-06-24 05:00";"0,408";"9,6";"0,287";"9,1"
"2024-06-24 06:00";"0,454";"10,1";"0,307";"10,1"
"2024-06-24 07:00";"0,303";"12,4";"0,336";"13,3"
"2024-06-24 08:00";"0,333";"14,4";"0,334";"15,1"
"2024-06-24 09:00";"0,33";"15,3";"0,304";"16,3"
"2024-06-24 10:00";"0,324";"16,1";"0,333";"17,4"
"2024-06-24 11:00";"0,357";"16,9";"0,32";"18,5"
"2024-06-24 12:00";"0,334";"17,9";"0,913";"19,8"
"2024-06-24 13:00";"0,43";"18,5";"0,321";"21,000"
"2024-06-24 14:00";"0,306";"19,000";"0,314";"21,8"
"2024-06-24 15:00";"0,327";"19,4";"0,311";"21,7"
"2024-06-24 16:00";"0,316";"19,7";"0,348";"22,6"
"2024-06-24 17:00";"0,319";"19,7";"0,322";"23,000"
"2024-06-24 18:00";"0,302";"19,5";"0,303";"23,000"
"2024-06-24 19:00";"0,463";"19,8";"0,299";"22,8"
"2024-06-24 20:00";"0,599";"19,5";"0,286";"22,5"
"2024-06-24 21:00";"0,283";"17,9";"0,336";"21,6"
"2024-06-24 22:00";"0,22";"15,8";"0,264";"19,7"
"2024-06-24 23:00";"0,208";"14,1";"0,24";"17,4"
"2024-06-25 00:00";"0,226";"12,8";"0,227";"16,1"
"2024-06-25 01:00";"0,239";"12,1";"0,23";"14,5"
"2024-06-25 02:00";"1,207";"11,2";"1,222";"13,8"
"2024-06-25 03:00";"1,231";"11,3";"1,224";"13,1"
"2024-06-25 04:00";"1,235";"10,5";"1,227";"11,7"
"2024-06-25 05:00";"1,232";"10,000";"0,784";"10,7"
"2024-06-25 06:00";"1,203";"10,6";"0,229";"10,7"
"2024-06-25 07:00";"0,243";"13,2";"0,248";"13,3"
"2024-06-25 08:00";"1,011";"16,5";"0,191";"16,8"
"2024-06-25 09:00";"0,317";"19,1";"0,19";"20,3"
"2024-06-25 10:00";"0,229";"20,5";"0,244";"22,5"
"2024-06-25 11:00";"0,227";"21,4";"0,307";"23,2"
"2024-06-25 12:00";"0,229";"22,6";"1,025";"23,6"
"2024-06-25 13:00";"0,211";"22,2";"0,375";"24,1"
"2024-06-25 14:00";"0,363";"21,6";"0,321";"24,7"
"2024-06-25 15:00";"0,279";"22,3";"0,27";"25,2"
"2024-06-25 16:00";"0,235";"22,3";"0,288";"25,4"
"2024-06-25 17:00";"0,212";"21,9";"0,225";"24,9"
"2024-06-25 18:00";"0,217";"22,5";"0,229";"24,2"
"2024-06-25 19:00";"0,227";"22,6";"0,326";"23,8"
"2024-06-25 20:00";"0,442";"22,000";"0,236";"23,3"
"2024-06-25 21:00";"0,324";"21,000";"0,359";"21,3"
"2024-06-25 22:00";"0,389";"18,9";"0,286";"18,8"
"2024-06-25 23:00";"0,181";"16,7";"0,226";"16,4"
"2024-06-26 00:00";"0,17";"15,5";"0,235";"14,8"
"2024-06-26 01:00";"0,177";"14,8";"0,226";"13,5"
"2024-06-26 02:00";"1,148";"14,000";"1,228";"12,5"
"2024-06-26 03:00";"1,154";"13,9";"1,231";"12,1"
"2024-06-26 04:00";"1,15";"13,6";"1,231";"12,5"
"2024-06-26 05:00";"1,161";"13,8";"0,68";"13,000"
"2024-06-26 06:00";"0,924";"13,1";"0,254";"13,5"
"2024-06-26 07:00";"0,179";"16,5";"0,254";"16,9"
"2024-06-26 08:00";"0,233";"18,7";"0,243";"19,8"
"2024-06-26 09:00";"0,493";"20,9";"0,245";"22,4"
"2024-06-26 10:00";"0,243";"22,5";"0,305";"24,000"
"2024-06-26 11:00";"0,21";"24,3";"0,318";"25,000"
"2024-06-26 12:00";"0,224";"24,4";"0,302";"25,8"
"2024-06-26 13:00";"0,584";"25,000";"0,264";"26,5"
"2024-06-26 14:00";"0,837";"24,8";"0,423";"27,1"
"2024-06-26 15:00";"0,924";"25,3";"0,254";"26,6"
"2024-06-26 16:00";"0,32";"26,7";"0,245";"24,5"
"2024-06-26 17:00";"0,326";"25,9";"1,069";"18,000"
"2024-06-26 18:00";"0,599";"26,3";"0,526";"13,8"
"2024-06-26 19:00";"0,579";"25,4";"0,242";"13,8"
"2024-06-26 20:00";"0,54";"24,6";"0,241";"13,8"
"2024-06-26 21:00";"0,531";"23,7";"0,274";"14,1"
"2024-06-26 22:00";"0,384";"21,8";"0,261";"17,000"
"2024-06-26 23:00";"0,159";"20,5";"0,338";"16,8"
"2024-06-27 00:00";"0,17";"19,9";"0,228";"16,5"
"2024-06-27 01:00";"0,168";"19,2";"0,238";"15,8"
"2024-06-27 02:00";"1,14";"18,5";"1,218";"15,4"
"2024-06-27 03:00";"0,449";"15,4";"1,216";"15,000"
"2024-06-27 04:00";"0,154";"15,7";"1,229";"14,8"
"2024-06-27 05:00";"0,168";"16,4";"0,592";"14,7"
"2024-06-27 06:00";"0,205";"17,4";"0,217";"14,3"
"2024-06-27 07:00";"0,189";"18,8";"0,217";"14,5"
"2024-06-27 08:00";"0,219";"20,1";"0,43";"15,2"
"2024-06-27 09:00";"0,302";"22,1";"0,261";"16,1"
"2024-06-27 10:00";"0,304";"24,2";"0,255";"16,7"
"2024-06-27 11:00";"0,264";"26,3";"0,229";"16,8"
"2024-06-27 12:00";"0,286";"27,4";"0,262";"16,6"
"2024-06-27 13:00";"0,361";"28,7";"0,244";"16,5"
"2024-06-27 14:00";"1,154";"29,3";"0,275";"16,3"
"2024-06-27 15:00";"0,329";"29,9";"0,256";"15,6"
"2024-06-27 16:00";"0,263";"30,2";"0,275";"16,6"
"2024-06-27 17:00";"0,216";"29,9";"0,82";"16,9"
"2024-06-27 18:00";"0,473";"29,6";"0,28";"17,000"
"2024-06-27 19:00";"0,226";"28,5";"0,909";"17,1"
"2024-06-27 20:00";"0,365";"27,8";"0,323";"15,8"
"2024-06-27 21:00";"0,519";"26,3";"0,303";"16,3"
"2024-06-27 22:00";"0,184";"24,7";"0,233";"16,2"
"2024-06-27 23:00";"0,174";"23,8";"0,227";"16,1"
"2024-06-28 00:00";"0,171";"22,7";"0,228";"15,6"
"2024-06-28 01:00";"0,171";"20,2";"0,233";"15,1"
"2024-06-28 02:00";"1,15";"18,9";"1,237";"14,7"
"2024-06-28 03:00";"1,155";"18,9";"1,23";"14,4"
"2024-06-28 04:00";"0,785";"18,8";"1,232";"14,3"
"2024-06-28 05:00";"0,17";"18,7";"1,094";"13,4"
"2024-06-28 06:00";"0,647";"18,8";"0,254";"13,3"
"2024-06-28 07:00";"0,195";"19,2";"0,259";"14,5"
"2024-06-28 08:00";"0,26";"19,9";"0,265";"15,7"
"2024-06-28 09:00";"0,3";"21,1";"0,252";"16,4"
"2024-06-28 10:00";"0,312";"22,3";"0,277";"18,000"
"2024-06-28 11:00";"0,357";"23,1";"0,319";"18,7"
"2024-06-28 12:00";"0,319";"21,4";"0,33";"19,7"
"2024-06-28 13:00";"0,315";"20,7";"0,322";"20,5"
"2024-06-28 14:00";"0,317";"23,8";"0,266";"20,8"
"2024-06-28 15:00";"0,338";"21,4";"0,336";"20,9"
"2024-06-28 16:00";"0,315";"21,8";"0,239";"21,4"
"2024-06-28 17:00";"0,297";"22,6";"0,221";"21,9"
"2024-06-28 18:00";"0,421";"21,1";"0,221";"22,1"
"2024-06-28 19:00";"0,378";"21,2";"0,293";"22,1"
"2024-06-28 20:00";"0,399";"20,5";"0,234";"21,4"
"2024-06-28 21:00";"0,556";"19,1";"0,24";"20,4"
"2024-06-28 22:00";"0,401";"17,3";"0,271";"18,4"
"2024-06-28 23:00";"0,282";"16,6";"0,232";"16,8"
"2024-06-29 00:00";"0,172";"16,7";"0,228";"14,4"
"2024-06-29 01:00";"0,163";"16,4";"0,23";"12,9"
"2024-06-29 02:00";"1,114";"15,6";"1,227";"12,4"
"2024-06-29 03:00";"1,133";"15,3";"1,193";"12,6"
"2024-06-29 04:00";"1,139";"14,9";"0,242";"12,1"
"2024-06-29 05:00";"1,145";"14,7";"0,276";"11,2"
"2024-06-29 06:00";"1,148";"14,8";"0,385";"10,8"
"2024-06-29 07:00";"0,166";"15,6";"0,463";"12,4"
"2024-06-29 08:00";"0,158";"16,3";"0,293";"15,4"
"2024-06-29 09:00";"0,238";"17,1";"0,306";"17,7"
"2024-06-29 10:00";"0,204";"17,4";"0,341";"18,5"
"2024-06-29 11:00";"0,178";"18,2";"0,463";"17,2"
"2024-06-29 12:00";"0,178";"18,9";"0,346";"18,000"
"2024-06-29 13:00";"0,23";"19,8";"0,333";"20,000"
"2024-06-29 14:00";"0,589";"20,4";"0,324";"20,7"
"2024-06-29 15:00";"0,766";"20,8";"0,341";"21,4"
"2024-06-29 16:00";"0,584";"21,1";"0,35";"20,8"
"2024-06-29 17:00";"0,541";"21,3";"0,351";"20,8"
"2024-06-29 18:00";"0,323";"21,1";"0,295";"20,8"
"2024-06-29 19:00";"0,362";"20,8";"0,271";"20,3"
"2024-06-29 20:00";"0,209";"20,5";"0,662";"19,8"
"2024-06-29 21:00";"0,25";"19,7";"0,404";"19,5"
"2024-06-29 22:00";"0,255";"17,4";"0,669";"18,6"
"2024-06-29 23:00";"0,186";"16,000";"0,738";"17,6"
"2024-06-30 00:00";"0,154";"15,2";"0,225";"17,3"
"2024-06-30 01:00";"0,168";"15,3";"0,22";"16,4"
"2024-06-30 02:00";"1,135";"15,2";"1,233";"15,8"
"2024-06-30 03:00";"0,465";"15,4";"1,241";"15,7"
"2024-06-30 04:00";"0,15";"15,7";"1,238";"15,7"
"2024-06-30 05:00";"0,161";"15,8";"1,232";"14,4"
"2024-06-30 06:00";"0,196";"16,000";"0,414";"13,1"
"2024-06-30 07:00";"0,172";"15,2";"0,258";"12,5"
"2024-06-30 08:00";"0,248";"15,5";"0,241";"14,1"
"2024-06-30 09:00";"0,231";"15,8";"0,248";"14,9"
"2024-06-30 10:00";"0,272";"15,7";"0,253";"15,5"
"2024-06-30 11:00";"0,341";"16,6";"0,267";"16,6"
"2024-06-30 12:00";"1,003";"17,6";"0,27";"17,2"
"2024-06-30 13:00";"0,288";"16,9";"0,256";"17,8"
"2024-06-30 14:00";"0,271";"14,5";"0,253";"17,6"
"2024-06-30 15:00";"0,268";"14,9";"0,254";"17,7"
"2024-06-30 16:00";"0,177";"15,4";"0,259";"18,4"
"2024-06-30 17:00";"0,174";"15,4";"0,255";"19,5"
"2024-06-30 18:00";"0,348";"15,5";"0,25";"19,6"
"2024-06-30 19:00";"0,604";"15,6";"0,28";"20,1"
"2024-06-30 20:00";"0,311";"16,000";"0,319";"19,5"
"2024-06-30 21:00";"0,261";"16,000";"0,291";"18,4"
"2024-06-30 22:00";"0,175";"14,8";"0,229";"17,1"
"2024-06-30 23:00";"0,168";"13,7";"0,225";"15,8"
"2024-07-01 00:00";"0,166";"12,7";"0,224";"14,6"
"2024-07-01 01:00";"0,173";"12,8";"0,226";"15,4"
"2024-07-01 02:00";"1,139";"12,1";"1,21";"15,8"
"2024-07-01 03:00";"0,698";"12,4";"0,501";"15,8"
"2024-07-01 04:00";"0,191";"12,000";"0,23";"14,3"
"2024-07-01 05:00";"0,184";"11,4";"0,224";"13,2"
"2024-07-01 06:00";"0,177";"11,7";"0,222";"13,000"
"2024-07-01 07:00";"0,173";"12,7";"0,225";"13,7"
"2024-07-01 08:00";"0,194";"14,8";"0,251";"13,8"
"2024-07-01 09:00";"0,153";"15,8";"0,269";"14,7"
"2024-07-01 10:00";"0,269";"16,4";"0,284";"13,8"
"2024-07-01 11:00";"0,281";"17,000";"0,273";"14,9"
"2024-07-01 12:00";"0,229";"17,5";"1,242";"15,8"
"2024-07-01 13:00";"0,2";"18,3";"0,266";"14,7"
"2024-07-01 14:00";"0,167";"18,7";"0,225";"15,9"
"2024-07-01 15:00";"0,177";"18,7";"0,22";"14,7"
"2024-07-01 16:00";"0,187";"18,5";"0,216";"14,3"
"2024-07-01 17:00";"0,307";"19,4";"0,216";"13,2"
"2024-07-01 18:00";"0,285";"18,6";"0,216";"12,9"
"2024-07-01 19:00";"0,287";"17,3";"0,229";"12,9"
"2024-07-01 20:00";"0,329";"17,8";"0,238";"12,7"
"2024-07-01 21:00";"0,297";"17,3";"0,202";"12,5"
"2024-07-01 22:00";"0,294";"15,4";"0,18";"12,6"
"2024-07-01 23:00";"0,276";"14,1";"0,179";"13,000"
"2024-07-02 00:00";"0,29";"13,8";"0,183";"13,4"
"2024-07-02 01:00";"0,251";"14,2";"0,18";"14,1"
"2024-07-02 02:00";"1,163";"14,000";"0,977";"14,9"
"2024-07-02 03:00";"0,557";"12,7";"0,178";"15,1"
"2024-07-02 04:00";"0,162";"13,000";"0,177";"14,8"
"2024-07-02 05:00";"0,165";"13,6";"0,175";"14,7"
"2024-07-02 06:00";"0,165";"13,8";"1,015";"14,5"
"2024-07-02 07:00";"0,148";"13,5";"0,189";"15,000"
"2024-07-02 08:00";"0,167";"13,5";"0,176";"15,5"
"2024-07-02 09:00";"0,194";"13,9";"0,174";"16,1"
"2024-07-02 10:00";"0,193";"14,5";"0,174";"16,9"
"2024-07-02 11:00";"0,16";"15,5";"0,174";"18,000"
"2024-07-02 12:00";"0,26";"15,2";"0,503";"18,3"
"2024-07-02 13:00";"0,204";"15,000";"0,175";"17,1"
"2024-07-02 14:00";"0,688";"15,000";"0,181";"17,1"
"2024-07-02 15:00";"0,278";"15,8";"0,179";"15,9"
"2024-07-02 16:00";"0,389";"16,3";"0,176";"16,6"
"2024-07-02 17:00";"0,328";"16,7";"0,176";"18,1"
"2024-07-02 18:00";"0,385";"16,3";"0,171";"16,7"
"2024-07-02 19:00";"0,761";"15,3";"0,171";"16,3"
"2024-07-02 20:00";"0,315";"15,4";"0,171";"15,8"
"2024-07-02 21:00";"0,373";"15,6";"0,171";"15,7"
"2024-07-02 22:00";"0,191";"15,3";"0,174";"15,6"
"2024-07-02 23:00";"0,196";"14,9";"0,18";"14,9"
"2024-07-03 00:00";"0,194";"14,3";"0,195";"14,9"
"2024-07-03 01:00";"0,35";"14,000";"0,194";"14,5"
"2024-07-03 02:00";"0,349";"13,9";"0,972";"14,1"
"2024-07-03 03:00";"0,35";"13,8";"0,202";"13,6"
"2024-07-03 04:00";"0,35";"13,7";"0,198";"13,9"
"2024-07-03 05:00";"0,349";"13,5";"0,198";"14,000"
"2024-07-03 06:00";"0,35";"13,000";"0,201";"14,1"
"2024-07-03 07:00";"0,35";"13,2";"0,188";"14,5"
"2024-07-03 08:00";"0,35";"13,4";"0,201";"14,8"
"2024-07-03 09:00";"0,349";"13,6";"0,183";"12,3"
"2024-07-03 10:00";"0,35";"14,2";"0,18";"15,5"
"2024-07-03 11:00";"0,35";"14,8";"0,178";"16,6"
"2024-07-03 12:00";"0,349";"16,6";"0,178";"17,3"
"2024-07-03 13:00";"0,35";"17,1";"0,178";"16,3"
"2024-07-03 14:00";"0,35";"17,7";"0,175";"14,6"
"2024-07-03 15:00";"0,349";"17,4";"0,172";"16,4"
"2024-07-03 16:00";"0,35";"17,3";"0,172";"17,000"
"2024-07-03 17:00";"0,35";"17,3";"0,171";"15,4"
"2024-07-03 18:00";"0,349";"17,3";"0,171";"15,5"
"2024-07-03 19:00";"0,35";"17,1";"0,171";"16,4"
"2024-07-03 20:00";"0,35";"16,5";"0,171";"16,7"
"2024-07-03 21:00";"0,35";"15,9";"0,189";"13,3"
"2024-07-03 22:00";"0,349";"15,4";"0,202";"12,9"
"2024-07-03 23:00";"0,35";"14,2";"0,202";"13,4"
"2024-07-04 00:00";"0,35";"14,3";"0,21";"13,4"
"2024-07-04 01:00";"0,231";"14,4";"0,202";"13,4"
"2024-07-04 02:00";"1,187";"13,6";"1,193";"13,4"
"2024-07-04 03:00";"1,192";"12,8";"0,583";"13,8"
"2024-07-04 04:00";"1,028";"12,6";"0,205";"12,9"
"2024-07-04 05:00";"0,219";"12,1";"0,206";"11,3"
"2024-07-04 06:00";"0,236";"11,8";"0,207";"11,3"
"2024-07-04 07:00";"0,27";"12,1";"0,203";"12,7"
"2024-07-04 08:00";"0,216";"12,7";"0,202";"12,5"
"2024-07-04 09:00";"0,227";"14,4";"0,18";"13,7"
"2024-07-04 10:00";"0,17";"14,3";"0,174";"15,2"
"2024-07-04 11:00";"0,173";"15,000";"0,175";"16,2"
"2024-07-04 12:00";"0,178";"15,000";"0,179";"15,000"
"2024-07-04 13:00";"0,222";"13,6";"0,174";"13,5"
"2024-07-04 14:00";"0,332";"13,2";"0,177";"14,4"
"2024-07-04 15:00";"0,332";"13,2";"0,175";"16,8"
"2024-07-04 16:00";"1,000";"14,7";"0,175";"15,4"
"2024-07-04 17:00";"0,42";"16,6";"0,173";"17,000"
"2024-07-04 18:00";"0,266";"16,8";"0,174";"17,7"
"2024-07-04 19:00";"0,22";"16,1";"0,173";"17,2"
"2024-07-04 20:00";"0,269";"15,7";"0,175";"16,4"
"2024-07-04 21:00";"0,347";"14,8";"0,18";"15,6"
"2024-07-04 22:00";"0,207";"14,000";"0,185";"14,1"
"2024-07-04 23:00";"0,227";"12,8";"0,183";"14,7"
"2024-07-05 00:00";"0,231";"11,3";"0,192";"14,3"
"2024-07-05 01:00";"0,226";"12,2";"0,196";"13,7"
"2024-07-05 02:00";"1,211";"12,3";"1,181";"13,5"
"2024-07-05 03:00";"1,235";"12,3";"0,601";"12,9"
"2024-07-05 04:00";"1,205";"12,000";"0,199";"12,000"
"2024-07-05 05:00";"0,903";"12,000";"0,216";"11,5"
"2024-07-05 06:00";"0,301";"12,2";"0,199";"10,8"
"2024-07-05 07:00";"0,306";"13,000";"0,193";"11,7"
"2024-07-05 08:00";"0,236";"13,8";"0,174";"14,2"
"2024-07-05 09:00";"0,273";"12,000";"0,167";"16,4"
"2024-07-05 10:00";"0,227";"14,4";"0,17";"16,4"
"2024-07-05 11:00";"0,23";"12,7";"0,169";"15,8"
"2024-07-05 12:00";"0,206";"15,000";"0,171";"17,2"
"2024-07-05 13:00";"0,199";"17,000";"0,17";"17,2"
"2024-07-05 14:00";"0,198";"17,1";"0,169";"16,1"
"2024-07-05 15:00";"0,209";"16,000";"0,171";"15,6"
"2024-07-05 16:00";"0,2";"17,1";"0,171";"16,6"
"2024-07-05 17:00";"0,208";"17,1";"0,17";"18,5"
"2024-07-05 18:00";"0,222";"15,9";"0,171";"19,6"
"2024-07-05 19:00";"0,984";"16,2";"0,171";"20,000"
"2024-07-05 20:00";"0,238";"12,9";"0,172";"19,1"
"2024-07-05 21:00";"0,237";"13,6";"0,17";"17,7"
"2024-07-05 22:00";"0,231";"13,7";"0,17";"17,1"
"2024-07-05 23:00";"0,241";"13,9";"0,179";"15,8"
"2024-07-06 00:00";"0,266";"13,7";"0,186";"15,3"
"2024-07-06 01:00";"0,258";"13,7";"0,192";"14,9"
"2024-07-06 02:00";"1,237";"13,2";"1,182";"14,3"
"2024-07-06 03:00";"1,269";"13,000";"0,548";"13,1"
"2024-07-06 04:00";"1,251";"12,4";"0,197";"13,000"
"2024-07-06 05:00";"1,258";"12,000";"0,199";"12,4"
"2024-07-06 06:00";"0,386";"12,8";"0,194";"12,8"
"2024-07-06 07:00";"0,238";"13,7";"0,191";"13,5"
"2024-07-06 08:00";"0,26";"15,1";"0,194";"13,7"
"2024-07-06 09:00";"0,283";"16,2";"0,197";"14,1"
"2024-07-06 10:00";"0,211";"17,1";"0,188";"15,1"
"2024-07-06 11:00";"0,237";"18,1";"0,186";"16,1"
"2024-07-06 12:00";"0,194";"18,1";"0,184";"16,8"
"2024-07-06 13:00";"0,572";"20,1";"0,183";"18,1"
"2024-07-06 14:00";"0,219";"21,5";"0,184";"18,9"
"2024-07-06 15:00";"0,193";"23,000";"0,184";"19,9"
"2024-07-06 16:00";"0,196";"23,5";"0,184";"18,9"
"2024-07-06 17:00";"0,201";"23,8";"0,184";"15,4"
"2024-07-06 18:00";"0,187";"23,7";"0,183";"16,5"
"2024-07-06 19:00";"0,188";"23,000";"0,186";"17,8"
"2024-07-06 20:00";"0,202";"21,8";"0,354";"17,8"
"2024-07-06 21:00";"0,187";"20,6";"0,229";"17,8"
"2024-07-06 22:00";"0,19";"17,9";"0,208";"15,4"
"2024-07-06 23:00";"0,203";"17,9";"0,195";"14,1"
"2024-07-07 00:00";"0,191";"16,8";"0,199";"13,6"
"2024-07-07 01:00";"0,2";"15,6";"0,202";"13,000"
"2024-07-07 02:00";"0,997";"15,1";"1,206";"12,000"
"2024-07-07 03:00";"0,214";"14,6";"1,206";"12,3"
"2024-07-07 04:00";"0,228";"14,2";"1,208";"12,2"
"2024-07-07 05:00";"0,244";"14,000";"0,392";"11,4"
"2024-07-07 06:00";"0,222";"14,2";"0,208";"12,1"
"2024-07-07 07:00";"0,231";"14,4";"0,227";"14,000"
"2024-07-07 08:00";"0,224";"14,9";"0,186";"15,1"
"2024-07-07 09:00";"0,192";"15,1";"0,181";"15,8"
"2024-07-07 10:00";"0,212";"16,3";"0,181";"17,000"
"2024-07-07 11:00";"0,213";"17,2";"0,185";"18,1"
"2024-07-07 12:00";"0,776";"17,7";"0,184";"18,9"
"2024-07-07 13:00";"0,201";"18,7";"0,184";"19,4"
"2024-07-07 14:00";"0,204";"18,7";"0,184";"19,8"
"2024-07-07 15:00";"0,953";"18,7";"0,184";"20,1"
"2024-07-07 16:00";"0,253";"19,1";"0,185";"20,9"
"2024-07-07 17:00";"0,242";"19,1";"0,184";"20,7"
"2024-07-07 18:00";"0,351";"18,7";"0,204";"20,7"
"2024-07-07 19:00";"0,383";"18,5";"0,243";"20,9"
"2024-07-07 20:00";"0,428";"17,6";"0,239";"20,6"
"2024-07-07 21:00";"0,324";"16,7";"0,239";"19,3"
"2024-07-07 22:00";"0,216";"16,3";"0,296";"17,1"
"2024-07-07 23:00";"0,234";"14,6";"0,362";"15,2"
"2024-07-08 00:00";"0,22";"13,3";"0,298";"13,5"
"2024-07-08 01:00";"0,196";"13,3";"0,295";"11,7"
"2024-07-08 02:00";"1,205";"12,9";"1,294";"10,9"
"2024-07-08 03:00";"1,223";"13,2";"1,3";"10,2"
"2024-07-08 04:00";"0,271";"13,4";"1,297";"9,5"
"2024-07-08 05:00";"0,23";"13,1";"1,271";"8,8"
"2024-07-08 06:00";"0,256";"12,9";"0,298";"9,2"
"2024-07-08 07:00";"0,241";"13,5";"0,297";"12,7"
"2024-07-08 08:00";"0,364";"14,9";"0,372";"16,6"
"2024-07-08 09:00";"0,315";"15,8";"0,324";"18,2"
"2024-07-08 10:00";"0,319";"18,1";"0,307";"20,000"
"2024-07-08 11:00";"0,575";"18,3";"0,433";"21,3"
"2024-07-08 12:00";"0,327";"16,9";"1,749";"22,000"
"2024-07-08 13:00";"0,304";"15,7";"1,21";"22,5"
"2024-07-08 14:00";"0,309";"18,7";"0,351";"23,2"
"2024-07-08 15:00";"0,276";"20,4";"0,297";"23,8"
"2024-07-08 16:00";"0,265";"20,2";"0,29";"24,2"
"2024-07-08 17:00";"0,216";"20,5";"0,292";"23,9"
"2024-07-08 18:00";"0,659";"20,2";"0,314";"24,4"
"2024-07-08 19:00";"0,27";"19,000";"0,315";"24,2"
"2024-07-08 20:00";"0,818";"19,000";"0,315";"23,4"
"2024-07-08 21:00";"0,863";"17,9";"0,314";"21,8"
"2024-07-08 22:00";"0,208";"16,3";"0,321";"19,4"
"2024-07-08 23:00";"0,203";"15,000";"0,317";"16,9"
"2024-07-09 00:00";"0,193";"13,2";"0,299";"15,7"
"2024-07-09 01:00";"0,219";"11,9";"0,301";"14,3"
"2024-07-09 02:00";"1,209";"11,8";"0,956";"12,7"
"2024-07-09 03:00";"1,207";"11,3";"0,299";"12,7"
"2024-07-09 04:00";"0,321";"11,000";"0,302";"12,2"
"2024-07-09 05:00";"0,233";"10,7";"0,299";"10,5"
"2024-07-09 06:00";"0,24";"11,4";"0,302";"9,5"
"2024-07-09 07:00";"0,226";"13,7";"0,301";"12,9"
"2024-07-09 08:00";"0,214";"16,9";"0,299";"17,1"
"2024-07-09 09:00";"0,215";"18,5";"0,301";"19,3"
"2024-07-09 10:00";"0,218";"19,3";"0,303";"21,4"
"2024-07-09 11:00";"0,286";"19,6";"0,3";"23,1"
"2024-07-09 12:00";"0,256";"19,6";"1,319";"23,8"
"2024-07-09 13:00";"0,28";"20,5";"1,303";"24,4"
"2024-07-09 14:00";"0,266";"20,5";"0,565";"25,000"
"2024-07-09 15:00";"0,233";"19,9";"0,288";"25,6"
"2024-07-09 16:00";"0,268";"19,8";"0,296";"25,8"
"2024-07-09 17:00";"0,322";"20,2";"0,298";"26,5"
"2024-07-09 18:00";"0,291";"21,000";"0,305";"26,1"
"2024-07-09 19:00";"0,683";"20,6";"0,303";"24,5"
"2024-07-09 20:00";"0,6";"20,2";"0,305";"22,8"
"2024-07-09 21:00";"0,407";"19,1";"0,299";"21,2"
"2024-07-09 22:00";"0,376";"18,2";"0,297";"19,3"
"2024-07-09 23:00";"0,187";"17,6";"0,298";"17,4"
"2024-07-10 00:00";"0,188";"17,5";"0,298";"17,000"
"2024-07-10 01:00";"0,172";"17,5";"0,297";"17,2"
"2024-07-10 02:00";"1,173";"17,8";"0,915";"14,7"
"2024-07-10 03:00";"1,185";"18,3";"0,297";"16,1"
"2024-07-10 04:00";"0,981";"18,6";"0,305";"16,6"
"2024-07-10 05:00";"0,169";"18,8";"0,303";"15,1"
"2024-07-10 06:00";"0,221";"18,7";"0,3";"16,1"
"2024-07-10 07:00";"0,228";"19,3";"0,302";"18,5"
"2024-07-10 08:00";"0,29";"20,1";"0,296";"20,000"
"2024-07-10 09:00";"0,32";"22,000";"0,297";"19,9"
"2024-07-10 10:00";"0,419";"24,5";"0,297";"21,000"
"2024-07-10 11:00";"0,391";"25,6";"0,297";"22,2"
"2024-07-10 12:00";"0,261";"26,000";"0,297";"22,2"
"2024-07-10 13:00";"0,474";"25,9";"0,298";"21,8"
"2024-07-10 14:00";"0,309";"21,000";"0,297";"19,4"
"2024-07-10 15:00";"0,268";"20,8";"0,302";"16,000"
"2024-07-10 16:00";"0,335";"20,8";"0,301";"15,9"
"2024-07-10 17:00";"0,481";"21,000";"0,3";"17,3"
"2024-07-10 18:00";"0,491";"21,5";"0,302";"18,9"
"2024-07-10 19:00";"0,331";"21,3";"0,302";"17,8"
"2024-07-10 20:00";"0,328";"20,6";"0,318";"17,3"
"2024-07-10 21:00";"0,248";"19,4";"0,321";"16,4"
"2024-07-10 22:00";"0,233";"19,4";"0,308";"14,7"
"2024-07-10 23:00";"0,248";"18,000";"0,303";"13,000"
"2024-07-11 00:00";"0,306";"16,9";"0,299";"11,8"
"2024-07-11 01:00";"0,287";"16,1";"0,301";"11,3"
"2024-07-11 02:00";"1,288";"15,8";"1,295";"10,9"
"2024-07-11 03:00";"1,021";"15,5";"1,144";"10,4"
"2024-07-11 04:00";"0,302";"15,1";"0,302";"10,1"
"2024-07-11 05:00";"0,297";"15,000";"0,301";"9,4"
"2024-07-11 06:00";"0,285";"15,3";"0,302";"8,5"
"2024-07-11 07:00";"0,313";"16,4";"0,301";"10,2"
"2024-07-11 08:00";"0,342";"17,8";"0,3";"11,3"
"2024-07-11 09:00";"0,343";"18,6";"0,321";"11,7"
"2024-07-11 10:00";"0,319";"17,9";"0,298";"15,9"
"2024-07-11 11:00";"0,374";"17,8";"0,28";"19,1"
"2024-07-11 12:00";"0,241";"17,9";"0,205";"20,5"
"2024-07-11 13:00";"0,695";"18,4";"0,173";"21,000"
"2024-07-11 14:00";"1,024";"17,8";"0,173";"21,000"
"2024-07-11 15:00";"0,274";"16,4";"0,204";"23,1"
"2024-07-11 16:00";"0,173";"16,8";"0,372";"24,000"
"2024-07-11 17:00";"0,177";"16,9";"0,216";"24,000"
"2024-07-11 18:00";"0,189";"18,3";"0,208";"23,8"
"2024-07-11 19:00";"0,218";"19,7";"0,206";"22,5"
"2024-07-11 20:00";"0,325";"20,3";"0,209";"21,1"
"2024-07-11 21:00";"0,28";"18,6";"0,213";"19,6"
"2024-07-11 22:00";"0,262";"16,8";"0,2";"18,4"
"2024-07-11 23:00";"0,21";"15,9";"0,199";"17,9"
"2024-07-12 00:00";"0,196";"14,9";"0,195";"17,7"
"2024-07-12 01:00";"0,196";"14,4";"0,191";"17,3"
"2024-07-12 02:00";"1,162";"14,1";"1,185";"17,000"
"2024-07-12 03:00";"1,187";"13,5";"0,988";"17,8"
"2024-07-12 04:00";"0,662";"13,1";"0,192";"18,000"
"2024-07-12 05:00";"0,208";"12,9";"0,191";"18,1"
"2024-07-12 06:00";"0,176";"13,000";"0,19";"18,8"
"2024-07-12 07:00";"0,202";"14,8";"0,191";"18,7"
"2024-07-12 08:00";"0,222";"15,7";"0,193";"14,1"
"2024-07-12 09:00";"0,218";"16,1";"0,23";"12,1"
"2024-07-12 10:00";"0,255";"17,4";"0,221";"11,6"
"2024-07-12 11:00";"0,32";"19,8";"0,236";"12,1"
"2024-07-12 12:00";"0,313";"21,5";"0,238";"12,6"
"2024-07-12 13:00";"0,28";"21,6";"0,223";"13,000"
"2024-07-12 14:00";"0,241";"22,5";"0,205";"14,5"
"2024-07-12 15:00";"0,205";"23,8";"0,473";"17,000"
"2024-07-12 16:00";"0,207";"23,4";"0,215";"18,8"
"2024-07-12 17:00";"0,211";"22,5";"0,204";"19,6"
"2024-07-12 18:00";"0,229";"22,3";"0,221";"19,3"
"2024-07-12 19:00";"0,298";"22,000";"0,2";"20,4"
"2024-07-12 20:00";"0,29";"21,5";"0,195";"19,3"
"2024-07-12 21:00";"0,228";"20,4";"0,214";"18,4"
"2024-07-12 22:00";"0,219";"19,3";"0,622";"17,000"
"2024-07-12 23:00";"0,22";"18,9";"0,251";"16,5"
"2024-07-13 00:00";"0,224";"18,7";"0,717";"15,4"
"2024-07-13 01:00";"0,207";"18,7";"0,181";"15,4"
"2024-07-13 02:00";"1,196";"18,5";"1,161";"14,8"
"2024-07-13 03:00";"1,225";"18,7";"0,518";"14,000"
"2024-07-13 04:00";"1,21";"18,7";"0,191";"13,3"
"2024-07-13 05:00";"0,218";"18,3";"0,204";"13,1"
"2024-07-13 06:00";"0,202";"17,9";"0,196";"13,1"
"2024-07-13 07:00";"0,226";"17,3";"0,212";"14,2"
"2024-07-13 08:00";"0,218";"17,2";"0,186";"16,5"
"2024-07-13 09:00";"0,243";"17,3";"0,187";"17,6"
"2024-07-13 10:00";"0,224";"17,000";"0,215";"17,7"
"2024-07-13 11:00";"0,248";"16,6";"0,577";"17,9"
"2024-07-13 12:00";"0,822";"16,6";"0,218";"16,6"
"2024-07-13 13:00";"0,256";"16,5";"0,197";"17,9"
"2024-07-13 14:00";"0,264";"15,8";"0,216";"19,8"
"2024-07-13 15:00";"0,245";"15,4";"0,228";"20,9"
"2024-07-13 16:00";"0,252";"15,6";"0,206";"20,7"
"2024-07-13 17:00";"0,25";"15,6";"0,284";"19,1"
"2024-07-13 18:00";"0,241";"15,7";"0,373";"19,1"
"2024-07-13 19:00";"0,311";"15,6";"0,315";"15,2"
"2024-07-13 20:00";"0,263";"15,4";"0,307";"16,5"
"2024-07-13 21:00";"0,258";"15,6";"0,309";"16,8"
"2024-07-13 22:00";"0,248";"15,2";"0,337";"16,2"
"2024-07-13 23:00";"0,214";"14,6";"0,338";"14,1"
"2024-07-14 00:00";"0,219";"14,5";"0,303";"13,5"
"2024-07-14 01:00";"0,23";"14,000";"0,194";"13,3"
"2024-07-14 02:00";"0,903";"13,6";"1,188";"12,8"
"2024-07-14 03:00";"0,224";"13,2";"1,046";"12,7"
"2024-07-14 04:00";"0,273";"13,2";"0,187";"11,8"
"2024-07-14 05:00";"0,243";"13,4";"0,187";"11,2"
"2024-07-14 06:00";"0,223";"14,7";"0,186";"11,5"
"2024-07-14 07:00";"0,213";"15,4";"0,186";"12,7"
"2024-07-14 08:00";"0,22";"15,8";"0,186";"14,5"
"2024-07-14 09:00";"0,224";"15,9";"0,211";"15,8"
"2024-07-14 10:00";"0,232";"16,6";"0,188";"16,9"
"2024-07-14 11:00";"0,222";"17,5";"0,238";"18,000"
"2024-07-14 12:00";"0,844";"18,000";"0,317";"18,3"
"2024-07-14 13:00";"0,236";"18,3";"0,337";"19,1"
"2024-07-14 14:00";"0,209";"18,6";"0,316";"20,1"
"2024-07-14 15:00";"0,234";"19,2";"0,328";"21,000"
"2024-07-14 16:00";"0,228";"19,7";"0,3";"21,4"
"2024-07-14 17:00";"0,709";"19,7";"0,269";"21,7"
"2024-07-14 18:00";"0,248";"20,000";"0,308";"21,6"
"2024-07-14 19:00";"0,257";"19,8";"0,306";"21,3"
"2024-07-14 20:00";"0,781";"19,4";"0,304";"20,9"
"2024-07-14 21:00";"0,713";"18,5";"0,444";"20,2"
"2024-07-14 22:00";"0,308";"16,5";"0,26";"17,4"
"2024-07-14 23:00";"0,242";"15,1";"0,253";"15,9"
"2024-07-15 00:00";"0,21";"14,1";"0,237";"15,7"
"2024-07-15 01:00";"0,236";"13,7";"0,198";"15,1"
"2024-07-15 02:00";"1,214";"14,5";"1,192";"14,9"
"2024-07-15 03:00";"0,828";"14,9";"0,479";"15,8"
"2024-07-15 04:00";"0,227";"15,4";"0,189";"16,2"
"2024-07-15 05:00";"0,23";"15,3";"0,186";"16,1"
"2024-07-15 06:00";"0,235";"15,000";"0,186";"16,5"
"2024-07-15 07:00";"0,264";"15,3";"0,186";"17,2"
"2024-07-15 08:00";"0,242";"16,1";"0,186";"17,8"
"2024-07-15 09:00";"0,249";"17,3";"0,184";"18,5"
"2024-07-15 10:00";"0,263";"19,4";"0,214";"19,8"
"2024-07-15 11:00";"0,305";"20,5";"0,186";"21,8"
"2024-07-15 12:00";"0,233";"21,3";"0,738";"23,6"
"2024-07-15 13:00";"0,21";"21,6";"0,189";"25,000"
"2024-07-15 14:00";"0,222";"21,6";"0,207";"25,7"
"2024-07-15 15:00";"0,238";"21,8";"0,298";"26,000"
"2024-07-15 16:00";"0,243";"21,2";"0,3";"26,4"
"2024-07-15 17:00";"0,307";"20,7";"0,34";"27,000"
"2024-07-15 18:00";"0,84";"21,1";"0,288";"26,2"
"2024-07-15 19:00";"0,449";"20,6";"0,288";"25,1"
"2024-07-15 20:00";"0,388";"20,2";"0,275";"24,2"
"2024-07-15 21:00";"0,305";"19,3";"0,199";"23,4"
"2024-07-15 22:00";"0,325";"17,9";"0,181";"22,4"
"2024-07-15 23:00";"0,322";"15,9";"0,186";"21,9"
"2024-07-16 00:00";"0,243";"14,7";"0,184";"22,1"
"2024-07-16 01:00";"0,212";"14,2";"0,181";"23,3"
"2024-07-16 02:00";"1,185";"13,9";"1,086";"23,4"
"2024-07-16 03:00";"1,205";"13,7";"0,178";"22,9"
"2024-07-16 04:00";"0,839";"13,6";"0,177";"21,7"
"2024-07-16 05:00";"0,199";"13,2";"0,176";"18,5"
"2024-07-16 06:00";"0,217";"13,8";"0,179";"17,9"
"2024-07-16 07:00";"0,216";"16,9";"0,182";"16,2"
"2024-07-16 08:00";"0,243";"18,5";"0,181";"15,8"
"2024-07-16 09:00";"0,259";"19,1";"0,207";"17,1"
"2024-07-16 10:00";"0,302";"19,2";"0,181";"19,000"
"2024-07-16 11:00";"0,333";"18,6";"0,176";"21,1"
"2024-07-16 12:00";"0,376";"18,5";"1,146";"22,4"
"2024-07-16 13:00";"1,506";"18,3";"0,23";"23,1"
"2024-07-16 14:00";"0,794";"17,8";"0,175";"23,1"
"2024-07-16 15:00";"0,39";"17,9";"0,183";"23,7"
"2024-07-16 16:00";"0,583";"18,4";"0,202";"23,8"
"2024-07-16 17:00";"0,319";"19,1";"0,19";"23,1"
"2024-07-16 18:00";"0,309";"19,4";"0,191";"22,5"
"2024-07-16 19:00";"0,315";"19,000";"0,19";"22,2"
"2024-07-16 20:00";"0,342";"18,8";"0,192";"21,3"
"2024-07-16 21:00";"0,333";"18,5";"0,293";"20,4"
"2024-07-16 22:00";"0,358";"17,7";"0,293";"19,1"
"2024-07-16 23:00";"0,335";"16,9";"0,31";"17,4"
"2024-07-17 00:00";"0,256";"16,5";"0,296";"17,9"
"2024-07-17 01:00";"0,236";"16,9";"0,199";"17,8"
"2024-07-17 02:00";"1,166";"16,9";"0,978";"17,000"
"2024-07-17 03:00";"1,101";"16,3";"0,176";"16,8"
"2024-07-17 04:00";"0,174";"16,6";"0,179";"16,7"
"2024-07-17 05:00";"0,181";"16,5";"0,178";"15,1"
"2024-07-17 06:00";"0,189";"16,5";"0,182";"14,8"
"2024-07-17 07:00";"0,209";"17,1";"0,181";"15,7"
"2024-07-17 08:00";"0,219";"17,8";"0,184";"17,7"
"2024-07-17 09:00";"0,557";"18,2";"0,206";"17,6"
"2024-07-17 10:00";"0,333";"19,000";"0,218";"15,4"
"2024-07-17 11:00";"0,315";"19,5";"0,185";"13,5"
"2024-07-17 12:00";"0,343";"20,4";"0,22";"16,6"
"2024-07-17 13:00";"0,325";"21,000";"0,187";"19,4"
"2024-07-17 14:00";"0,309";"20,8";"0,179";"17,7"
"2024-07-17 15:00";"0,324";"20,000";"0,176";"17,3"
"2024-07-17 16:00";"0,541";"20,7";"0,176";"19,2"
"2024-07-17 17:00";"1,032";"19,3";"0,179";"19,7"
"2024-07-17 18:00";"0,441";"18,4";"0,433";"19,2"
"2024-07-17 19:00";"0,264";"19,6";"0,324";"18,7"
"2024-07-17 20:00";"0,299";"19,5";"0,252";"16,2"
"2024-07-17 21:00";"0,306";"18,8";"0,283";"15,3"
"2024-07-17 22:00";"0,336";"18,3";"0,195";"15,7"
"2024-07-17 23:00";"0,296";"17,8";"0,18";"15,3"
"2024-07-18 00:00";"0,205";"17,6";"0,178";"15,2"
"2024-07-18 01:00";"0,182";"17,4";"0,179";"14,8"
"2024-07-18 02:00";"1,149";"16,8";"1,173";"14,4"
"2024-07-18 03:00";"1,173";"15,9";"1,178";"13,9"
"2024-07-18 04:00";"0,524";"15,5";"0,602";"13,6"
"2024-07-18 05:00";"0,182";"15,6";"0,181";"13,3"
"2024-07-18 06:00";"0,859";"15,1";"0,183";"13,3"
"2024-07-18 07:00";"0,179";"15,1";"0,213";"14,1"
"2024-07-18 08:00";"0,322";"15,5";"0,188";"14,6"
"2024-07-18 09:00";"0,424";"16,2";"0,178";"15,8"
"2024-07-18 10:00";"0,582";"17,3";"0,177";"16,9"
"2024-07-18 11:00";"0,978";"17,9";"0,177";"17,9"
"2024-07-18 12:00";"0,516";"19,1";"0,177";"18,9"
"2024-07-18 13:00";"0,221";"18,9";"0,177";"19,5"
"2024-07-18 14:00";"0,183";"19,000";"0,178";"19,9"
"2024-07-18 15:00";"0,181";"19,1";"0,175";"20,2"
"2024-07-18 16:00";"0,174";"18,7";"0,179";"20,1"
"2024-07-18 17:00";"0,182";"18,9";"0,178";"19,9"
"2024-07-18 18:00";"0,185";"19,1";"0,178";"18,5"
"2024-07-18 19:00";"0,373";"19,000";"0,178";"19,4"
"2024-07-18 20:00";"0,23";"19,000";"0,179";"18,7"
"2024-07-18 21:00";"0,41";"17,7";"0,175";"17,6"
"2024-07-18 22:00";"0,23";"15,9";"0,177";"16,7"
"2024-07-18 23:00";"0,205";"14,8";"0,176";"14,7"
"2024-07-19 00:00";"0,208";"14,5";"0,178";"14,3"
"2024-07-19 01:00";"0,199";"13,6";"0,178";"12,9"
"2024-07-19 02:00";"1,175";"13,9";"1,17";"13,1"
"2024-07-19 03:00";"1,207";"13,6";"0,949";"12,3"
"2024-07-19 04:00";"1,21";"13,2";"0,178";"12,2"
"2024-07-19 05:00";"1,208";"12,9";"0,178";"12,7"
"2024-07-19 06:00";"0,295";"12,6";"0,178";"12,7"
"2024-07-19 07:00";"0,227";"14,000";"0,177";"13,4"
"2024-07-19 08:00";"0,196";"16,3";"0,178";"14,7"
"2024-07-19 09:00";"0,199";"17,4";"0,177";"15,5"
"2024-07-19 10:00";"0,151";"18,4";"0,177";"15,8"
"2024-07-19 11:00";"0,162";"19,5";"0,181";"16,8"
"2024-07-19 12:00";"0,167";"20,9";"0,182";"17,6"
"2024-07-19 13:00";"0,168";"22,000";"0,182";"17,3"
"2024-07-19 14:00";"0,163";"22,8";"0,182";"17,7"
"2024-07-19 15:00";"0,153";"23,2";"0,181";"19,2"
"2024-07-19 16:00";"0,167";"23,4";"0,182";"19,000"
"2024-07-19 17:00";"0,167";"23,4";"0,197";"18,9"
"2024-07-19 18:00";"0,168";"23,1";"0,197";"18,7"
"2024-07-19 19:00";"0,161";"22,7";"0,174";"18,1"
"2024-07-19 20:00";"0,151";"21,8";"0,173";"17,5"
"2024-07-19 21:00";"0,169";"20,2";"0,174";"15,7"
"2024-07-19 22:00";"0,167";"18,3";"0,181";"14,7"
"2024-07-19 23:00";"0,167";"16,6";"0,18";"13,000"
"2024-07-20 00:00";"0,155";"14,3";"0,195";"12,000"
"2024-07-20 01:00";"0,159";"13,8";"0,202";"11,5"
"2024-07-20 02:00";"1,147";"13,2";"1,191";"11,3"
"2024-07-20 03:00";"1,162";"13,000";"1,197";"10,000"
"2024-07-20 04:00";"1,153";"12,5";"1,202";"8,3"
"2024-07-20 05:00";"0,33";"12,3";"0,976";"7,5"
"2024-07-20 06:00";"0,168";"12,000";"0,242";"9,8"
"2024-07-20 07:00";"0,167";"12,4";"0,183";"12,5"
"2024-07-20 08:00";"0,161";"16,7";"0,179";"14,4"
"2024-07-20 09:00";"0,152";"19,4";"0,189";"15,3"
"2024-07-20 10:00";"0,168";"21,1";"0,226";"16,3"
"2024-07-20 11:00";"0,168";"22,4";"0,203";"14,2"
"2024-07-20 12:00";"0,209";"23,6";"0,201";"15,6"
"2024-07-20 13:00";"0,491";"24,4";"0,199";"17,000"
"2024-07-20 14:00";"0,16";"24,7";"0,228";"18,3"
"2024-07-20 15:00";"0,169";"25,3";"0,216";"18,7"
"2024-07-20 16:00";"0,168";"25,4";"0,214";"18,7"
"2024-07-20 17:00";"0,168";"25,7";"0,216";"16,1"
"2024-07-20 18:00";"0,156";"24,2";"0,183";"16,3"
"2024-07-20 19:00";"0,159";"23,6";"0,181";"17,3"
"2024-07-20 20:00";"0,169";"22,7";"0,2";"16,9"
"2024-07-20 21:00";"0,168";"21,4";"0,227";"16,6"
"2024-07-20 22:00";"0,167";"19,4";"0,226";"15,000"
"2024-07-20 23:00";"0,172";"17,9";"0,187";"15,1"
"2024-07-21 00:00";"0,164";"16,4";"0,179";"15,1"
"2024-07-21 01:00";"0,175";"15,4";"0,178";"13,9"
"2024-07-21 02:00";"0,995";"15,000";"1,168";"13,7"
"2024-07-21 03:00";"0,169";"14,8";"1,164";"13,2"
"2024-07-21 04:00";"0,154";"14,9";"1,169";"13,6"
"2024-07-21 05:00";"0,165";"14,7";"0,776";"13,000"
"2024-07-21 06:00";"0,169";"15,1";"0,197";"13,1"
"2024-07-21 07:00";"0,169";"15,7";"0,185";"13,8"
"2024-07-21 08:00";"0,298";"19,4";"0,181";"14,5"
"2024-07-21 09:00";"0,152";"21,4";"0,224";"15,3"
"2024-07-21 10:00";"0,168";"23,1";"0,335";"16,000"
"2024-07-21 11:00";"0,168";"24,3";"0,219";"17,000"
"2024-07-21 12:00";"1,137";"25,4";"0,216";"17,8"
"2024-07-21 13:00";"0,446";"26,3";"0,214";"17,9"
"2024-07-21 14:00";"0,157";"26,6";"0,214";"18,2"
"2024-07-21 15:00";"0,163";"26,9";"0,212";"18,6"
"2024-07-21 16:00";"0,169";"27,000";"0,288";"18,5"
"2024-07-21 17:00";"0,169";"26,3";"0,341";"19,1"
"2024-07-21 18:00";"0,166";"25,8";"0,367";"19,000"
"2024-07-21 19:00";"0,159";"25,2";"0,372";"18,8"
"2024-07-21 20:00";"0,155";"24,3";"0,313";"18,2"
"2024-07-21 21:00";"0,219";"22,3";"0,298";"17,3"
"2024-07-21 22:00";"0,205";"20,5";"0,225";"15,5"
"2024-07-21 23:00";"0,195";"19,1";"0,213";"14,1"
"2024-07-22 00:00";"0,182";"18,4";"0,213";"13,1"
"2024-07-22 01:00";"0,16";"17,8";"0,217";"12,3"
"2024-07-22 02:00";"1,128";"18,000";"1,22";"13,2"
"2024-07-22 03:00";"0,296";"18,2";"1,193";"13,000"
"2024-07-22 04:00";"0,169";"18,000";"1,202";"11,6"
"2024-07-22 05:00";"0,169";"18,1";"1,022";"11,1"
"2024-07-22 06:00";"0,166";"18,3";"0,201";"10,6"
"2024-07-22 07:00";"0,161";"18,6";"0,199";"10,7"
"2024-07-22 08:00";"0,203";"19,2";"0,187";"12,1"
"2024-07-22 09:00";"0,278";"19,9";"0,222";"14,000"
"2024-07-22 10:00";"0,322";"20,4";"0,228";"15,2"
"2024-07-22 11:00";"0,321";"20,7";"1,27";"14,8"
"2024-07-22 12:00";"0,31";"20,6";"0,265";"17,2"
"2024-07-22 13:00";"0,447";"19,7";"1,155";"17,6"
"2024-07-22 14:00";"0,253";"19,3";"0,463";"17,7"
"2024-07-22 15:00";"0,247";"19,000";"0,233";"16,6"
"2024-07-22 16:00";"0,192";"19,3";"0,265";"18,1"
"2024-07-22 17:00";"0,193";"19,000";"0,236";"18,7"
"2024-07-22 18:00";"0,21";"17,6";"0,226";"16,4"
"2024-07-22 19:00";"0,353";"17,1";"0,649";"15,3"
"2024-07-22 20:00";"0,24";"17,1";"0,896";"13,6"
"2024-07-22 21:00";"0,223";"17,1";"0,34";"12,2"
"2024-07-22 22:00";"1,014";"16,8";"0,341";"12,2"
"2024-07-22 23:00";"0,391";"16,7";"0,342";"13,5"
"2024-07-23 00:00";"0,202";"16,3";"0,274";"13,000"
"2024-07-23 01:00";"0,195";"15,3";"0,189";"12,8"
"2024-07-23 02:00";"1,165";"13,8";"1,176";"12,7"
"2024-07-23 03:00";"1,182";"13,6";"1,19";"12,4"
"2024-07-23 04:00";"0,846";"13,4";"1,164";"12,1"
"2024-07-23 05:00";"0,217";"12,7";"1,159";"11,5"
"2024-07-23 06:00";"0,241";"12,3";"0,641";"11,000"
"2024-07-23 07:00";"0,196";"13,8";"0,194";"10,5"
"2024-07-23 08:00";"0,219";"16,1";"0,212";"11,3"
"2024-07-23 09:00";"0,318";"17,5";"0,18";"13,7"
"2024-07-23 10:00";"0,242";"18,5";"0,204";"14,5"
"2024-07-23 11:00";"0,247";"18,5";"0,185";"12,7"
"2024-07-23 12:00";"0,833";"20,000";"1,091";"15,1"
"2024-07-23 13:00";"0,338";"22,4";"0,253";"16,3"
"2024-07-23 14:00";"0,234";"22,3";"0,3";"15,2"
"2024-07-23 15:00";"0,231";"23,1";"0,433";"14,3"
"2024-07-23 16:00";"0,344";"22,7";"0,214";"13,4"
"2024-07-23 17:00";"0,308";"22,4";"0,223";"13,1"
"2024-07-23 18:00";"0,421";"21,5";"0,291";"12,7"
"2024-07-23 19:00";"0,249";"20,9";"0,293";"11,7"
"2024-07-23 20:00";"0,25";"19,9";"0,29";"11,000"
"2024-07-23 21:00";"0,302";"19,2";"0,293";"10,9"
"2024-07-23 22:00";"0,324";"18,4";"0,244";"11,5"
"2024-07-23 23:00";"0,284";"17,3";"0,183";"11,5"
"2024-07-24 00:00";"0,216";"16,1";"0,179";"11,6"
"2024-07-24 01:00";"0,225";"15,8";"0,178";"11,9"
"2024-07-24 02:00";"1,208";"15,9";"0,924";"12,6"
"2024-07-24 03:00";"1,236";"15,6";"0,179";"13,6"
"2024-07-24 04:00";"1,005";"15,5";"0,18";"13,9"
"2024-07-24 05:00";"0,207";"15,2";"0,178";"13,3"
"2024-07-24 06:00";"0,218";"14,2";"0,178";"13,4"
"2024-07-24 07:00";"0,22";"15,2";"0,176";"13,2"
"2024-07-24 08:00";"0,216";"17,1";"0,178";"14,3"
"2024-07-24 09:00";"0,236";"18,000";"0,197";"16,3"
"2024-07-24 10:00";"0,405";"19,1";"0,285";"17,7"
"2024-07-24 11:00";"0,275";"19,9";"0,285";"18,7"
"2024-07-24 12:00";"0,519";"21,000";"0,246";"18,5"
"2024-07-24 13:00";"0,283";"21,2";"0,267";"18,9"
"2024-07-24 14:00";"0,765";"21,5";"0,281";"20,6"
"2024-07-24 15:00";"0,798";"21,8";"0,257";"20,8"
"2024-07-24 16:00";"0,281";"21,000";"0,297";"21,7"
"2024-07-24 17:00";"0,272";"21,000";"0,297";"22,000"
"2024-07-24 18:00";"0,248";"20,4";"0,235";"22,1"
"2024-07-24 19:00";"1,185";"19,8";"0,236";"21,8"
"2024-07-24 20:00";"0,313";"19,4";"0,3";"21,4"
"2024-07-24 21:00";"0,284";"18,9";"0,303";"20,000"
"2024-07-24 22:00";"0,228";"18,3";"0,3";"18,5"
"2024-07-24 23:00";"0,23";"18,000";"0,285";"17,9"
"2024-07-25 00:00";"0,236";"17,3";"0,23";"17,5"
"2024-07-25 01:00";"0,242";"16,1";"0,228";"15,5"
"2024-07-25 02:00";"1,215";"15,7";"1,208";"14,5"
"2024-07-25 03:00";"1,221";"15,4";"1,211";"13,4"
"2024-07-25 04:00";"1,227";"16,000";"0,492";"11,8"
"2024-07-25 05:00";"0,835";"16,2";"0,177";"10,8"
"2024-07-25 06:00";"0,255";"16,1";"0,176";"11,6"
"2024-07-25 07:00";"0,23";"16,2";"0,177";"12,9"
"2024-07-25 08:00";"0,251";"16,4";"0,177";"13,7"
"2024-07-25 09:00";"0,302";"16,5";"0,201";"15,000"
"2024-07-25 10:00";"0,341";"17,1";"0,195";"16,5"
"2024-07-25 11:00";"0,299";"17,9";"0,207";"17,5"
"2024-07-25 12:00";"0,876";"18,4";"0,197";"18,6"
"2024-07-25 13:00";"0,525";"18,6";"0,182";"19,3"
"2024-07-25 14:00";"0,764";"18,9";"0,18";"19,6"
"2024-07-25 15:00";"0,718";"19,2";"0,186";"20,1"
"2024-07-25 16:00";"0,282";"19,7";"0,183";"20,3"
"2024-07-25 17:00";"0,232";"20,000";"0,18";"20,7"
"2024-07-25 18:00";"0,234";"19,7";"0,18";"19,8"
"2024-07-25 19:00";"0,638";"19,8";"0,451";"20,1"
"2024-07-25 20:00";"0,267";"19,6";"0,204";"18,9"
"2024-07-25 21:00";"0,256";"18,8";"0,263";"17,3"
"2024-07-25 22:00";"0,236";"15,9";"0,229";"15,9"
"2024-07-25 23:00";"0,234";"14,4";"0,191";"15,9"
"2024-07-26 00:00";"0,237";"14,7";"0,183";"15,6"
"2024-07-26 01:00";"0,221";"14,6";"0,176";"14,5"
"2024-07-26 02:00";"1,199";"14,3";"1,169";"13,3"
"2024-07-26 03:00";"1,236";"14,4";"0,836";"12,8"
"2024-07-26 04:00";"0,309";"14,9";"0,205";"12,6"
"2024-07-26 05:00";"0,225";"15,000";"0,205";"11,9"
"2024-07-26 06:00";"0,226";"14,7";"0,203";"11,8"
"2024-07-26 07:00";"0,262";"15,3";"0,219";"12,8"
"2024-07-26 08:00";"0,25";"16,2";"0,442";"14,1"
"2024-07-26 09:00";"0,3";"17,8";"0,191";"15,1"
"2024-07-26 10:00";"0,33";"19,3";"0,271";"16,1"
"2024-07-26 11:00";"0,312";"20,6";"0,255";"16,8"
"2024-07-26 12:00";"0,306";"20,8";"0,303";"15,6"
"2024-07-26 13:00";"1,028";"20,9";"0,266";"17,2"
"2024-07-26 14:00";"1,694";"20,9";"0,341";"18,7"
"2024-07-26 15:00";"0,513";"20,9";"0,366";"18,4"
"2024-07-26 16:00";"0,493";"20,2";"0,372";"18,8"
"2024-07-26 17:00";"0,544";"17,7";"0,364";"17,3"
"2024-07-26 18:00";"0,595";"17,6";"0,703";"13,3"
"2024-07-26 19:00";"0,24";"17,3";"0,402";"16,2"
"2024-07-26 20:00";"0,241";"17,2";"0,402";"15,000"
"2024-07-26 21:00";"0,249";"16,6";"0,425";"14,7"
"2024-07-26 22:00";"0,244";"16,6";"0,312";"14,1"
"2024-07-26 23:00";"0,235";"16,7";"0,245";"14,2"
"2024-07-27 00:00";"0,217";"17,3";"0,243";"14,5"
"2024-07-27 01:00";"0,225";"17,7";"0,239";"14,5"
"2024-07-27 02:00";"1,188";"18,1";"1,252";"14,3"
"2024-07-27 03:00";"1,208";"17,8";"1,253";"14,6"
"2024-07-27 04:00";"0,571";"17,4";"1,257";"14,8"
"2024-07-27 05:00";"0,222";"16,4";"1,25";"14,7"
"2024-07-27 06:00";"0,221";"15,1";"1,229";"13,4"
"2024-07-27 07:00";"0,221";"15,1";"0,241";"11,5"
"2024-07-27 08:00";"0,228";"16,8";"0,308";"11,5"
"2024-07-27 09:00";"0,237";"17,2";"0,264";"13,1"
"2024-07-27 10:00";"0,218";"17,7";"0,258";"14,5"
"2024-07-27 11:00";"0,221";"18,3";"0,549";"16,1"
"2024-07-27 12:00";"1,229";"19,000";"0,498";"17,4"
"2024-07-27 13:00";"0,699";"19,3";"0,359";"18,3"
"2024-07-27 14:00";"0,22";"19,7";"0,299";"14,9"
"2024-07-27 15:00";"0,241";"20,5";"0,273";"18,1"
"2024-07-27 16:00";"0,224";"20,8";"0,27";"19,8"
"2024-07-27 17:00";"0,786";"21,4";"0,325";"18,4"
"2024-07-27 18:00";"0,826";"21,6";"0,331";"19,9"
"2024-07-27 19:00";"0,221";"21,2";"0,696";"20,000"
"2024-07-27 20:00";"0,211";"20,6";"0,444";"19,2"
"2024-07-27 21:00";"0,171";"19,5";"0,854";"17,3"
"2024-07-27 22:00";"0,163";"18,1";"0,411";"14,9"
"2024-07-27 23:00";"0,26";"16,7";"0,355";"13,4"
"2024-07-28 00:00";"0,182";"15,6";"0,282";"12,9"
"2024-07-28 01:00";"0,179";"15,6";"0,26";"12,1"
"2024-07-28 02:00";"0,836";"14,7";"1,25";"11,000"
"2024-07-28 03:00";"0,167";"14,5";"1,254";"10,000"
"2024-07-28 04:00";"0,179";"14,1";"1,255";"9,3"
"2024-07-28 05:00";"0,177";"13,6";"1,255";"8,4"
"2024-07-28 06:00";"0,176";"14,6";"0,953";"8,1"
"2024-07-28 07:00";"0,164";"14,5";"0,276";"9,1"
"2024-07-28 08:00";"0,176";"15,000";"0,33";"11,6"
"2024-07-28 09:00";"0,194";"16,3";"0,272";"16,9"
"2024-07-28 10:00";"0,197";"17,7";"0,307";"19,2"
"2024-07-28 11:00";"0,283";"18,9";"0,284";"20,3"
"2024-07-28 12:00";"0,907";"19,5";"0,257";"21,000"
"2024-07-28 13:00";"0,258";"20,000";"0,257";"21,6"
"2024-07-28 14:00";"1,091";"20,5";"0,259";"22,2"
"2024-07-28 15:00";"1,27";"21,4";"0,265";"22,6"
"2024-07-28 16:00";"0,341";"21,5";"0,272";"22,4"
"2024-07-28 17:00";"0,261";"21,4";"0,275";"22,4"
"2024-07-28 18:00";"0,243";"21,2";"0,279";"22,2"
"2024-07-28 19:00";"0,244";"20,5";"0,307";"21,8"
"2024-07-28 20:00";"0,242";"19,7";"0,323";"20,9"
"2024-07-28 21:00";"0,253";"18,7";"0,301";"19,3"
"2024-07-28 22:00";"0,32";"17,6";"0,473";"16,6"
"2024-07-28 23:00";"0,231";"17,1";"0,474";"15,000"
"2024-07-29 00:00";"0,246";"16,7";"0,3";"14,000"
"2024-07-29 01:00";"0,234";"16,2";"0,276";"13,000"
"2024-07-29 02:00";"1,216";"15,6";"1,279";"11,9"
"2024-07-29 03:00";"0,931";"15,1";"1,287";"11,4"
"2024-07-29 04:00";"0,221";"14,7";"0,524";"11,8"
"2024-07-29 05:00";"0,219";"14,3";"0,289";"13,000"
"2024-07-29 06:00";"0,223";"14,4";"0,278";"14,1"
"2024-07-29 07:00";"0,218";"15,2";"0,303";"14,4"
"2024-07-29 08:00";"0,374";"16,1";"0,276";"14,6"
"2024-07-29 09:00";"0,33";"16,8";"0,275";"16,7"
"2024-07-29 10:00";"0,307";"17,8";"0,332";"20,3"
"2024-07-29 11:00";"0,329";"19,000";"0,311";"21,000"
"2024-07-29 12:00";"0,317";"19,6";"0,696";"20,8"
"2024-07-29 13:00";"0,269";"20,2";"0,29";"21,2"
"2024-07-29 14:00";"0,339";"20,4";"0,308";"20,6"
"2024-07-29 15:00";"0,315";"20,9";"0,343";"20,6"
"2024-07-29 16:00";"0,284";"21,1";"0,304";"19,000"
"2024-07-29 17:00";"0,285";"21,4";"0,281";"20,9"
"2024-07-29 18:00";"0,776";"21,4";"0,286";"20,9"
"2024-07-29 19:00";"0,422";"20,8";"0,282";"20,6"
"2024-07-29 20:00";"0,22";"20,1";"0,318";"20,4"
"2024-07-29 21:00";"0,183";"18,3";"0,486";"19,7"
"2024-07-29 22:00";"0,174";"16,3";"0,508";"17,7"
"2024-07-29 23:00";"0,171";"14,8";"0,301";"15,9"
"2024-07-30 00:00";"0,155";"13,8";"0,207";"14,7"
"2024-07-30 01:00";"0,166";"12,7";"0,198";"14,2"
"2024-07-30 02:00";"1,135";"12,7";"1,191";"14,3"
"2024-07-30 03:00";"1,156";"12,1";"1,198";"14,4"
"2024-07-30 04:00";"0,234";"11,6";"1,199";"13,7"
"2024-07-30 05:00";"0,173";"11,2";"0,486";"13,3"
"2024-07-30 06:00";"0,175";"11,4";"0,198";"12,5"
"2024-07-30 07:00";"0,168";"13,7";"0,196";"12,6"
"2024-07-30 08:00";"0,193";"16,1";"0,196";"13,8"
"2024-07-30 09:00";"0,168";"18,000";"0,196";"15,1"
"2024-07-30 10:00";"0,166";"19,4";"0,277";"16,5"
"2024-07-30 11:00";"0,288";"19,7";"0,224";"18,2"
"2024-07-30 12:00";"0,289";"20,3";"0,692";"19,3"
"2024-07-30 13:00";"0,355";"20,6";"0,291";"20,4"
"2024-07-30 14:00";"0,35";"21,4";"0,293";"20,9"
"2024-07-30 15:00";"0,402";"22,000";"0,287";"17,5"
"2024-07-30 16:00";"0,458";"22,5";"0,292";"16,4"
"2024-07-30 17:00";"0,3";"22,5";"0,43";"20,3"
"2024-07-30 18:00";"0,406";"22,1";"0,717";"21,5"
"2024-07-30 19:00";"0,311";"21,6";"0,366";"20,2"
"2024-07-30 20:00";"0,323";"21,000";"0,377";"17,1"
"2024-07-30 21:00";"0,343";"19,5";"0,373";"14,8"
"2024-07-30 22:00";"0,344";"16,2";"0,368";"14,3"
"2024-07-30 23:00";"0,343";"14,7";"0,384";"14,1"
"2024-07-31 00:00";"0,269";"14,000";"0,417";"15,000"
"2024-07-31 01:00";"0,156";"13,6";"0,313";"15,000"
"2024-07-31 02:00";"1,158";"12,7";"1,239";"15,000"
"2024-07-31 03:00";"1,179";"12,2";"1,245";"14,4"
"2024-07-31 04:00";"1,175";"11,8";"1,255";"13,6"
"2024-07-31 05:00";"1,169";"11,7";"0,9";"13,7"
"2024-07-31 06:00";"0,897";"12,3";"0,24";"13,5"
"2024-07-31 07:00";"0,192";"13,5";"0,236";"14,4"
"2024-07-31 08:00";"0,191";"17,1";"0,236";"15,5"
"2024-07-31 09:00";"0,355";"19,000";"0,23";"16,3"
"2024-07-31 10:00";"0,329";"19,6";"0,396";"17,2"
"2024-07-31 11:00";"0,283";"20,1";"0,316";"16,9"
"2024-07-31 12:00";"0,212";"20,6";"0,337";"18,1"
"2024-07-31 13:00";"0,193";"20,3";"0,339";"19,1"
"2024-07-31 14:00";"0,302";"20,4";"0,316";"19,000"
"2024-07-31 15:00";"0,229";"20,8";"0,264";"17,6"
"2024-07-31 16:00";"0,22";"20,7";"0,36";"15,6"
"2024-07-31 17:00";"0,247";"20,5";"0,637";"15,000"
"2024-07-31 18:00";"0,253";"20,3";"0,568";"16,5"
"2024-07-31 19:00";"0,302";"19,8";"0,487";"16,7"
"2024-07-31 20:00";"0,231";"19,000";"0,485";"16,8"
"2024-07-31 21:00";"0,727";"17,7";"0,487";"16,5"
"2024-07-31 22:00";"0,892";"15,6";"0,471";"14,7"
"2024-07-31 23:00";"0,338";"14,3";"0,498";"13,000"
"2024-08-01 00:00";"0,212";"13,9";"0,483";"11,6"
"2024-08-01 01:00";"0,213";"13,8";"0,497";"10,7"
"2024-08-01 02:00";"1,196";"12,7";"1,48";"10,5"
"2024-08-01 03:00";"0,672";"12,1";"1,256";"10,6"
"2024-08-01 04:00";"0,216";"11,8";"1,232";"10,5"
"2024-08-01 05:00";"0,232";"12,6";"1,232";"10,3"
"2024-08-01 06:00";"0,233";"10,4";"0,591";"10,1"
"2024-08-01 07:00";"0,228";"11,4";"0,243";"10,2"
"2024-08-01 08:00";"0,278";"14,7";"0,242";"10,4"
"2024-08-01 09:00";"0,302";"16,8";"0,248";"10,7"
"2024-08-01 10:00";"0,368";"17,5";"0,323";"12,6"
"2024-08-01 11:00";"0,296";"18,2";"0,337";"14,4"
"2024-08-01 12:00";"0,676";"18,8";"0,345";"16,4"
"2024-08-01 13:00";"0,324";"19,8";"0,314";"16,6"
"2024-08-01 14:00";"0,235";"20,3";"0,301";"14,6"
"2024-08-01 15:00";"0,249";"20,9";"0,262";"15,9"
"2024-08-01 16:00";"0,227";"21,4";"0,343";"16,6"
"2024-08-01 17:00";"0,226";"21,1";"0,776";"17,6"
"2024-08-01 18:00";"1,089";"21,3";"0,893";"18,8"
"2024-08-01 19:00";"0,321";"21,1";"0,27";"17,5"
"2024-08-01 20:00";"0,314";"20,1";"0,303";"16,000"
"2024-08-01 21:00";"0,371";"18,5";"0,269";"16,000"
"2024-08-01 22:00";"0,376";"16,5";"0,27";"14,6"
"2024-08-01 23:00";"0,216";"15,5";"0,234";"14,000"
"2024-08-02 00:00";"0,216";"14,1";"0,225";"13,2"
"2024-08-02 01:00";"0,216";"13,1";"0,221";"12,7"
"2024-08-02 02:00";"1,165";"12,5";"1,202";"13,5"
"2024-08-02 03:00";"1,212";"11,3";"0,43";"14,5"
"2024-08-02 04:00";"0,5";"10,3";"0,224";"13,9"
"2024-08-02 05:00";"0,224";"10,1";"0,222";"12,2"
"2024-08-02 06:00";"0,232";"9,8";"0,239";"11,000"
"2024-08-02 07:00";"0,242";"11,1";"0,234";"10,8"
"2024-08-02 08:00";"0,324";"14,1";"0,25";"12,8"
"2024-08-02 09:00";"0,304";"18,000";"0,297";"15,000"
"2024-08-02 10:00";"0,332";"19,7";"0,3";"16,9"
"2024-08-02 11:00";"0,32";"21,000";"0,321";"18,5"
"2024-08-02 12:00";"0,571";"22,2";"0,293";"19,000"
"2024-08-02 13:00";"0,342";"22,3";"0,288";"19,7"
"2024-08-02 14:00";"0,333";"22,3";"0,201";"20,7"
"2024-08-02 15:00";"0,316";"22,9";"0,204";"20,8"
"2024-08-02 16:00";"0,326";"23,000";"0,263";"20,7"
"2024-08-02 17:00";"0,273";"23,1";"0,229";"20,2"
"2024-08-02 18:00";"0,281";"22,6";"0,228";"19,6"
"2024-08-02 19:00";"1,325";"22,3";"0,231";"18,9"
"2024-08-02 20:00";"0,386";"21,5";"0,231";"18,000"
"2024-08-02 21:00";"0,354";"19,4";"0,256";"17,4"
"2024-08-02 22:00";"0,371";"16,8";"0,296";"16,7"
"2024-08-02 23:00";"0,221";"15,2";"0,242";"15,4"
"2024-08-03 00:00";"0,209";"14,4";"0,239";"14,5"
"2024-08-03 01:00";"0,218";"14,2";"0,232";"12,4"
"2024-08-03 02:00";"1,205";"12,9";"1,204";"11,5"
"2024-08-03 03:00";"0,55";"11,8";"1,15";"11,5"
"2024-08-03 04:00";"0,207";"11,6";"0,357";"11,7"
"2024-08-03 05:00";"0,21";"11,2";"0,714";"11,8"
"2024-08-03 06:00";"0,221";"10,8";"0,249";"11,6"
"2024-08-03 07:00";"0,215";"11,6";"0,275";"12,000"
"2024-08-03 08:00";"0,238";"13,9";"0,248";"12,6"
"2024-08-03 09:00";"0,234";"17,3";"0,232";"13,7"
"2024-08-03 10:00";"0,605";"19,000";"0,413";"16,000"
"2024-08-03 11:00";"0,369";"19,7";"0,316";"17,3"
"2024-08-03 12:00";"0,879";"20,5";"0,377";"18,8"
"2024-08-03 13:00";"0,366";"21,2";"0,84";"19,2"
"2024-08-03 14:00";"0,338";"21,2";"0,379";"20,5"
"2024-08-03 15:00";"0,58";"21,9";"0,659";"21,2"
"2024-08-03 16:00";"0,356";"22,1";"0,526";"21,2"
"2024-08-03 17:00";"0,351";"22,2";"0,522";"19,8"
"2024-08-03 18:00";"0,348";"22,000";"1,592";"18,9"
"2024-08-03 19:00";"0,233";"21,3";"1,044";"18,4"
"2024-08-03 20:00";"0,225";"19,8";"0,297";"18,4"
"2024-08-03 21:00";"0,231";"19,000";"0,369";"17,2"
"2024-08-03 22:00";"0,226";"17,6";"0,469";"15,8"
"2024-08-03 23:00";"0,222";"17,3";"0,263";"13,5"
"2024-08-04 00:00";"0,219";"16,4";"0,237";"12,9"
"2024-08-04 01:00";"0,207";"16,6";"0,223";"12,6"
"2024-08-04 02:00";"1,024";"16,9";"1,208";"11,8"
"2024-08-04 03:00";"0,221";"17,3";"1,211";"10,8"
"2024-08-04 04:00";"0,219";"17,4";"1,222";"10,2"
"2024-08-04 05:00";"0,219";"17,3";"1,21";"10,000"
"2024-08-04 06:00";"0,202";"17,4";"0,339";"10,4"
"2024-08-04 07:00";"0,246";"17,4";"0,205";"12,9"
"2024-08-04 08:00";"0,235";"18,000";"0,227";"15,1"
"2024-08-04 09:00";"0,235";"18,8";"0,271";"16,2"
"2024-08-04 10:00";"0,223";"19,5";"0,227";"17,5"
"2024-08-04 11:00";"0,217";"19,8";"0,359";"18,7"
"2024-08-04 12:00";"1,216";"20,000";"0,274";"19,3"
"2024-08-04 13:00";"0,562";"20,6";"0,265";"19,7"
"2024-08-04 14:00";"0,278";"19,4";"0,258";"19,9"
"2024-08-04 15:00";"0,333";"19,3";"0,258";"20,4"
"2024-08-04 16:00";"0,315";"18,9";"0,254";"21,3"
"2024-08-04 17:00";"0,256";"18,8";"0,303";"21,000"
"2024-08-04 18:00";"0,279";"19,3";"0,24";"20,6"
"2024-08-04 19:00";"0,303";"19,8";"0,264";"20,4"
"2024-08-04 20:00";"0,279";"18,9";"0,354";"19,5"
"2024-08-04 21:00";"0,267";"17,8";"0,367";"17,5"
"2024-08-04 22:00";"0,216";"17,2";"0,52";"16,2"
"2024-08-04 23:00";"0,219";"16,9";"0,386";"16,1"
"2024-08-05 00:00";"0,213";"16,000";"0,334";"15,5"
"2024-08-05 01:00";"0,203";"16,000";"0,326";"15,000"
"2024-08-05 02:00";"0,904";"15,8";"1,294";"14,8"
"2024-08-05 03:00";"0,217";"14,6";"1,311";"15,000"
"2024-08-05 04:00";"0,213";"13,4";"1,29";"14,8"
"2024-08-05 05:00";"0,202";"12,6";"1,294";"15,2"
"2024-08-05 06:00";"0,177";"12,3";"0,497";"15,1"
"2024-08-05 07:00";"0,249";"13,4";"0,342";"15,2"
"2024-08-05 08:00";"0,282";"16,1";"0,315";"15,5"
"2024-08-05 09:00";"0,282";"17,000";"0,327";"15,7"
"2024-08-05 10:00";"0,268";"17,9";"0,323";"16,2"
"2024-08-05 11:00";"0,276";"18,8";"0,361";"17,2"
"2024-08-05 12:00";"0,278";"19,4";"0,339";"17,8"
"2024-08-05 13:00";"0,278";"19,9";"1,273";"18,3"
"2024-08-05 14:00";"0,561";"20,5";"0,391";"18,7"
"2024-08-05 15:00";"1,031";"20,6";"0,38";"19,1"
"2024-08-05 16:00";"0,42";"21,000";"0,325";"19,7"
"2024-08-05 17:00";"0,357";"21,1";"0,329";"20,4"
"2024-08-05 18:00";"0,409";"20,8";"0,337";"20,1"
"2024-08-05 19:00";"0,47";"19,8";"0,332";"19,6"
"2024-08-05 20:00";"0,547";"18,8";"0,306";"19,3"
"2024-08-05 21:00";"0,403";"17,5";"0,309";"18,2"
"2024-08-05 22:00";"0,312";"15,8";"0,306";"15,8"
"2024-08-05 23:00";"0,23";"15,4";"0,308";"14,4"
"2024-08-06 00:00";"0,222";"14,9";"0,287";"13,4"
"2024-08-06 01:00";"0,217";"14,1";"0,628";"12,4"
"2024-08-06 02:00";"1,203";"13,6";"1,74";"11,9"
"2024-08-06 03:00";"1,256";"12,4";"1,176";"12,1"
"2024-08-06 04:00";"0,321";"12,1";"1,172";"11,3"
"2024-08-06 05:00";"0,217";"11,8";"1,185";"10,000"
"2024-08-06 06:00";"0,19";"11,8";"0,986";"9,9"
"2024-08-06 07:00";"0,209";"11,9";"0,19";"12,1"
"2024-08-06 08:00";"0,351";"14,8";"0,195";"12,9"
"2024-08-06 09:00";"0,418";"18,5";"0,211";"13,7"
"2024-08-06 10:00";"0,239";"19,5";"0,218";"15,2"
"2024-08-06 11:00";"0,211";"20,9";"0,258";"15,4"
"2024-08-06 12:00";"0,257";"21,4";"0,248";"14,8"
"2024-08-06 13:00";"0,286";"22,2";"0,453";"14,4"
"2024-08-06 14:00";"0,28";"23,2";"0,665";"14,5"
"2024-08-06 15:00";"0,246";"23,1";"0,205";"14,5"
"2024-08-06 16:00";"0,242";"22,5";"0,185";"14,000"
"2024-08-06 17:00";"0,244";"22,9";"0,187";"13,6"
"2024-08-06 18:00";"0,905";"22,6";"0,235";"13,000"
"2024-08-06 19:00";"0,331";"22,1";"0,232";"12,000"
"2024-08-06 20:00";"0,369";"21,6";"0,791";"11,1"
"2024-08-06 21:00";"0,392";"20,2";"0,269";"10,9"
"2024-08-06 22:00";"0,228";"18,000";"0,255";"10,4"
"2024-08-06 23:00";"0,216";"16,5";"0,271";"9,9"
"2024-08-07 00:00";"0,202";"16,3";"0,216";"9,8"
"2024-08-07 01:00";"0,212";"16,2";"0,195";"9,8"
"2024-08-07 02:00";"1,19";"16,8";"1,034";"10,4"
"2024-08-07 03:00";"0,473";"17,000";"0,192";"10,4"
"2024-08-07 04:00";"0,206";"17,2";"0,199";"10,4"
"2024-08-07 05:00";"0,208";"17,7";"0,193";"10,000"
"2024-08-07 06:00";"0,273";"17,8";"0,181";"10,9"
"2024-08-07 07:00";"0,233";"17,6";"0,309";"11,6"
"2024-08-07 08:00";"0,217";"19,000";"0,305";"11,5"
"2024-08-07 09:00";"0,318";"21,2";"0,295";"10,9"
"2024-08-07 10:00";"0,273";"22,9";"0,352";"10,9"
"2024-08-07 11:00";"0,55";"24,3";"0,303";"10,7"
"2024-08-07 12:00";"0,776";"25,000";"0,252";"10,8"
"2024-08-07 13:00";"0,269";"25,4";"0,382";"10,8"
"2024-08-07 14:00";"0,29";"25,7";"0,89";"11,9"
"2024-08-07 15:00";"0,757";"26,1";"0,644";"12,8"
"2024-08-07 16:00";"0,238";"24,7";"0,71";"12,8"
"2024-08-07 17:00";"0,69";"24,2";"0,713";"13,2"
"2024-08-07 18:00";"0,226";"23,6";"0,715";"12,9"
"2024-08-07 19:00";"0,224";"23,000";"0,726";"14,1"
"2024-08-07 20:00";"0,254";"22,4";"0,695";"14,3"
"2024-08-07 21:00";"0,336";"21,3";"0,728";"13,8"
"2024-08-07 22:00";"0,382";"20,2";"0,712";"13,9"
"2024-08-07 23:00";"0,383";"19,6";"0,718";"13,7"
"2024-08-08 00:00";"0,307";"19,1";"0,709";"13,9"
"2024-08-08 01:00";"0,217";"18,5";"0,693";"14,2"
"2024-08-08 02:00";"1,162";"18,7";"1,556";"14,000"
"2024-08-08 03:00";"0,629";"18,5";"1,549";"13,8"
"2024-08-08 04:00";"0,221";"18,000";"1,517";"13,7"
"2024-08-08 05:00";"0,229";"17,7";"1,511";"13,5"
"2024-08-08 06:00";"0,214";"17,8";"1,519";"13,7"
"2024-08-08 07:00";"0,205";"17,3";"0,541";"13,7"
"2024-08-08 08:00";"0,22";"17,6";"0,54";"13,9"
"2024-08-08 09:00";"0,23";"17,6";"0,556";"13,8"
"2024-08-08 10:00";"0,25";"19,000";"0,549";"14,4"
"2024-08-08 11:00";"0,235";"19,7";"0,694";"15,1"
"2024-08-08 12:00";"0,216";"20,4";"1,153";"15,6"
"2024-08-08 13:00";"0,206";"20,8";"0,709";"17,000"
"2024-08-08 14:00";"0,245";"21,3";"0,543";"18,1"
"2024-08-08 15:00";"0,265";"21,000";"0,533";"18,4"
"2024-08-08 16:00";"0,432";"21,1";"0,638";"18,4"
"2024-08-08 17:00";"0,322";"21,4";"0,64";"17,9"
"2024-08-08 18:00";"0,296";"21,2";"0,678";"17,7"
"2024-08-08 19:00";"0,266";"18,4";"0,722";"15,8"
"2024-08-08 20:00";"0,352";"19,1";"0,757";"14,000"
"2024-08-08 21:00";"0,392";"18,5";"1,178";"13,9"
"2024-08-08 22:00";"0,385";"16,6";"1,149";"13,6"
"2024-08-08 23:00";"0,229";"15,6";"0,751";"13,6"
"2024-08-09 00:00";"0,215";"15,4";"0,582";"12,1"
"2024-08-09 01:00";"0,222";"14,8";"0,588";"13,1"
"2024-08-09 02:00";"1,182";"14,4";"1,64";"13,4"
"2024-08-09 03:00";"0,54";"14,6";"1,631";"13,2"
"2024-08-09 04:00";"0,214";"14,5";"1,653";"12,5"
"2024-08-09 05:00";"0,208";"14,8";"1,644";"12,5"
"2024-08-09 06:00";"0,218";"15,000";"1,024";"12,8"
"2024-08-09 07:00";"0,22";"15,3";"0,681";"13,2"
"2024-08-09 08:00";"0,25";"16,7";"0,681";"12,6"
"2024-08-09 09:00";"0,295";"18,4";"0,718";"12,3"
"2024-08-09 10:00";"0,265";"19,3";"0,675";"11,7"
"2024-08-09 11:00";"0,454";"20,3";"0,666";"12,1"
"2024-08-09 12:00";"0,637";"19,8";"0,64";"12,3"
"2024-08-09 13:00";"0,404";"18,7";"0,657";"12,3"
"2024-08-09 14:00";"0,329";"17,2";"0,636";"12,3"
"2024-08-09 15:00";"0,327";"17,7";"0,662";"12,8"
"2024-08-09 16:00";"0,323";"18,5";"0,635";"13,2"
"2024-08-09 17:00";"0,36";"19,2";"0,679";"13,6"
"2024-08-09 18:00";"0,343";"20,000";"0,637";"14,000"
"2024-08-09 19:00";"0,339";"20,000";"0,762";"14,000"
"2024-08-09 20:00";"0,322";"20,3";"1,065";"13,7"
"2024-08-09 21:00";"0,338";"19,5";"1,457";"13,9"
"2024-08-09 22:00";"0,344";"18,1";"0,791";"13,7"
"2024-08-09 23:00";"0,352";"17,6";"0,655";"13,6"
"2024-08-10 00:00";"0,332";"17,000";"0,662";"13,000"
"2024-08-10 01:00";"0,348";"16,6";"0,631";"13,000"
"2024-08-10 02:00";"1,315";"16,3";"1,589";"13,000"
"2024-08-10 03:00";"0,7";"16,1";"1,542";"11,5"
"2024-08-10 04:00";"0,21";"16,000";"1,554";"11,3"
"2024-08-10 05:00";"0,201";"16,000";"1,152";"11,9"
"2024-08-10 06:00";"0,215";"15,9";"0,577";"12,000"
"2024-08-10 07:00";"0,216";"16,2";"0,573";"12,2"
"2024-08-10 08:00";"0,21";"16,8";"0,536";"12,6"
"2024-08-10 09:00";"0,195";"17,5";"0,631";"13,000"
"2024-08-10 10:00";"0,235";"18,1";"0,623";"12,9"
"2024-08-10 11:00";"0,225";"19,1";"0,777";"13,8"
"2024-08-10 12:00";"1,239";"20,000";"0,665";"14,3"
"2024-08-10 13:00";"0,26";"20,4";"0,662";"14,2"
"2024-08-10 14:00";"0,28";"21,1";"0,66";"14,2"
"2024-08-10 15:00";"0,261";"21,2";"0,625";"15,2"
"2024-08-10 16:00";"0,267";"21,9";"0,571";"16,2"
"2024-08-10 17:00";"0,283";"21,8";"0,56";"16,1"
"2024-08-10 18:00";"0,478";"22,000";"0,536";"16,1"
"2024-08-10 19:00";"0,296";"21,6";"0,533";"16,7"
"2024-08-10 20:00";"0,283";"20,8";"0,625";"16,3"
"2024-08-10 21:00";"0,312";"19,5";"0,67";"14,3"
"2024-08-10 22:00";"0,397";"19,2";"0,589";"12,2"
"2024-08-10 23:00";"0,377";"18,7";"0,567";"10,9"
"2024-08-11 00:00";"0,375";"18,2";"0,56";"11,6"
"2024-08-11 01:00";"0,269";"17,5";"0,568";"13,2"
"2024-08-11 02:00";"0,964";"16,9";"1,545";"13,000"
"2024-08-11 03:00";"0,221";"16,4";"0,825";"12,8"
"2024-08-11 04:00";"0,219";"16,2";"0,519";"12,9"
"2024-08-11 05:00";"0,196";"16,000";"0,527";"12,6"
"2024-08-11 06:00";"0,216";"15,8";"0,533";"12,5"
"2024-08-11 07:00";"0,213";"16,1";"0,555";"12,6"
"2024-08-11 08:00";"0,214";"16,7";"0,6";"13,9"
"2024-08-11 09:00";"0,197";"17,5";"0,612";"14,8"
"2024-08-11 10:00";"0,239";"18,3";"0,626";"15,8"
"2024-08-11 11:00";"0,228";"18,9";"0,58";"16,5"
"2024-08-11 12:00";"1,181";"19,1";"0,658";"16,9"
"2024-08-11 13:00";"0,989";"19,5";"0,601";"17,8"
"2024-08-11 14:00";"0,241";"19,9";"0,581";"18,2"
"2024-08-11 15:00";"0,301";"20,4";"0,602";"18,1"
"2024-08-11 16:00";"0,303";"20,1";"0,699";"18,5"
"2024-08-11 17:00";"0,302";"20,1";"1,206";"18,3"
"2024-08-11 18:00";"0,3";"19,7";"0,68";"18,3"
"2024-08-11 19:00";"0,213";"19,5";"0,693";"18,1"
"2024-08-11 20:00";"0,258";"19,000";"0,674";"17,5"
"2024-08-11 21:00";"0,32";"17,6";"1,016";"16,7"
"2024-08-11 22:00";"0,32";"15,8";"0,564";"15,6"
"2024-08-11 23:00";"0,223";"15,2";"1,027";"14,6"
"2024-08-12 00:00";"0,205";"15,2";"0,518";"13,9"
"2024-08-12 01:00";"0,216";"14,4";"0,518";"13,4"
"2024-08-12 02:00";"0,874";"14,2";"1,467";"13,4"
"2024-08-12 03:00";"0,212";"13,2";"1,481";"13,6"
"2024-08-12 04:00";"0,211";"13,000";"1,481";"13,9"
"2024-08-12 05:00";"0,235";"12,5";"1,482";"14,7"
"2024-08-12 06:00";"0,239";"12,000";"1,48";"15,000"
"2024-08-12 07:00";"0,225";"12,9";"0,505";"15,8"
"2024-08-12 08:00";"0,218";"14,8";"0,499";"16,3"
"2024-08-12 09:00";"0,59";"15,9";"0,491";"16,9"
"2024-08-12 10:00";"0,959";"16,6";"0,501";"18,2"
"2024-08-12 11:00";"0,285";"17,4";"0,441";"22,000"
"2024-08-12 12:00";"0,196";"18,2";"1,21";"22,5"
"2024-08-12 13:00";"0,174";"19,5";"1,304";"24,4"
"2024-08-12 14:00";"0,174";"20,3";"0,281";"24,2"
"2024-08-12 15:00";"0,184";"20,5";"0,321";"24,8"
"2024-08-12 16:00";"0,274";"20,8";"0,299";"24,8"
"2024-08-12 17:00";"0,263";"20,9";"0,296";"23,8"
"2024-08-12 18:00";"0,28";"20,9";"0,29";"21,8"
"2024-08-12 19:00";"0,285";"20,6";"0,278";"20,6"
"2024-08-12 20:00";"0,375";"20,1";"0,327";"17,7"
"2024-08-12 21:00";"0,478";"18,000";"0,325";"15,8"
"2024-08-12 22:00";"0,375";"15,9";"0,325";"14,7"
"2024-08-12 23:00";"0,253";"15,000";"0,325";"13,6"
"2024-08-13 00:00";"0,221";"14,1";"0,325";"13,5"
"2024-08-13 01:00";"0,217";"12,2";"0,261";"12,6"
"2024-08-13 02:00";"1,156";"11,7";"1,211";"12,5"
"2024-08-13 03:00";"0,738";"11,1";"0,269";"12,3"
"2024-08-13 04:00";"0,22";"11,000";"0,225";"11,7"
"2024-08-13 05:00";"0,219";"10,8";"0,223";"11,7"
"2024-08-13 06:00";"0,216";"12,7";"0,222";"11,6"
"2024-08-13 07:00";"0,262";"12,7";"0,226";"11,4"
"2024-08-13 08:00";"0,234";"16,4";"0,227";"12,6"
"2024-08-13 09:00";"0,229";"18,8";"0,255";"14,3"
"2024-08-13 10:00";"0,302";"20,6";"0,232";"14,6"
"2024-08-13 11:00";"0,287";"22,1";"0,245";"16,9"
"2024-08-13 12:00";"0,289";"22,7";"0,829";"18,5"
"2024-08-13 13:00";"0,304";"23,2";"0,332";"20,2"
"2024-08-13 14:00";"0,309";"23,6";"0,318";"21,3"
"2024-08-13 15:00";"0,221";"23,6";"0,312";"21,9"
"2024-08-13 16:00";"0,215";"23,7";"0,321";"22,2"
"2024-08-13 17:00";"0,604";"23,000";"0,294";"22,3"
"2024-08-13 18:00";"0,508";"23,000";"0,301";"22,000"
"2024-08-13 19:00";"0,396";"22,5";"0,338";"21,9"
"2024-08-13 20:00";"0,291";"21,2";"0,337";"21,000"
"2024-08-13 21:00";"0,355";"19,5";"0,341";"19,2"
"2024-08-13 22:00";"0,282";"18,000";"0,339";"16,6"
"2024-08-13 23:00";"0,218";"17,3";"0,333";"15,1"
"2024-08-14 00:00";"0,214";"16,9";"0,238";"14,3"
"2024-08-14 01:00";"0,156";"17,000";"0,269";"13,5"
"2024-08-14 02:00";"1,144";"17,2";"1,234";"13,2"
"2024-08-14 03:00";"0,451";"17,3";"1,248";"13,1"
"2024-08-14 04:00";"0,173";"17,2";"1,24";"13,000"
"2024-08-14 05:00";"0,158";"16,9";"0,522";"13,000"
"2024-08-14 06:00";"0,166";"17,2";"0,248";"13,1"
"2024-08-14 07:00";"0,196";"17,3";"0,272";"14,2"
"2024-08-14 08:00";"0,233";"18,5";"0,319";"17,000"
"2024-08-14 09:00";"0,285";"20,2";"0,327";"18,8"
"2024-08-14 10:00";"0,265";"21,9";"0,326";"21,6"
"2024-08-14 11:00";"0,3";"23,3";"0,331";"23,2"
"2024-08-14 12:00";"0,292";"24,8";"0,431";"24,3"
"2024-08-14 13:00";"0,513";"26,000";"0,403";"24,6"
"2024-08-14 14:00";"0,219";"26,9";"0,324";"24,7"
"2024-08-14 15:00";"0,211";"27,6";"0,34";"25,000"
"2024-08-14 16:00";"0,223";"27,000";"1,526";"24,6"
"2024-08-14 17:00";"0,227";"26,2";"0,237";"24,3"
"2024-08-14 18:00";"0,341";"26,1";"0,234";"23,5"
"2024-08-14 19:00";"0,398";"25,5";"0,239";"22,9"
"2024-08-14 20:00";"0,495";"24,6";"0,24";"22,000"
"2024-08-14 21:00";"0,34";"22,5";"0,241";"20,2"
"2024-08-14 22:00";"0,354";"21,000";"0,295";"17,5"
"2024-08-14 23:00";"0,335";"20,4";"0,253";"16,3"
"2024-08-15 00:00";"0,17";"19,5";"0,197";"16,5"
"2024-08-15 01:00";"0,173";"19,3";"0,208";"16,5"
"2024-08-15 02:00";"1,122";"19,9";"1,174";"17,1"
"2024-08-15 03:00";"1,147";"20,4";"1,187";"17,3"
"2024-08-15 04:00";"0,645";"19,7";"1,181";"18,1"
"2024-08-15 05:00";"0,174";"19,5";"1,177";"19,000"
"2024-08-15 06:00";"0,176";"19,3";"0,783";"18,8"
"2024-08-15 07:00";"0,196";"19,000";"0,176";"18,6"
"2024-08-15 08:00";"0,162";"19,7";"0,183";"19,3"
"2024-08-15 09:00";"0,266";"20,000";"0,189";"20,7"
"2024-08-15 10:00";"0,294";"20,6";"0,178";"22,7"
"2024-08-15 11:00";"0,295";"21,7";"0,232";"24,000"
"2024-08-15 12:00";"0,311";"22,9";"0,243";"24,5"
"2024-08-15 13:00";"0,235";"24,3";"0,213";"24,5"
"2024-08-15 14:00";"0,225";"24,9";"0,209";"24,4"
"2024-08-15 15:00";"0,298";"25,5";"0,201";"22,9"
"2024-08-15 16:00";"0,228";"25,5";"0,198";"21,6"
"2024-08-15 17:00";"0,517";"25,1";"0,198";"22,5"
"2024-08-15 18:00";"0,359";"23,6";"0,195";"24,8"
"2024-08-15 19:00";"0,232";"23,000";"0,192";"24,6"
"2024-08-15 20:00";"0,229";"22,6";"0,216";"23,1"
"2024-08-15 21:00";"0,258";"22,4";"0,234";"21,7"
"2024-08-15 22:00";"0,262";"21,1";"0,234";"20,5"
"2024-08-15 23:00";"0,25";"20,3";"0,257";"18,4"
"2024-08-16 00:00";"0,236";"19,8";"0,18";"17,5"
"2024-08-16 01:00";"0,236";"20,000";"0,174";"17,000"
"2024-08-16 02:00";"1,182";"18,8";"1,156";"15,6"
"2024-08-16 03:00";"0,458";"18,000";"1,171";"14,6"
"2024-08-16 04:00";"0,225";"19,000";"1,212";"13,5"
"2024-08-16 05:00";"0,235";"19,3";"1,218";"12,2"
"2024-08-16 06:00";"0,235";"19,4";"0,847";"10,8"
"2024-08-16 07:00";"0,234";"19,6";"0,217";"11,000"
"2024-08-16 08:00";"0,31";"19,5";"0,203";"14,2"
"2024-08-16 09:00";"0,293";"20,1";"0,311";"16,4"
"2024-08-16 10:00";"0,306";"20,9";"0,319";"17,3"
"2024-08-16 11:00";"0,288";"21,000";"0,315";"18,3"
"2024-08-16 12:00";"0,299";"20,6";"0,361";"19,7"
"2024-08-16 13:00";"0,289";"20,4";"0,338";"20,7"
"2024-08-16 14:00";"0,256";"19,8";"0,214";"21,2"
"2024-08-16 15:00";"0,248";"20,2";"0,258";"21,7"
"2024-08-16 16:00";"0,288";"20,8";"0,307";"21,7"
"2024-08-16 17:00";"0,288";"20,8";"0,322";"21,8"
"2024-08-16 18:00";"0,283";"21,3";"0,261";"21,5"
"2024-08-16 19:00";"0,286";"20,5";"0,687";"21,1"
"2024-08-16 20:00";"0,243";"20,1";"0,61";"19,8"
"2024-08-16 21:00";"0,247";"19,8";"0,539";"17,7"
"2024-08-16 22:00";"0,272";"18,9";"0,271";"15,6"
"2024-08-16 23:00";"0,258";"17,3";"0,242";"14,4"
"2024-08-17 00:00";"0,198";"17,000";"0,308";"13,5"
"2024-08-17 01:00";"0,179";"16,9";"0,371";"11,8"
"2024-08-17 02:00";"1,171";"16,2";"1,357";"10,6"
"2024-08-17 03:00";"0,915";"14,8";"1,385";"9,5"
"2024-08-17 04:00";"0,197";"14,2";"1,389";"9,000"
"2024-08-17 05:00";"0,198";"14,000";"1,337";"8,6"
"2024-08-17 06:00";"0,185";"13,3";"0,415";"9,000"
"2024-08-17 07:00";"0,209";"14,1";"0,394";"9,2"
"2024-08-17 08:00";"0,205";"15,000";"0,357";"11,4"
"2024-08-17 09:00";"0,22";"15,6";"0,348";"15,9"
"2024-08-17 10:00";"0,298";"17,2";"0,318";"18,9"
"2024-08-17 11:00";"0,275";"17,9";"0,446";"20,5"
"2024-08-17 12:00";"0,715";"18,5";"0,286";"21,7"
"2024-08-17 13:00";"0,295";"19,000";"0,22";"22,4"
"2024-08-17 14:00";"0,282";"19,5";"0,295";"22,1"
"2024-08-17 15:00";"0,288";"19,7";"0,327";"22,3"
"2024-08-17 16:00";"0,28";"19,7";"0,263";"20,5"
"2024-08-17 17:00";"0,276";"19,6";"0,251";"20,3"
"2024-08-17 18:00";"0,55";"19,4";"0,258";"20,2"
"2024-08-17 19:00";"0,317";"19,1";"0,287";"20,3"
"2024-08-17 20:00";"0,248";"18,3";"0,345";"20,000"
"2024-08-17 21:00";"0,34";"15,8";"0,248";"19,2"
"2024-08-17 22:00";"0,226";"13,8";"0,233";"18,3"
"2024-08-17 23:00";"0,172";"13,000";"0,228";"17,9"
"2024-08-18 00:00";"0,171";"11,7";"0,226";"16,8"
"2024-08-18 01:00";"0,171";"10,7";"0,226";"16,3"
"2024-08-18 02:00";"0,995";"10,1";"1,213";"16,1"
"2024-08-18 03:00";"0,179";"9,6";"1,226";"15,8"
"2024-08-18 04:00";"0,19";"8,8";"1,223";"15,2"
"2024-08-18 05:00";"0,198";"8,8";"1,218";"15,4"
"2024-08-18 06:00";"0,194";"8,6";"0,306";"15,000"
"2024-08-18 07:00";"0,171";"8,4";"0,256";"15,000"
"2024-08-18 08:00";"0,232";"10,8";"0,316";"15,9"
"2024-08-18 09:00";"0,28";"13,8";"0,255";"17,4"
"2024-08-18 10:00";"0,261";"17,6";"0,32";"17,7"
"2024-08-18 11:00";"0,281";"19,000";"0,271";"18,9"
"2024-08-18 12:00";"1,266";"19,9";"0,272";"21,3"
"2024-08-18 13:00";"0,36";"21,000";"0,299";"22,000"
"2024-08-18 14:00";"0,287";"21,7";"0,332";"22,000"
"2024-08-18 15:00";"0,268";"21,5";"0,312";"22,4"
"2024-08-18 16:00";"0,277";"20,6";"0,273";"22,7"
"2024-08-18 17:00";"0,287";"19,9";"0,266";"22,7"
"2024-08-18 18:00";"0,289";"19,6";"0,27";"22,3"
"2024-08-18 19:00";"0,283";"19,3";"0,269";"21,5"
"2024-08-18 20:00";"0,257";"18,5";"0,27";"20,4"
"2024-08-18 21:00";"0,63";"16,8";"0,321";"19,4"
"2024-08-18 22:00";"1,024";"14,7";"0,291";"18,9"
"2024-08-18 23:00";"0,376";"14,1";"0,24";"18,2"
"2024-08-19 00:00";"0,26";"13,8";"0,266";"18,000"
"2024-08-19 01:00";"0,188";"13,1";"0,24";"17,3"
"2024-08-19 02:00";"0,977";"13,8";"1,219";"16,7"
"2024-08-19 03:00";"0,206";"13,2";"1,236";"16,7"
"2024-08-19 04:00";"0,198";"12,4";"1,235";"16,9"
"2024-08-19 05:00";"0,213";"11,9";"1,23";"16,7"
"2024-08-19 06:00";"0,225";"11,2";"1,165";"16,2"
"2024-08-19 07:00";"0,226";"11,4";"0,227";"15,9"
"2024-08-19 08:00";"0,231";"14,3";"0,248";"16,6"
"2024-08-19 09:00";"0,291";"17,1";"0,269";"17,5"
"2024-08-19 10:00";"0,304";"18,000";"0,254";"18,9"
"2024-08-19 11:00";"0,281";"18,6";"1,277";"20,3"
"2024-08-19 12:00";"0,406";"19,1";"1,73";"21,6"
"2024-08-19 13:00";"0,309";"19,4";"0,347";"22,000"
"2024-08-19 14:00";"0,317";"20,2";"0,31";"22,7"
"2024-08-19 15:00";"0,38";"20,4";"0,296";"22,9"
"2024-08-19 16:00";"0,346";"20,3";"0,349";"22,9"
"2024-08-19 17:00";"0,346";"20,3";"0,296";"23,5"
"2024-08-19 18:00";"0,305";"20,3";"0,276";"23,1"
"2024-08-19 19:00";"0,295";"19,5";"0,261";"22,3"
"2024-08-19 20:00";"0,241";"18,5";"0,243";"20,9"
"2024-08-19 21:00";"0,307";"16,2";"0,238";"19,7"
"2024-08-19 22:00";"0,22";"13,8";"0,228";"18,4"
"2024-08-19 23:00";"0,161";"12,3";"0,236";"17,8"
"2024-08-20 00:00";"0,177";"11,8";"0,227";"17,3"
"2024-08-20 01:00";"0,188";"10,6";"0,226";"16,6"
"2024-08-20 02:00";"1,128";"10,7";"1,025";"15,000"
"2024-08-20 03:00";"0,582";"11,2";"0,229";"13,2"
"2024-08-20 04:00";"0,192";"10,7";"0,23";"12,6"
"2024-08-20 05:00";"0,186";"10,4";"0,228";"12,3"
"2024-08-20 06:00";"0,2";"12,5";"0,225";"12,1"
"2024-08-20 07:00";"0,182";"12,8";"0,226";"11,8"
"2024-08-20 08:00";"0,214";"14,5";"0,223";"12,2"
"2024-08-20 09:00";"0,324";"16,8";"0,177";"12,4"
"2024-08-20 10:00";"0,294";"19,5";"0,204";"12,8"
"2024-08-20 11:00";"0,274";"20,9";"0,22";"13,3"
"2024-08-20 12:00";"0,218";"21,5";"0,783";"13,1"
"2024-08-20 13:00";"0,191";"22,000";"0,26";"13,1"
"2024-08-20 14:00";"0,157";"22,5";"0,244";"15,4"
"2024-08-20 15:00";"0,168";"22,7";"0,224";"20,8"
"2024-08-20 16:00";"0,697";"22,7";"0,224";"21,2"
"2024-08-20 17:00";"0,352";"22,3";"0,331";"21,2"
"2024-08-20 18:00";"0,229";"21,5";"0,378";"21,3"
"2024-08-20 19:00";"0,207";"20,4";"0,468";"21,2"
"2024-08-20 20:00";"0,221";"19,4";"0,657";"20,4"
"2024-08-20 21:00";"0,224";"18,2";"0,42";"17,5"
"2024-08-20 22:00";"0,209";"17,3";"0,346";"14,9"
"2024-08-20 23:00";"0,179";"16,8";"0,3";"13,6"
"2024-08-21 00:00";"0,184";"16,7";"0,238";"11,6"
"2024-08-21 01:00";"0,189";"16,5";"0,233";"10,7"
"2024-08-21 02:00";"1,148";"16,5";"1,215";"10,5"
"2024-08-21 03:00";"1,000";"16,9";"0,584";"10,000"
"2024-08-21 04:00";"0,187";"17,7";"0,222";"9,6"
"2024-08-21 05:00";"0,188";"18,000";"0,222";"9,7"
"2024-08-21 06:00";"0,187";"17,8";"0,217";"10,000"
"2024-08-21 07:00";"0,168";"17,7";"0,225";"10,3"
"2024-08-21 08:00";"0,188";"17,8";"0,289";"11,8"
"2024-08-21 09:00";"0,257";"18,3";"0,327";"14,5"
"2024-08-21 10:00";"0,301";"18,8";"0,306";"18,3"
"2024-08-21 11:00";"0,321";"17,3";"0,295";"19,2"
"2024-08-21 12:00";"0,305";"17,1";"0,334";"19,9"
"2024-08-21 13:00";"0,331";"17,5";"0,334";"20,5"
"2024-08-21 14:00";"0,296";"18,5";"0,335";"21,1"
"2024-08-21 15:00";"0,297";"19,2";"0,297";"21,7"
"2024-08-21 16:00";"0,312";"19,8";"0,568";"21,9"
"2024-08-21 17:00";"0,32";"19,6";"0,298";"21,7"
"2024-08-21 18:00";"0,606";"19,1";"0,346";"21,5"
"2024-08-21 19:00";"0,325";"17,6";"0,35";"21,1"
"2024-08-21 20:00";"0,278";"16,8";"0,312";"20,000"
"2024-08-21 21:00";"0,355";"15,7";"0,257";"17,3"
"2024-08-21 22:00";"0,198";"15,4";"0,208";"16,1"
"2024-08-21 23:00";"0,168";"15,1";"0,177";"16,2"
"2024-08-22 00:00";"0,153";"15,000";"0,178";"15,2"
"2024-08-22 01:00";"0,159";"15,3";"0,177";"15,1"
"2024-08-22 02:00";"1,115";"15,3";"1,154";"14,2"
"2024-08-22 03:00";"1,056";"15,1";"1,065";"12,6"
"2024-08-22 04:00";"0,148";"15,1";"0,174";"11,000"
"2024-08-22 05:00";"0,164";"15,000";"0,172";"10,4"
"2024-08-22 06:00";"0,194";"14,9";"0,169";"10,5"
"2024-08-22 07:00";"0,714";"14,8";"0,201";"10,7"
"2024-08-22 08:00";"0,65";"15,5";"0,219";"11,9"
"2024-08-22 09:00";"0,801";"16,1";"0,299";"15,7"
"2024-08-22 10:00";"0,349";"16,2";"0,332";"18,7"
"2024-08-22 11:00";"0,313";"16,5";"0,336";"19,8"
"2024-08-22 12:00";"0,318";"16,5";"0,326";"20,7"
"2024-08-22 13:00";"0,282";"16,9";"0,322";"21,9"
"2024-08-22 14:00";"0,231";"17,3";"0,289";"22,7"
"2024-08-22 15:00";"0,264";"18,2";"0,325";"22,5"
"2024-08-22 16:00";"1,965";"18,000";"0,324";"22,6"
"2024-08-22 17:00";"0,752";"17,5";"0,326";"22,8"
"2024-08-22 18:00";"0,179";"16,3";"0,32";"22,4"
"2024-08-22 19:00";"0,231";"15,9";"0,336";"21,9"
"2024-08-22 20:00";"0,243";"15,7";"0,685";"20,3"
"2024-08-22 21:00";"0,275";"15,3";"0,759";"17,8"
"2024-08-22 22:00";"0,2";"15,5";"0,6";"16,7"
"2024-08-22 23:00";"0,156";"16,1";"0,632";"15,7"
"2024-08-23 00:00";"0,167";"16,7";"0,238";"14,5"
"2024-08-23 01:00";"0,164";"16,7";"0,246";"14,4"
"2024-08-23 02:00";"1,105";"17,2";"1,252";"14,2"
"2024-08-23 03:00";"0,864";"17,8";"1,27";"12,7"
"2024-08-23 04:00";"0,167";"18,1";"1,23";"10,8"
"2024-08-23 05:00";"0,15";"17,8";"1,214";"9,8"
"2024-08-23 06:00";"0,161";"17,3";"0,762";"9,2"
"2024-08-23 07:00";"0,2";"17,000";"0,284";"9,4"
"2024-08-23 08:00";"0,215";"17,3";"0,238";"10,5"
"2024-08-23 09:00";"0,177";"17,4";"0,301";"12,4"
"2024-08-23 10:00";"0,317";"17,7";"0,336";"16,6"
"2024-08-23 11:00";"0,388";"18,9";"0,305";"18,2"
"2024-08-23 12:00";"0,27";"19,7";"0,254";"19,7"
"2024-08-23 13:00";"0,335";"20,4";"0,245";"19,9"
"2024-08-23 14:00";"0,3";"20,7";"0,271";"19,8"
"2024-08-23 15:00";"0,235";"21,8";"0,253";"20,3"
"2024-08-23 16:00";"0,289";"21,9";"0,291";"20,8"
"2024-08-23 17:00";"0,328";"21,8";"0,258";"21,1"
"2024-08-23 18:00";"0,325";"20,8";"0,55";"18,3"
"2024-08-23 19:00";"0,401";"20,2";"0,279";"16,5"
"2024-08-23 20:00";"0,505";"19,6";"0,334";"17,1"
"2024-08-23 21:00";"0,488";"18,5";"0,315";"16,9"
"2024-08-23 22:00";"0,36";"17,2";"0,237";"17,4"
"2024-08-23 23:00";"0,21";"16,6";"0,225";"17,1"
"2024-08-24 00:00";"0,219";"16,3";"0,226";"16,9"
"2024-08-24 01:00";"0,212";"15,8";"0,223";"16,5"
"2024-08-24 02:00";"1,145";"15,5";"1,216";"15,000"
"2024-08-24 03:00";"0,822";"15,1";"1,224";"14,2"
"2024-08-24 04:00";"0,186";"14,8";"1,227";"13,2"
"2024-08-24 05:00";"0,194";"14,8";"1,222";"12,6"
"2024-08-24 06:00";"0,172";"13,9";"1,248";"12,2"
"2024-08-24 07:00";"0,308";"12,4";"0,277";"11,8"
"2024-08-24 08:00";"0,321";"14,5";"0,268";"12,3"
"2024-08-24 09:00";"0,333";"16,8";"0,25";"15,2"
"2024-08-24 10:00";"0,327";"18,3";"0,298";"16,3"
"2024-08-24 11:00";"0,366";"19,4";"0,378";"17,4"
"2024-08-24 12:00";"1,425";"19,7";"0,355";"18,3"
"2024-08-24 13:00";"1,287";"20,2";"0,343";"19,1"
"2024-08-24 14:00";"0,273";"20,8";"0,294";"20,000"
"2024-08-24 15:00";"0,246";"22,1";"0,245";"20,6"
"2024-08-24 16:00";"0,398";"23,3";"0,249";"20,7"
"2024-08-24 17:00";"0,335";"23,8";"0,319";"20,2"
"2024-08-24 18:00";"0,192";"24,1";"0,305";"19,6"
"2024-08-24 19:00";"0,194";"24,6";"0,802";"19,3"
"2024-08-24 20:00";"0,72";"23,000";"0,722";"18,1"
"2024-08-24 21:00";"0,38";"21,8";"0,258";"16,9"
"2024-08-24 22:00";"0,53";"21,1";"0,236";"15,9"
"2024-08-24 23:00";"0,363";"21,000";"0,231";"15,7"
"2024-08-25 00:00";"0,174";"21,2";"0,232";"15,3"
"2024-08-25 01:00";"0,173";"21,6";"0,231";"15,3"
"2024-08-25 02:00";"1,144";"22,000";"1,23";"15,1"
"2024-08-25 03:00";"1,156";"22,7";"1,213";"15,2"
"2024-08-25 04:00";"1,037";"20,8";"1,183";"15,4"
"2024-08-25 05:00";"0,171";"18,7";"0,226";"15,5"
"2024-08-25 06:00";"0,171";"17,9";"0,231";"13,8"
"2024-08-25 07:00";"0,177";"17,1";"0,277";"13,6"
"2024-08-25 08:00";"0,167";"17,2";"0,289";"13,8"
"2024-08-25 09:00";"0,314";"17,5";"0,618";"14,1"
"2024-08-25 10:00";"0,288";"16,9";"0,469";"15,7"
"2024-08-25 11:00";"0,374";"16,4";"0,857";"19,000"
"2024-08-25 12:00";"1,072";"17,3";"0,289";"20,000"
"2024-08-25 13:00";"0,296";"18,000";"0,257";"20,000"
"2024-08-25 14:00";"0,338";"18,8";"0,32";"20,9"
"2024-08-25 15:00";"0,27";"19,1";"0,277";"21,2"
"2024-08-25 16:00";"0,3";"19,3";"0,305";"21,1"
"2024-08-25 17:00";"0,352";"19,7";"0,362";"21,3"
"2024-08-25 18:00";"1,117";"19,3";"0,282";"21,4"
"2024-08-25 19:00";"0,757";"19,000";"0,354";"20,9"
"2024-08-25 20:00";"0,751";"18,000";"0,37";"19,4"
"2024-08-25 21:00";"0,307";"17,1";"0,273";"17,7"
"2024-08-25 22:00";"0,201";"16,5";"0,24";"17,7"
"2024-08-25 23:00";"0,17";"15,5";"0,23";"17,3"
"2024-08-26 00:00";"0,167";"15,1";"0,236";"16,1"
"2024-08-26 01:00";"0,195";"13,2";"0,23";"16,4"
"2024-08-26 02:00";"1,172";"12,8";"1,205";"16,7"
"2024-08-26 03:00";"0,235";"12,5";"1,105";"16,3"
"2024-08-26 04:00";"0,205";"12,5";"0,223";"15,6"
"2024-08-26 05:00";"0,228";"12,5";"0,223";"14,3"
"2024-08-26 06:00";"0,213";"12,7";"0,218";"13,5"
"2024-08-26 07:00";"0,212";"12,9";"0,225";"13,4"
"2024-08-26 08:00";"0,37";"14,8";"0,226";"13,2"
"2024-08-26 09:00";"0,344";"17,1";"0,276";"13,3"
"2024-08-26 10:00";"0,295";"18,6";"0,306";"16,5"
"2024-08-26 11:00";"0,322";"19,7";"0,366";"17,4"
"2024-08-26 12:00";"0,315";"20,2";"1,393";"19,2"
"2024-08-26 13:00";"0,3";"20,5";"0,408";"21,2"
"2024-08-26 14:00";"0,559";"20,8";"0,281";"21,3"
"2024-08-26 15:00";"0,323";"21,000";"0,518";"21,7"
"2024-08-26 16:00";"0,317";"21,1";"1,342";"21,6"
"2024-08-26 17:00";"0,313";"21,000";"0,295";"20,9"
"2024-08-26 18:00";"0,302";"20,6";"0,24";"20,6"
"2024-08-26 19:00";"0,265";"19,9";"0,254";"19,3"
"2024-08-26 20:00";"0,285";"19,000";"0,222";"17,6"
"2024-08-26 21:00";"0,316";"17,7";"0,213";"15,3"
"2024-08-26 22:00";"0,214";"16,8";"0,193";"15,8"
"2024-08-26 23:00";"0,196";"15,000";"0,192";"15,5"
"2024-08-27 00:00";"0,17";"15,9";"0,204";"14,9"
"2024-08-27 01:00";"0,162";"14,4";"0,196";"13,9"
"2024-08-27 02:00";"1,123";"13,8";"1,163";"12,000"
"2024-08-27 03:00";"0,571";"13,5";"1,172";"11,1"
"2024-08-27 04:00";"0,172";"13,1";"1,181";"9,3"
"2024-08-27 05:00";"0,172";"13,1";"1,185";"8,3"
"2024-08-27 06:00";"0,326";"13,1";"1,173";"8,000"
"2024-08-27 07:00";"0,257";"13,1";"0,201";"8,4"
"2024-08-27 08:00";"0,246";"14,9";"0,229";"9,8"
"2024-08-27 09:00";"0,34";"17,1";"0,232";"13,2"
"2024-08-27 10:00";"0,322";"19,000";"0,322";"16,3"
"2024-08-27 11:00";"0,312";"19,6";"0,378";"17,5"
"2024-08-27 12:00";"0,519";"20,2";"1,244";"18,7"
"2024-08-27 13:00";"0,295";"21,000";"0,962";"19,5"
"2024-08-27 14:00";"0,291";"21,5";"0,243";"19,9"
"2024-08-27 15:00";"0,262";"22,1";"0,246";"19,2"
"2024-08-27 16:00";"0,32";"22,4";"0,25";"18,4"
"2024-08-27 17:00";"0,245";"22,3";"0,824";"18,1"
"2024-08-27 18:00";"0,234";"22,2";"0,75";"18,4"
"2024-08-27 19:00";"0,25";"22,000";"0,398";"18,000"
"2024-08-27 20:00";"0,286";"20,5";"0,3";"16,6"
"2024-08-27 21:00";"0,264";"18,1";"0,299";"14,2"
"2024-08-27 22:00";"0,226";"16,7";"0,292";"14,000"
"2024-08-27 23:00";"0,215";"16,4";"0,257";"13,000"
"2024-08-28 00:00";"0,204";"16,1";"0,186";"12,5"
"2024-08-28 01:00";"0,151";"16,2";"0,174";"11,7"
"2024-08-28 02:00";"1,135";"16,3";"0,873";"10,2"
"2024-08-28 03:00";"1,098";"16,4";"0,175";"9,7"
"2024-08-28 04:00";"0,153";"16,4";"0,178";"9,6"
"2024-08-28 05:00";"0,157";"16,4";"0,178";"9,4"
"2024-08-28 06:00";"0,165";"16,3";"0,322";"9,6"
"2024-08-28 07:00";"0,189";"16,4";"0,204";"10,8"
"2024-08-28 08:00";"0,291";"17,4";"0,283";"13,2"
"2024-08-28 09:00";"0,295";"19,5";"0,301";"13,9"
"2024-08-28 10:00";"0,301";"22,1";"0,231";"15,5"
"2024-08-28 11:00";"0,24";"23,3";"0,291";"16,8"
"2024-08-28 12:00";"0,222";"24,2";"0,301";"17,1"
"2024-08-28 13:00";"0,356";"24,6";"0,307";"18,000"
"2024-08-28 14:00";"1,733";"24,8";"0,277";"17,6"
"2024-08-28 15:00";"2,317";"24,8";"0,233";"16,2"
"2024-08-28 16:00";"1,989";"25,000";"0,427";"18,3"
"2024-08-28 17:00";"0,472";"25,000";"0,261";"19,000"
"2024-08-28 18:00";"0,194";"24,3";"0,359";"18,7"
"2024-08-28 19:00";"0,196";"22,6";"0,31";"18,5"
"2024-08-28 20:00";"0,333";"21,000";"0,304";"17,3"
"2024-08-28 21:00";"0,352";"19,6";"0,3";"14,6"
"2024-08-28 22:00";"0,222";"18,9";"0,298";"12,8"
"2024-08-28 23:00";"0,217";"18,5";"0,241";"12,1"
"2024-08-29 00:00";"0,192";"18,4";"0,237";"11,1"
"2024-08-29 01:00";"0,175";"18,6";"0,241";"11,1"
"2024-08-29 02:00";"1,156";"18,7";"1,211";"10,3"
"2024-08-29 03:00";"1,161";"18,8";"1,015";"9,7"
"2024-08-29 04:00";"1,164";"19,000";"0,247";"8,6"
"2024-08-29 05:00";"1,157";"19,000";"0,253";"7,7"
"2024-08-29 06:00";"0,26";"19,1";"0,247";"6,6"
"2024-08-29 07:00";"0,176";"19,2";"0,242";"6,000"
"2024-08-29 08:00";"0,184";"19,7";"0,261";"6,4"
"2024-08-29 09:00";"0,205";"21,000";"0,266";"8,9"
"2024-08-29 10:00";"0,198";"23,3";"0,299";"13,1"
"2024-08-29 11:00";"0,49";"25,1";"0,298";"15,2"
"2024-08-29 12:00";"0,21";"26,4";"0,26";"17,1"
"2024-08-29 13:00";"0,212";"27,5";"0,283";"17,1"
"2024-08-29 14:00";"0,175";"28,7";"0,336";"16,8"
"2024-08-29 15:00";"0,178";"29,6";"0,317";"17,000"
"2024-08-29 16:00";"0,176";"29,7";"0,721";"17,3"
"2024-08-29 17:00";"0,169";"27,9";"0,29";"17,4"
"2024-08-29 18:00";"0,657";"27,5";"0,255";"17,1"
"2024-08-29 19:00";"0,713";"26,8";"0,267";"16,9"
"2024-08-29 20:00";"0,315";"25,1";"0,287";"16,2"
"2024-08-29 21:00";"0,224";"23,000";"0,243";"15,000"
"2024-08-29 22:00";"0,173";"22,3";"0,228";"14,7"
"2024-08-29 23:00";"0,177";"21,7";"0,223";"13,7"
"2024-08-30 00:00";"0,163";"21,1";"0,224";"12,3"
"2024-08-30 01:00";"0,158";"20,000";"0,223";"11,8"
"2024-08-30 02:00";"1,12";"18,6";"1,191";"11,3"
"2024-08-30 03:00";"1,143";"18,2";"1,209";"11,6"
"2024-08-30 04:00";"0,231";"18,6";"0,398";"11,1"
"2024-08-30 05:00";"0,169";"18,1";"0,239";"11,2"
"2024-08-30 06:00";"0,158";"17,2";"0,239";"10,7"
"2024-08-30 07:00";"0,187";"16,6";"0,248";"9,2"
"2024-08-30 08:00";"0,168";"16,9";"0,233";"8,9"
"2024-08-30 09:00";"0,191";"17,1";"0,214";"11,8"
"2024-08-30 10:00";"0,184";"17,8";"0,215";"16,5"
"2024-08-30 11:00";"0,172";"18,5";"0,258";"17,3"
"2024-08-30 12:00";"0,24";"17,9";"0,282";"18,2"
"2024-08-30 13:00";"0,267";"17,2";"0,305";"18,1"
"2024-08-30 14:00";"0,301";"17,8";"0,326";"18,7"
"2024-08-30 15:00";"0,35";"19,000";"0,26";"19,4"
"2024-08-30 16:00";"0,224";"19,8";"0,489";"19,5"
"2024-08-30 17:00";"0,616";"19,8";"0,568";"18,8"
"2024-08-30 18:00";"0,385";"19,7";"0,292";"18,2"
"2024-08-30 19:00";"0,336";"19,2";"0,29";"17,6"
"2024-08-30 20:00";"0,354";"17,9";"0,3";"16,8"
"2024-08-30 21:00";"0,525";"15,1";"0,302";"14,8"
"2024-08-30 22:00";"0,377";"13,1";"0,3";"13,8"
"2024-08-30 23:00";"0,298";"12,3";"0,277";"13,4"
"2024-08-31 00:00";"0,228";"12,6";"0,247";"12,4"
"2024-08-31 01:00";"0,236";"12,5";"0,237";"11,2"
"2024-08-31 02:00";"1,209";"12,7";"1,199";"11,6"
"2024-08-31 03:00";"0,83";"12,7";"0,56";"11,2"
"2024-08-31 04:00";"0,226";"12,000";"0,237";"11,1"
"2024-08-31 05:00";"0,236";"11,5";"0,241";"11,2"
"2024-08-31 06:00";"0,245";"11,3";"0,244";"10,9"
"2024-08-31 07:00";"0,203";"10,4";"0,266";"11,4"
"2024-08-31 08:00";"0,256";"12,000";"0,255";"12,9"
"2024-08-31 09:00";"0,271";"15,000";"0,325";"15,5"
"2024-08-31 10:00";"0,224";"16,6";"0,259";"16,4"
"2024-08-31 11:00";"0,27";"17,4";"0,31";"17,3"
"2024-08-31 12:00";"0,716";"18,2";"0,342";"16,6"
"2024-08-31 13:00";"0,178";"19,000";"0,309";"12,3"
"2024-08-31 14:00";"0,18";"19,4";"0,32";"12,3"
"2024-08-31 15:00";"0,207";"19,5";"0,385";"12,3"
"2024-08-31 16:00";"0,206";"19,7";"0,645";"13,000"
"2024-08-31 17:00";"0,161";"20,1";"0,983";"13,4"
"2024-08-31 18:00";"0,173";"19,8";"0,29";"12,9"
"2024-08-31 19:00";"0,325";"19,1";"0,321";"12,4"
"2024-08-31 20:00";"0,368";"17,1";"0,369";"12,1"
"2024-08-31 21:00";"0,289";"15,1";"0,304";"11,4"
"2024-08-31 22:00";"0,19";"13,9";"0,246";"10,7"
"2024-08-31 23:00";"0,174";"13,9";"0,254";"9,9"
"2024-09-01 00:00";"0,173";"13,5";"0,246";"8,9"
"2024-09-01 01:00";"0,171";"12,6";"0,236";"8,3"
"2024-09-01 02:00";"1,122";"11,7";"1,232";"8,1"
"2024-09-01 03:00";"1,17";"10,8";"1,25";"7,9"
"2024-09-01 04:00";"0,844";"9,4";"0,385";"8,1"
"2024-09-01 05:00";"0,174";"9,1";"0,254";"8,5"
"2024-09-01 06:00";"0,163";"9,1";"0,245";"8,3"
"2024-09-01 07:00";"0,207";"9,1";"0,299";"8,3"
"2024-09-01 08:00";"0,271";"10,7";"0,306";"9,9"
"2024-09-01 09:00";"0,21";"14,9";"0,243";"10,7"
"2024-09-01 10:00";"0,319";"17,7";"0,237";"12,7"
"2024-09-01 11:00";"0,339";"19,1";"0,285";"14,1"
"2024-09-01 12:00";"0,681";"19,7";"0,356";"15,6"
"2024-09-01 13:00";"1,12";"20,000";"0,294";"17,6"
"2024-09-01 14:00";"0,275";"20,9";"0,286";"18,8"
"2024-09-01 15:00";"0,268";"21,6";"0,262";"19,2"
"2024-09-01 16:00";"0,29";"22,1";"0,409";"19,5"
"2024-09-01 17:00";"0,21";"21,7";"0,431";"19,9"
"2024-09-01 18:00";"0,204";"20,8";"0,224";"19,8"
"2024-09-01 19:00";"0,256";"19,9";"0,196";"19,3"
"2024-09-01 20:00";"0,529";"18,1";"0,271";"17,2"
"2024-09-01 21:00";"0,578";"15,7";"0,342";"15,3"
"2024-09-01 22:00";"0,807";"14,4";"0,242";"14,1"
"2024-09-01 23:00";"0,314";"13,4";"0,216";"12,8"
"2024-09-02 00:00";"0,197";"12,3";"0,201";"12,2"
"2024-09-02 01:00";"0,203";"12,000";"0,209";"11,4"
"2024-09-02 02:00";"1,108";"11,1";"1,195";"10,3"
"2024-09-02 03:00";"0,189";"10,9";"0,608";"9,3"
"2024-09-02 04:00";"0,2";"10,8";"0,218";"8,6"
"2024-09-02 05:00";"0,216";"10,3";"0,211";"8,000"
"2024-09-02 06:00";"0,23";"9,5";"0,2";"8,2"
"2024-09-02 07:00";"0,167";"9,9";"0,214";"9,000"
"2024-09-02 08:00";"0,185";"12,5";"0,234";"9,3"
"2024-09-02 09:00";"0,192";"16,3";"0,205";"10,7"
"2024-09-02 10:00";"0,326";"18,1";"0,224";"14,4"
"2024-09-02 11:00";"0,213";"19,000";"0,343";"16,2"
"2024-09-02 12:00";"0,251";"20,6";"1,281";"17,5"
"2024-09-02 13:00";"0,232";"21,7";"0,652";"18,7"
"2024-09-02 14:00";"0,265";"22,6";"0,28";"19,6"
"2024-09-02 15:00";"0,279";"21,7";"0,324";"20,7"
"2024-09-02 16:00";"0,261";"20,9";"0,293";"20,9"
"2024-09-02 17:00";"0,376";"20,5";"0,316";"20,8"
"2024-09-02 18:00";"0,514";"20,3";"0,284";"20,2"
"2024-09-02 19:00";"0,458";"19,8";"0,358";"19,4"
"2024-09-02 20:00";"0,347";"19,000";"0,298";"17,8"
"2024-09-02 21:00";"0,324";"17,7";"0,319";"15,4"
"2024-09-02 22:00";"0,173";"16,7";"0,319";"14,5"
"2024-09-02 23:00";"0,17";"16,2";"0,323";"14,4"
"2024-09-03 00:00";"0,153";"15,7";"0,286";"14,8"
"2024-09-03 01:00";"0,162";"15,7";"0,168";"14,000"
"2024-09-03 02:00";"1,114";"15,7";"0,93";"14,2"
"2024-09-03 03:00";"0,641";"15,9";"0,193";"14,000"
"2024-09-03 04:00";"0,152";"16,000";"0,196";"14,000"
"2024-09-03 05:00";"0,164";"16,000";"0,189";"14,000"
"2024-09-03 06:00";"0,169";"16,3";"0,179";"14,2"
"2024-09-03 07:00";"0,195";"16,4";"0,2";"14,2"
"2024-09-03 08:00";"0,175";"17,3";"0,192";"14,5"
"2024-09-03 09:00";"0,231";"18,4";"0,204";"15,4"
"2024-09-03 10:00";"0,302";"20,1";"0,178";"16,2"
"2024-09-03 11:00";"0,248";"21,6";"0,736";"16,5"
"2024-09-03 12:00";"0,247";"23,4";"1,336";"17,000"
"2024-09-03 13:00";"0,303";"25,5";"1,313";"17,5"
"2024-09-03 14:00";"0,305";"26,2";"0,18";"17,7"
"2024-09-03 15:00";"0,312";"26,6";"0,181";"17,4"
"2024-09-03 16:00";"0,308";"26,5";"0,199";"17,4"
"2024-09-03 17:00";"0,469";"26,1";"0,199";"17,5"
"2024-09-03 18:00";"0,299";"25,1";"0,345";"17,7"
"2024-09-03 19:00";"0,348";"23,5";"0,43";"17,6"
"2024-09-03 20:00";"0,408";"21,6";"0,334";"16,9"
"2024-09-03 21:00";"0,252";"20,2";"0,19";"15,1"
"2024-09-03 22:00";"0,226";"20,000";"0,169";"14,9"
"2024-09-03 23:00";"0,221";"20,1";"0,178";"15,5"
"2024-09-04 00:00";"0,233";"20,1";"0,177";"16,6"
"2024-09-04 01:00";"0,235";"20,1";"0,177";"16,3"
"2024-09-04 02:00";"1,19";"20,2";"1,143";"15,2"
"2024-09-04 03:00";"1,21";"20,3";"0,533";"14,8"
"2024-09-04 04:00";"1,207";"20,5";"0,172";"14,7"
"2024-09-04 05:00";"0,63";"20,8";"0,177";"14,5"
"2024-09-04 06:00";"0,741";"20,7";"0,174";"13,9"
"2024-09-04 07:00";"0,244";"21,1";"0,208";"13,8"
"2024-09-04 08:00";"0,217";"21,5";"0,168";"14,4"
"2024-09-04 09:00";"0,287";"22,3";"0,168";"15,2"
"2024-09-04 10:00";"0,295";"24,2";"0,177";"16,8"
"2024-09-04 11:00";"0,309";"25,6";"0,178";"18,3"
"2024-09-04 12:00";"0,238";"26,5";"0,177";"19,6"
"2024-09-04 13:00";"0,256";"28,2";"0,179";"20,8"
"2024-09-04 14:00";"0,265";"29,5";"0,169";"21,6"
"2024-09-04 15:00";"0,265";"30,4";"0,169";"22,2"
"2024-09-04 16:00";"0,617";"30,6";"0,271";"22,8"
"2024-09-04 17:00";"0,295";"30,4";"0,267";"23,1"
"2024-09-04 18:00";"0,302";"29,000";"0,242";"23,000"
"2024-09-04 19:00";"0,278";"27,000";"0,266";"22,4"
"2024-09-04 20:00";"0,3";"24,6";"0,3";"20,4"
"2024-09-04 21:00";"0,315";"22,3";"0,288";"17,2"
"2024-09-04 22:00";"0,309";"21,1";"0,175";"16,7"
"2024-09-04 23:00";"0,315";"20,5";"0,165";"16,000"
"2024-09-05 00:00";"0,316";"20,000";"0,173";"14,9"
"2024-09-05 01:00";"0,259";"19,7";"0,175";"13,5"
"2024-09-05 02:00";"1,178";"19,4";"1,142";"11,6"
"2024-09-05 03:00";"0,431";"19,3";"1,133";"10,5"
"2024-09-05 04:00";"0,223";"19,5";"0,168";"9,3"
"2024-09-05 05:00";"0,216";"19,6";"0,192";"8,3"
"2024-09-05 06:00";"0,207";"19,2";"0,198";"7,6"
"2024-09-05 07:00";"0,223";"19,3";"0,219";"7,8"
"2024-09-05 08:00";"0,248";"19,7";"0,163";"9,2"
"2024-09-05 09:00";"0,312";"20,8";"0,179";"10,9"
"2024-09-05 10:00";"0,294";"22,5";"0,176";"15,4"
"2024-09-05 11:00";"0,688";"24,3";"0,178";"20,5"
"2024-09-05 12:00";"0,809";"25,7";"0,178";"22,2"
"2024-09-05 13:00";"0,243";"26,5";"0,174";"22,8"
"2024-09-05 14:00";"0,241";"26,9";"0,169";"23,4"
"2024-09-05 15:00";"0,235";"26,8";"0,171";"23,5"
"2024-09-05 16:00";"0,233";"26,9";"0,185";"23,8"
"2024-09-05 17:00";"0,213";"26,4";"0,367";"23,8"
"2024-09-05 18:00";"0,214";"24,7";"0,279";"23,8"
"2024-09-05 19:00";"0,335";"23,3";"0,178";"22,7"
"2024-09-05 20:00";"2,144";"21,6";"0,186";"20,3"
"2024-09-05 21:00";"2,468";"20,7";"0,182";"17,5"
"2024-09-05 22:00";"2,406";"20,3";"0,186";"16,3"
"2024-09-05 23:00";"2,147";"20,4";"0,184";"14,3"
"2024-09-06 00:00";"0,397";"20,4";"0,178";"12,5"
"2024-09-06 01:00";"0,214";"20,4";"0,179";"10,8"
"2024-09-06 02:00";"1,2";"20,3";"1,163";"9,2"
"2024-09-06 03:00";"1,07";"19,9";"0,471";"8,1"
"2024-09-06 04:00";"0,228";"19,8";"0,167";"7,6"
"2024-09-06 05:00";"0,213";"19,4";"0,179";"6,5"
"2024-09-06 06:00";"0,237";"19,2";"0,184";"6,1"
"2024-09-06 07:00";"0,282";"18,9";"0,178";"6,1"
"2024-09-06 08:00";"0,282";"19,3";"0,182";"7,7"
"2024-09-06 09:00";"0,239";"20,6";"0,189";"10,000"
"2024-09-06 10:00";"1,857";"22,2";"0,189";"16,2"
"2024-09-06 11:00";"2,29";"24,000";"0,182";"21,3"
"2024-09-06 12:00";"2,193";"25,000";"0,182";"22,6"
"2024-09-06 13:00";"0,497";"25,3";"0,184";"23,7"
"2024-09-06 14:00";"0,217";"25,4";"0,19";"24,6"
"2024-09-06 15:00";"0,213";"25,2";"0,196";"24,7"
"2024-09-06 16:00";"0,174";"24,9";"0,189";"23,2"
"2024-09-06 17:00";"0,228";"24,6";"0,192";"22,7"
"2024-09-06 18:00";"0,269";"24,1";"0,328";"22,1"
"2024-09-06 19:00";"0,284";"22,9";"0,251";"21,000"
"2024-09-06 20:00";"0,256";"21,2";"0,249";"18,5"
"2024-09-06 21:00";"0,296";"19,9";"0,228";"15,8"
"2024-09-06 22:00";"0,239";"19,3";"0,177";"15,2"
"2024-09-06 23:00";"0,204";"18,9";"0,172";"15,6"
"2024-09-07 00:00";"0,173";"19,000";"0,173";"15,8"
"2024-09-07 01:00";"0,178";"18,9";"0,177";"15,9"
"2024-09-07 02:00";"1,147";"19,1";"1,142";"15,6"
"2024-09-07 03:00";"0,385";"19,000";"1,16";"15,5"
"2024-09-07 04:00";"0,164";"18,9";"0,286";"15,3"
"2024-09-07 05:00";"0,169";"18,9";"0,178";"15,3"
"2024-09-07 06:00";"0,177";"18,7";"0,17";"15,4"
"2024-09-07 07:00";"0,177";"18,7";"0,196";"15,6"
"2024-09-07 08:00";"0,199";"19,2";"0,181";"15,8"
"2024-09-07 09:00";"0,246";"20,1";"0,19";"16,4"
"2024-09-07 10:00";"0,301";"22,1";"0,192";"17,2"
"2024-09-07 11:00";"0,627";"23,4";"0,193";"18,6"
"2024-09-07 12:00";"1,071";"24,9";"0,193";"20,1"
"2024-09-07 13:00";"0,289";"26,2";"0,194";"21,5"
"2024-09-07 14:00";"0,384";"27,3";"0,202";"22,6"
"2024-09-07 15:00";"0,448";"28,2";"0,216";"23,2"
"2024-09-07 16:00";"0,333";"27,9";"0,478";"23,1"
"2024-09-07 17:00";"0,32";"27,1";"0,491";"22,4"
"2024-09-07 18:00";"0,415";"26,000";"0,18";"21,7"
"2024-09-07 19:00";"0,358";"24,1";"0,18";"20,4"
"2024-09-07 20:00";"0,336";"22,3";"0,591";"18,6"
"2024-09-07 21:00";"0,358";"20,5";"0,21";"16,7"
"2024-09-07 22:00";"0,348";"19,7";"0,72";"15,2"
"2024-09-07 23:00";"0,332";"19,3";"0,177";"14,2"
"2024-09-08 00:00";"0,174";"19,3";"0,176";"13,4"
"2024-09-08 01:00";"0,171";"19,9";"0,175";"12,9"
"2024-09-08 02:00";"1,069";"19,7";"1,15";"11,7"
"2024-09-08 03:00";"0,157";"19,7";"0,864";"10,1"
"2024-09-08 04:00";"0,169";"19,8";"0,176";"9,4"
"2024-09-08 05:00";"0,17";"19,7";"0,172";"8,6"
"2024-09-08 06:00";"0,169";"19,7";"0,168";"8,3"
"2024-09-08 07:00";"0,185";"19,7";"0,199";"8,3"
"2024-09-08 08:00";"0,189";"20,1";"0,18";"9,4"
"2024-09-08 09:00";"0,19";"21,6";"0,18";"11,3"
"2024-09-08 10:00";"0,243";"23,2";"0,18";"18,3"
"2024-09-08 11:00";"0,175";"24,9";"0,18";"21,000"
"2024-09-08 12:00";"0,919";"26,6";"0,182";"23,4"
"2024-09-08 13:00";"0,216";"28,1";"0,181";"25,3"
"2024-09-08 14:00";"0,265";"28,9";"0,188";"26,1"
"2024-09-08 15:00";"0,265";"28,9";"0,203";"26,2"
"2024-09-08 16:00";"0,228";"28,8";"0,24";"26,000"
"2024-09-08 17:00";"0,394";"28,3";"0,25";"25,2"
"2024-09-08 18:00";"0,571";"27,6";"0,195";"24,6"
"2024-09-08 19:00";"0,344";"25,7";"0,195";"23,4"
"2024-09-08 20:00";"0,302";"23,9";"0,266";"21,1"
"2024-09-08 21:00";"0,267";"23,4";"0,22";"20,1"
"2024-09-08 22:00";"0,179";"23,3";"0,188";"19,3"
"2024-09-08 23:00";"0,177";"22,8";"0,179";"18,6"
"2024-09-09 00:00";"0,175";"22,5";"0,181";"17,7"
"2024-09-09 01:00";"0,175";"23,000";"0,181";"17,4"
"2024-09-09 02:00";"1,132";"22,8";"1,165";"17,1"
"2024-09-09 03:00";"0,213";"22,7";"0,803";"17,1"
"2024-09-09 04:00";"0,168";"21,9";"0,185";"17,1"
"2024-09-09 05:00";"0,174";"21,6";"0,183";"16,6"
"2024-09-09 06:00";"0,173";"21,3";"0,176";"16,2"
"2024-09-09 07:00";"0,282";"21,000";"0,184";"16,2"
"2024-09-09 08:00";"0,21";"20,9";"0,24";"16,9"
"2024-09-09 09:00";"0,251";"21,2";"0,244";"18,7"
"2024-09-09 10:00";"0,208";"21,6";"0,235";"20,5"
"2024-09-09 11:00";"0,171";"22,000";"0,223";"22,4"
"2024-09-09 12:00";"0,517";"21,5";"0,769";"23,9"
"2024-09-09 13:00";"0,236";"19,6";"0,179";"25,1"
"2024-09-09 14:00";"0,26";"18,7";"0,176";"25,7"
"2024-09-09 15:00";"0,231";"18,6";"0,178";"26,2"
"2024-09-09 16:00";"0,25";"18,000";"0,179";"26,4"
"2024-09-09 17:00";"0,249";"17,5";"0,176";"26,5"
"2024-09-09 18:00";"0,288";"16,8";"0,174";"26,000"
"2024-09-09 19:00";"0,311";"16,7";"0,176";"24,1"
"2024-09-09 20:00";"0,475";"16,3";"0,233";"21,1"
"2024-09-09 21:00";"0,228";"15,8";"0,206";"18,9"
"2024-09-09 22:00";"0,182";"16,000";"0,191";"17,4"
"2024-09-09 23:00";"0,181";"16,4";"0,182";"17,3"
"2024-09-10 00:00";"0,175";"16,8";"0,182";"17,7"
"2024-09-10 01:00";"0,161";"16,9";"0,182";"17,000"
"2024-09-10 02:00";"1,148";"16,8";"1,164";"15,1"
"2024-09-10 03:00";"0,857";"16,6";"0,743";"13,3"
"2024-09-10 04:00";"0,193";"16,1";"0,182";"11,5"
"2024-09-10 05:00";"0,234";"14,7";"0,181";"10,2"
"2024-09-10 06:00";"0,319";"14,3";"0,177";"10,1"
"2024-09-10 07:00";"0,209";"13,9";"0,322";"10,2"
"2024-09-10 08:00";"0,204";"14,3";"0,184";"10,9"
"2024-09-10 09:00";"0,248";"14,3";"0,204";"12,9"
"2024-09-10 10:00";"0,18";"14,8";"0,186";"19,3"
"2024-09-10 11:00";"0,179";"15,3";"0,188";"20,9"
"2024-09-10 12:00";"0,191";"15,9";"0,658";"22,3"
"2024-09-10 13:00";"0,211";"16,5";"0,199";"23,8"
"2024-09-10 14:00";"0,264";"16,8";"0,22";"25,1"
"2024-09-10 15:00";"0,197";"17,6";"0,821";"24,7"
"2024-09-10 16:00";"0,191";"17,6";"0,266";"23,5"
"2024-09-10 17:00";"0,209";"17,2";"0,212";"22,3"
"2024-09-10 18:00";"0,236";"16,9";"0,231";"21,000"
"2024-09-10 19:00";"0,609";"16,6";"0,317";"18,7"
"2024-09-10 20:00";"0,541";"16,4";"0,251";"16,5"
"2024-09-10 21:00";"0,794";"16,4";"0,207";"15,1"
"2024-09-10 22:00";"0,18";"15,8";"0,196";"13,8"
"2024-09-10 23:00";"0,18";"15,2";"0,195";"12,9"
"2024-09-11 00:00";"0,187";"15,3";"0,195";"12,5"
"2024-09-11 01:00";"0,187";"15,3";"0,194";"11,9"
"2024-09-11 02:00";"1,141";"15,3";"0,834";"11,5"
"2024-09-11 03:00";"0,784";"15,1";"0,195";"10,8"
"2024-09-11 04:00";"0,186";"15,000";"0,192";"10,4"
"2024-09-11 05:00";"0,189";"14,3";"0,188";"10,1"
"2024-09-11 06:00";"0,262";"13,3";"0,184";"10,000"
"2024-09-11 07:00";"0,26";"11,8";"0,197";"10,000"
"2024-09-11 08:00";"0,231";"10,5";"0,182";"9,8"
"2024-09-11 09:00";"0,316";"10,000";"0,187";"9,3"
"2024-09-11 10:00";"0,309";"10,1";"0,185";"9,6"
"2024-09-11 11:00";"0,384";"10,9";"0,186";"10,2"
"2024-09-11 12:00";"0,314";"11,3";"0,379";"10,7"
"2024-09-11 13:00";"0,302";"11,9";"0,186";"11,1"
"2024-09-11 14:00";"0,264";"12,4";"0,185";"16,3"
"2024-09-11 15:00";"0,256";"13,4";"0,187";"20,4"
"2024-09-11 16:00";"0,29";"14,4";"0,185";"21,4"
"2024-09-11 17:00";"0,489";"14,3";"0,182";"19,8"
"2024-09-11 18:00";"0,274";"13,3";"0,178";"19,6"
"2024-09-11 19:00";"0,256";"12,9";"0,194";"19,2"
"2024-09-11 20:00";"0,247";"11,4";"0,197";"17,2"
"2024-09-11 21:00";"0,294";"9,9";"0,183";"15,000"
"2024-09-11 22:00";"0,244";"10,000";"0,178";"13,7"
"2024-09-11 23:00";"0,204";"11,6";"0,174";"11,9"
"2024-09-12 00:00";"0,201";"12,2";"0,174";"10,6"
"2024-09-12 01:00";"0,198";"11,9";"0,179";"10,4"
"2024-09-12 02:00";"1,151";"11,9";"1,131";"11,1"
"2024-09-12 03:00";"0,643";"10,5";"0,966";"11,6"
"2024-09-12 04:00";"0,218";"8,7";"0,179";"11,6"
"2024-09-12 05:00";"0,196";"8,2";"0,178";"11,9"
"2024-09-12 06:00";"0,627";"8,6";"0,178";"12,2"
"2024-09-12 07:00";"0,265";"8,3";"0,199";"12,5"
"2024-09-12 08:00";"0,338";"9,6";"0,174";"12,9"
"2024-09-12 09:00";"0,284";"11,3";"0,169";"13,000"
"2024-09-12 10:00";"0,279";"13,2";"0,174";"13,000"
"2024-09-12 11:00";"0,175";"13,5";"0,178";"13,4"
"2024-09-12 12:00";"0,185";"13,7";"0,177";"13,8"
"2024-09-12 13:00";"0,253";"14,1";"0,177";"17,1"
"2024-09-12 14:00";"0,271";"14,8";"0,176";"18,9"
"2024-09-12 15:00";"0,371";"15,1";"0,182";"21,2"
"2024-09-12 16:00";"0,276";"15,2";"0,227";"21,4"
"2024-09-12 17:00";"0,256";"15,4";"0,221";"21,2"
"2024-09-12 18:00";"0,269";"15,4";"0,452";"20,7"
"2024-09-12 19:00";"0,374";"14,9";"0,188";"19,8"
"2024-09-12 20:00";"0,468";"13,5";"0,189";"18,5"
"2024-09-12 21:00";"0,309";"13,1";"0,183";"17,9"
"2024-09-12 22:00";"0,236";"12,5";"0,172";"17,2"
"2024-09-12 23:00";"0,301";"10,4";"0,169";"14,9"
"2024-09-13 00:00";"0,273";"9,1";"0,175";"12,8"
"2024-09-13 01:00";"0,209";"8,3";"0,175";"12,000"
"2024-09-13 02:00";"1,202";"7,8";"1,163";"11,9"
"2024-09-13 03:00";"1,234";"7,2";"1,183";"11,7"
"2024-09-13 04:00";"1,032";"6,8";"0,891";"11,5"
"2024-09-13 05:00";"0,234";"7,1";"0,176";"12,4"
"2024-09-13 06:00";"0,249";"7,1";"0,168";"12,8"
"2024-09-13 07:00";"0,305";"7,6";"0,243";"12,8"
"2024-09-13 08:00";"0,239";"9,5";"0,18";"13,3"
"2024-09-13 09:00";"0,269";"11,1";"0,176";"13,3"
"2024-09-13 10:00";"0,4";"12,8";"0,177";"13,6"
"2024-09-13 11:00";"0,32";"14,5";"0,175";"14,1"
"2024-09-13 12:00";"0,265";"15,6";"0,176";"14,9"
"2024-09-13 13:00";"0,539";"15,7";"0,17";"16,2"
"2024-09-13 14:00";"0,236";"15,9";"0,165";"17,8"
"2024-09-13 15:00";"0,219";"15,6";"0,173";"18,5"
"2024-09-13 16:00";"0,287";"15,2";"0,175";"19,000"
"2024-09-13 17:00";"0,279";"15,1";"0,263";"18,000"
"2024-09-13 18:00";"0,367";"14,5";"0,204";"17,2"
"2024-09-13 19:00";"0,28";"13,4";"0,19";"16,8"
"2024-09-13 20:00";"0,242";"12,1";"0,2";"16,2"
"2024-09-13 21:00";"0,276";"10,9";"0,184";"15,3"
"2024-09-13 22:00";"0,308";"10,3";"0,191";"13,7"
"2024-09-13 23:00";"0,253";"9,7";"0,212";"12,4"
"2024-09-14 00:00";"0,261";"9,1";"0,214";"12,2"
"2024-09-14 01:00";"0,229";"8,7";"0,238";"11,4"
"2024-09-14 02:00";"1,201";"8,3";"1,2";"9,3"
"2024-09-14 03:00";"1,22";"8,6";"1,229";"8,3"
"2024-09-14 04:00";"0,244";"7,5";"0,527";"7,2"
"2024-09-14 05:00";"0,273";"6,9";"0,408";"5,3"
"2024-09-14 06:00";"0,247";"5,7";"0,472";"4,6"
"2024-09-14 07:00";"0,279";"5,4";"0,491";"4,6"
"2024-09-14 08:00";"0,293";"7,000";"0,438";"4,6"
"2024-09-14 09:00";"0,312";"9,8";"0,318";"6,8"
"2024-09-14 10:00";"0,405";"12,3";"0,188";"11,1"
"2024-09-14 11:00";"0,247";"14,3";"0,168";"15,4"
"2024-09-14 12:00";"0,738";"15,7";"0,18";"16,6"
"2024-09-14 13:00";"0,459";"16,6";"0,183";"17,2"
"2024-09-14 14:00";"0,849";"17,1";"0,232";"18,7"
"2024-09-14 15:00";"0,254";"17,2";"0,23";"18,3"
"2024-09-14 16:00";"0,62";"17,1";"0,206";"18,3"
"2024-09-14 17:00";"0,834";"16,5";"0,196";"18,3"
"2024-09-14 18:00";"0,631";"15,7";"0,183";"18,1"
"2024-09-14 19:00";"0,374";"14,6";"0,187";"16,7"
"2024-09-14 20:00";"1,011";"12,7";"1,887";"14,1"
"2024-09-14 21:00";"0,568";"11,7";"2,424";"12,5"
"2024-09-14 22:00";"0,543";"10,9";"2,357";"11,6"
"2024-09-14 23:00";"0,452";"10,2";"2,377";"12,3"
"2024-09-15 00:00";"0,261";"9,4";"1,741";"11,9"
"2024-09-15 01:00";"0,272";"9,000";"0,504";"9,1"
"2024-09-15 02:00";"1,226";"9,000";"1,197";"8,5"
"2024-09-15 03:00";"1,256";"8,5";"1,032";"8,3"
"2024-09-15 04:00";"1,273";"7,8";"0,21";"7,4"
"2024-09-15 05:00";"0,584";"6,9";"0,218";"6,8"
"2024-09-15 06:00";"0,281";"6,4";"0,262";"7,1"
"2024-09-15 07:00";"0,293";"6,3";"0,279";"8,5"
"2024-09-15 08:00";"0,272";"7,000";"0,195";"10,3"
"2024-09-15 09:00";"0,361";"8,7";"0,179";"12,5"
"2024-09-15 10:00";"0,264";"11,1";"0,174";"16,3"
"2024-09-15 11:00";"0,239";"13,8";"0,175";"17,000"
"2024-09-15 12:00";"0,786";"15,9";"0,173";"17,9"
"2024-09-15 13:00";"0,284";"17,2";"0,164";"18,1"
"2024-09-15 14:00";"0,257";"18,000";"0,168";"18,8"
"2024-09-15 15:00";"0,282";"18,3";"0,174";"19,2"
"2024-09-15 16:00";"0,417";"18,8";"0,185";"19,4"
"2024-09-15 17:00";"0,242";"19,000";"0,608";"19,1"
"2024-09-15 18:00";"0,788";"17,8";"0,377";"18,2"
"2024-09-15 19:00";"0,381";"16,2";"0,649";"17,1"
"2024-09-15 20:00";"0,375";"13,9";"0,426";"15,1"
"2024-09-15 21:00";"0,378";"12,4";"0,884";"14,4"
"2024-09-15 22:00";"0,257";"11,5";"0,231";"13,8"
"2024-09-15 23:00";"0,241";"11,1";"0,217";"13,4"
"2024-09-16 00:00";"0,216";"9,3";"0,211";"13,6"
"2024-09-16 01:00";"0,249";"8,2";"0,201";"13,6"
"2024-09-16 02:00";"1,2";"8,8";"1,187";"13,4"
"2024-09-16 03:00";"0,956";"8,3";"1,153";"13,2"
"2024-09-16 04:00";"0,256";"7,5";"0,217";"13,000"
"2024-09-16 05:00";"0,243";"6,3";"0,213";"13,000"
"2024-09-16 06:00";"0,255";"7,1";"0,199";"14,000"
"2024-09-16 07:00";"0,271";"7,7";"0,24";"14,9"
"2024-09-16 08:00";"0,289";"8,6";"0,565";"15,5"
"2024-09-16 09:00";"0,31";"10,000";"0,273";"16,8"
"2024-09-16 10:00";"0,407";"10,4";"0,757";"18,000"
"2024-09-16 11:00";"0,348";"13,3";"0,183";"19,2"
"2024-09-16 12:00";"0,706";"14,8";"0,658";"19,000"
"2024-09-16 13:00";"0,257";"15,3";"0,175";"19,9"
"2024-09-16 14:00";"1,354";"15,9";"0,176";"20,7"
"2024-09-16 15:00";"0,292";"16,2";"0,176";"21,1"
"2024-09-16 16:00";"0,537";"16,8";"0,174";"21,2"
"2024-09-16 17:00";"0,445";"16,7";"0,174";"20,5"
"2024-09-16 18:00";"0,262";"16,6";"0,183";"19,8"
"2024-09-16 19:00";"0,276";"16,4";"0,198";"18,4"
"2024-09-16 20:00";"0,323";"16,2";"0,179";"16,7"
"2024-09-16 21:00";"0,224";"15,6";"0,171";"15,8"
"2024-09-16 22:00";"0,187";"14,6";"0,177";"15,4"
"2024-09-16 23:00";"0,212";"14,4";"0,188";"15,2"
"2024-09-17 00:00";"0,214";"14,2";"0,195";"14,7"
"2024-09-17 01:00";"0,207";"13,6";"0,185";"14,5"
"2024-09-17 02:00";"1,187";"13,9";"1,022";"14,3"
"2024-09-17 03:00";"0,66";"14,000";"0,197";"13,9"
"2024-09-17 04:00";"0,219";"13,9";"0,196";"13,7"
"2024-09-17 05:00";"0,231";"14,000";"0,202";"14,4"
"2024-09-17 06:00";"0,223";"14,1";"0,196";"14,7"
"2024-09-17 07:00";"0,267";"14,000";"0,175";"14,9"
"2024-09-17 08:00";"0,283";"14,000";"0,171";"15,2"
"2024-09-17 09:00";"0,313";"14,6";"0,177";"15,9"
"2024-09-17 10:00";"0,349";"15,4";"0,208";"17,8"
"2024-09-17 11:00";"0,287";"15,6";"0,223";"19,000"
"2024-09-17 12:00";"0,309";"15,9";"1,056";"21,1"
"2024-09-17 13:00";"0,312";"16,7";"0,217";"22,7"
"2024-09-17 14:00";"0,498";"18,3";"0,258";"23,000"
"2024-09-17 15:00";"0,324";"18,8";"0,677";"22,7"
"2024-09-17 16:00";"0,283";"18,6";"0,22";"22,5"
"2024-09-17 17:00";"0,273";"18,2";"0,223";"21,9"
"2024-09-17 18:00";"0,273";"17,7";"0,251";"21,1"
"2024-09-17 19:00";"0,643";"17,1";"0,228";"19,6"
"2024-09-17 20:00";"0,252";"15,7";"0,215";"17,8"
"2024-09-17 21:00";"0,229";"14,5";"0,196";"16,5"
"2024-09-17 22:00";"0,223";"13,8";"0,185";"15,5"
"2024-09-17 23:00";"0,199";"13,5";"0,19";"15,3"
"2024-09-18 00:00";"0,224";"12,8";"0,195";"15,3"
"2024-09-18 01:00";"0,206";"12,5";"0,196";"15,4"
"2024-09-18 02:00";"1,176";"12,8";"1,175";"16,000"
"2024-09-18 03:00";"0,725";"12,6";"1,19";"16,4"
"2024-09-18 04:00";"0,202";"13,3";"0,969";"16,4"
"2024-09-18 05:00";"0,227";"13,000";"0,183";"16,7"
"2024-09-18 06:00";"0,264";"13,000";"0,194";"16,7"
"2024-09-18 07:00";"0,226";"12,4";"0,219";"16,5"
"2024-09-18 08:00";"0,28";"12,1";"0,199";"16,5"
"2024-09-18 09:00";"0,399";"12,1";"0,196";"17,1"
"2024-09-18 10:00";"0,332";"12,5";"0,184";"17,9"
"2024-09-18 11:00";"0,8";"13,5";"0,17";"19,1"
"2024-09-18 12:00";"0,562";"14,5";"0,181";"20,7"
"2024-09-18 13:00";"0,278";"15,7";"0,186";"22,3"
"2024-09-18 14:00";"0,276";"16,8";"0,266";"23,3"
"2024-09-18 15:00";"0,278";"17,2";"0,267";"22,9"
"2024-09-18 16:00";"0,297";"18,1";"0,287";"23,1"
"2024-09-18 17:00";"0,291";"17,9";"0,288";"22,6"
"2024-09-18 18:00";"0,272";"17,5";"0,285";"20,000"
"2024-09-18 19:00";"0,362";"17,2";"0,674";"17,8"
"2024-09-18 20:00";"0,429";"15,3";"0,587";"17,000"
"2024-09-18 21:00";"0,794";"13,9";"0,209";"16,5"
"2024-09-18 22:00";"0,888";"13,1";"0,709";"16,3"
"2024-09-18 23:00";"0,355";"12,9";"0,171";"16,7"
"2024-09-19 00:00";"0,294";"13,7";"0,17";"16,6"
"2024-09-19 01:00";"0,227";"13,4";"0,67";"16,5"
"2024-09-19 02:00";"1,178";"12,2";"0,67";"15,8"
"2024-09-19 03:00";"1,197";"11,1";"0,385";"15,9"
"2024-09-19 04:00";"0,239";"10,2";"0,16";"16,6"
"2024-09-19 05:00";"0,222";"9,7";"0,169";"17,3"
"2024-09-19 06:00";"0,294";"8,9";"0,17";"16,8"
"2024-09-19 07:00";"0,282";"9,7";"0,199";"16,6"
"2024-09-19 08:00";"0,333";"10,1";"0,171";"16,4"
"2024-09-19 09:00";"0,365";"12,5";"0,168";"16,4"
"2024-09-19 10:00";"0,328";"14,8";"0,164";"15,9"
"2024-09-19 11:00";"0,291";"16,5";"0,168";"16,8"
"2024-09-19 12:00";"0,308";"17,9";"0,177";"14,6"
"2024-09-19 13:00";"0,304";"18,5";"0,177";"16,1"
"2024-09-19 14:00";"0,24";"19,000";"0,185";"14,5"
"2024-09-19 15:00";"0,305";"18,5";"0,198";"16,1"
"2024-09-19 16:00";"0,287";"18,2";"0,344";"15,6"
"2024-09-19 17:00";"0,327";"18,6";"0,529";"15,5"
"2024-09-19 18:00";"0,295";"18,1";"0,195";"16,4"
"2024-09-19 19:00";"0,366";"17,2";"0,2";"16,000"
"2024-09-19 20:00";"0,46";"16,1";"0,202";"16,5"
"2024-09-19 21:00";"0,191";"15,7";"0,198";"17,3"
"2024-09-19 22:00";"0,171";"15,8";"0,186";"17,4"
"2024-09-19 23:00";"0,178";"15,9";"0,173";"17,2"
"2024-09-20 00:00";"0,186";"15,4";"0,161";"17,000"
"2024-09-20 01:00";"0,179";"14,8";"0,166";"17,2"
"2024-09-20 02:00";"1,172";"14,5";"1,168";"17,4"
"2024-09-20 03:00";"0,528";"14,6";"0,945";"17,3"
"2024-09-20 04:00";"0,197";"14,4";"0,173";"17,2"
"2024-09-20 05:00";"0,211";"14,3";"0,165";"17,000"
"2024-09-20 06:00";"0,214";"14,2";"0,16";"15,7"
"2024-09-20 07:00";"0,271";"14,1";"0,205";"15,1"
"2024-09-20 08:00";"0,266";"14,1";"0,189";"16,000"
"2024-09-20 09:00";"0,246";"14,8";"0,177";"16,4"
"2024-09-20 10:00";"0,236";"16,000";"0,177";"16,1"
"2024-09-20 11:00";"0,28";"17,7";"0,168";"15,9"
"2024-09-20 12:00";"0,276";"19,4";"0,172";"17,2"
"2024-09-20 13:00";"0,242";"20,6";"0,181";"17,7"
"2024-09-20 14:00";"0,459";"22,000";"0,18";"18,6"
"2024-09-20 15:00";"0,231";"22,7";"0,186";"19,6"
"2024-09-20 16:00";"0,21";"22,9";"0,185";"19,8"
"2024-09-20 17:00";"0,249";"22,7";"0,182";"19,3"
"2024-09-20 18:00";"0,418";"22,1";"0,201";"18,8"
"2024-09-20 19:00";"0,445";"20,3";"0,289";"18,9"
"2024-09-20 20:00";"0,456";"18,2";"0,208";"17,5"
"2024-09-20 21:00";"0,464";"17,000";"0,19";"16,5"
"2024-09-20 22:00";"0,479";"15,3";"0,168";"16,5"
"2024-09-20 23:00";"0,5";"12,2";"0,164";"15,9"
"2024-09-21 00:00";"0,316";"11,2";"0,173";"15,9"
"2024-09-21 01:00";"0,294";"11,3";"0,172";"15,7"
"2024-09-21 02:00";"1,165";"12,4";"1,165";"16,2"
"2024-09-21 03:00";"1,233";"11,4";"1,161";"15,6"
"2024-09-21 04:00";"1,235";"11,5";"0,172";"14,9"
"2024-09-21 05:00";"1,239";"10,4";"0,172";"14,3"
"2024-09-21 06:00";"0,488";"10,000";"0,172";"14,1"
"2024-09-21 07:00";"0,301";"8,7";"0,195";"13,8"
"2024-09-21 08:00";"0,256";"9,1";"0,166";"14,1"
"2024-09-21 09:00";"0,31";"11,9";"0,157";"16,8"
"2024-09-21 10:00";"0,312";"16,8";"0,174";"19,5"
"2024-09-21 11:00";"0,338";"18,7";"0,177";"21,2"
"2024-09-21 12:00";"0,27";"20,4";"0,178";"22,6"
"2024-09-21 13:00";"0,459";"21,6";"0,178";"23,6"
"2024-09-21 14:00";"0,22";"22,5";"0,251";"23,9"
"2024-09-21 15:00";"0,184";"22,9";"0,337";"23,8"
"2024-09-21 16:00";"0,243";"23,2";"0,189";"23,6"
"2024-09-21 17:00";"0,273";"22,7";"0,189";"22,9"
"2024-09-21 18:00";"0,257";"22,1";"0,199";"21,1"
"2024-09-21 19:00";"0,255";"19,5";"0,198";"19,8"
"2024-09-21 20:00";"0,263";"17,3";"0,199";"19,2"
"2024-09-21 21:00";"0,261";"17,2";"0,182";"18,9"
"2024-09-21 22:00";"0,274";"16,2";"0,174";"18,5"
"2024-09-21 23:00";"0,278";"15,3";"0,167";"19,000"
"2024-09-22 00:00";"0,285";"14,6";"0,163";"18,6"
"2024-09-22 01:00";"0,297";"14,5";"0,171";"18,4"
"2024-09-22 02:00";"1,156";"14,2";"1,174";"18,3"
"2024-09-22 03:00";"0,229";"14,3";"0,98";"18,2"
"2024-09-22 04:00";"0,266";"14,3";"0,174";"18,2"
"2024-09-22 05:00";"0,27";"14,2";"0,172";"17,8"
"2024-09-22 06:00";"0,243";"14,2";"0,165";"17,7"
"2024-09-22 07:00";"0,248";"13,9";"0,213";"17,1"
"2024-09-22 08:00";"0,214";"13,9";"0,173";"17,000"
"2024-09-22 09:00";"0,166";"15,4";"0,173";"16,000"
"2024-09-22 10:00";"0,189";"17,5";"0,173";"15,1"
"2024-09-22 11:00";"0,185";"18,6";"0,177";"15,8"
"2024-09-22 12:00";"0,816";"19,7";"0,167";"17,000"
"2024-09-22 13:00";"0,769";"20,1";"0,165";"17,3"
"2024-09-22 14:00";"0,181";"20,7";"0,201";"17,3"
"2024-09-22 15:00";"0,159";"21,000";"0,205";"17,5"
"2024-09-22 16:00";"0,179";"20,7";"0,206";"17,5"
"2024-09-22 17:00";"0,18";"20,2";"0,531";"17,3"
"2024-09-22 18:00";"0,304";"19,5";"0,37";"17,000"
"2024-09-22 19:00";"0,267";"18,2";"0,263";"16,4"
"2024-09-22 20:00";"0,261";"16,9";"0,28";"15,8"
"2024-09-22 21:00";"0,197";"16,000";"0,256";"14,7"
"2024-09-22 22:00";"0,189";"15,6";"0,198";"13,000"
"2024-09-22 23:00";"0,202";"15,4";"0,192";"12,2"
"2024-09-23 00:00";"0,197";"15,2";"0,208";"11,8"
"2024-09-23 01:00";"0,194";"14,9";"0,209";"11,7"
"2024-09-23 02:00";"1,165";"14,7";"1,198";"11,4"
"2024-09-23 03:00";"1,197";"14,8";"0,542";"10,9"
"2024-09-23 04:00";"1,204";"14,5";"0,215";"10,5"
"2024-09-23 05:00";"0,417";"14,3";"0,219";"9,9"
"2024-09-23 06:00";"0,387";"13,5";"0,227";"9,1"
"2024-09-23 07:00";"0,33";"12,8";"0,212";"8,4"
"2024-09-23 08:00";"0,285";"12,7";"0,255";"8,2"
"2024-09-23 09:00";"0,234";"14,3";"0,37";"9,2"
"2024-09-23 10:00";"0,329";"16,1";"0,28";"13,9"
"2024-09-23 11:00";"0,23";"18,2";"0,45";"16,000"
"2024-09-23 12:00";"0,218";"19,8";"1,426";"13,7"
"2024-09-23 13:00";"0,898";"21,7";"0,345";"11,000"
"2024-09-23 14:00";"0,28";"22,7";"0,188";"13,7"
"2024-09-23 15:00";"0,863";"23,000";"0,194";"14,7"
"2024-09-23 16:00";"0,201";"22,9";"0,198";"15,7"
"2024-09-23 17:00";"0,245";"22,5";"0,287";"15,4"
"2024-09-23 18:00";"0,261";"21,5";"2,026";"15,3"
"2024-09-23 19:00";"0,387";"18,6";"1,369";"15,000"
"2024-09-23 20:00";"0,242";"16,7";"0,907";"13,6"
"2024-09-23 21:00";"0,2";"15,7";"0,229";"13,7"
"2024-09-23 22:00";"0,196";"15,3";"0,217";"14,3"
"2024-09-23 23:00";"0,175";"15,5";"0,212";"14,2"
"2024-09-24 00:00";"0,194";"15,2";"0,219";"13,9"
"2024-09-24 01:00";"0,203";"15,2";"0,215";"12,5"
"2024-09-24 02:00";"1,179";"15,2";"1,031";"12,000"
"2024-09-24 03:00";"1,116";"15,000";"0,214";"12,1"
"2024-09-24 04:00";"0,237";"15,1";"0,224";"11,7"
"2024-09-24 05:00";"0,23";"14,8";"0,237";"11,6"
"2024-09-24 06:00";"0,241";"14,9";"0,241";"11,5"
"2024-09-24 07:00";"0,294";"14,9";"0,227";"11,5"
"2024-09-24 08:00";"0,247";"15,3";"0,218";"12,000"
"2024-09-24 09:00";"0,254";"16,4";"0,216";"12,9"
"2024-09-24 10:00";"0,301";"16,8";"0,228";"13,9"
"2024-09-24 11:00";"0,294";"16,8";"0,182";"14,8"
"2024-09-24 12:00";"0,234";"16,2";"0,772";"15,6"
"2024-09-24 13:00";"0,275";"15,9";"0,222";"15,8"
"2024-09-24 14:00";"0,284";"16,5";"0,182";"15,9"
"2024-09-24 15:00";"0,255";"17,7";"0,255";"16,3"
"2024-09-24 16:00";"0,318";"17,7";"0,185";"16,7"
"2024-09-24 17:00";"0,249";"17,4";"0,189";"17,1"
"2024-09-24 18:00";"0,245";"16,4";"0,223";"16,9"
"2024-09-24 19:00";"0,465";"15,6";"0,218";"15,6"
"2024-09-24 20:00";"0,32";"14,4";"0,222";"12,4"
"2024-09-24 21:00";"0,239";"13,8";"0,206";"11,2"
"2024-09-24 22:00";"0,233";"13,9";"0,213";"10,9"
"2024-09-24 23:00";"0,225";"13,5";"0,199";"10,8"
"2024-09-25 00:00";"0,258";"13,3";"0,206";"10,5"
"2024-09-25 01:00";"0,229";"14,3";"0,212";"10,4"
"2024-09-25 02:00";"1,169";"13,9";"1,202";"9,6"
"2024-09-25 03:00";"1,21";"14,3";"0,721";"9,2"
"2024-09-25 04:00";"0,805";"14,8";"0,206";"9,1"
"2024-09-25 05:00";"0,211";"14,9";"0,222";"9,2"
"2024-09-25 06:00";"0,236";"14,8";"0,219";"9,3"
"2024-09-25 07:00";"0,285";"15,000";"0,207";"9,5"
"2024-09-25 08:00";"0,224";"14,6";"0,214";"10,6"
"2024-09-25 09:00";"0,326";"14,8";"0,205";"13,3"
"2024-09-25 10:00";"0,286";"15,2";"0,184";"15,5"
"2024-09-25 11:00";"0,363";"14,7";"0,186";"16,5"
"2024-09-25 12:00";"0,338";"13,6";"0,173";"17,1"
"2024-09-25 13:00";"0,31";"14,6";"0,2";"17,2"
"2024-09-25 14:00";"0,276";"15,5";"0,184";"17,4"
"2024-09-25 15:00";"0,235";"15,2";"0,186";"17,7"
"2024-09-25 16:00";"0,248";"15,2";"0,178";"17,9"
"2024-09-25 17:00";"0,326";"13,8";"0,176";"17,6"
"2024-09-25 18:00";"0,332";"13,6";"0,279";"16,6"
"2024-09-25 19:00";"0,345";"13,9";"0,22";"15,3"
"2024-09-25 20:00";"0,255";"13,9";"0,213";"14,1"
"2024-09-25 21:00";"0,301";"13,8";"0,191";"13,2"
"2024-09-25 22:00";"0,258";"13,6";"0,198";"12,4"
"2024-09-25 23:00";"0,258";"12,5";"0,2";"11,6"
"2024-09-26 00:00";"0,265";"12,3";"0,202";"11,1"
"2024-09-26 01:00";"0,249";"11,8";"0,187";"10,1"
"2024-09-26 02:00";"1,259";"11,4";"1,191";"9,4"
"2024-09-26 03:00";"0,505";"11,000";"0,965";"9,2"
"2024-09-26 04:00";"0,273";"10,3";"0,209";"9,000"
"2024-09-26 05:00";"0,281";"10,1";"0,206";"8,6"
"2024-09-26 06:00";"0,263";"10,2";"0,219";"8,000"
"2024-09-26 07:00";"0,271";"11,000";"0,249";"7,9"
"2024-09-26 08:00";"0,313";"11,8";"0,222";"8,1"
"2024-09-26 09:00";"0,346";"12,3";"0,204";"11,4"
"2024-09-26 10:00";"0,379";"13,000";"0,179";"13,6"
"2024-09-26 11:00";"0,451";"14,000";"0,192";"16,5"
"2024-09-26 12:00";"0,33";"14,6";"0,193";"19,2"
"2024-09-26 13:00";"0,243";"14,5";"0,191";"19,8"
"2024-09-26 14:00";"0,233";"14,4";"0,177";"20,6"
"2024-09-26 15:00";"0,246";"14,3";"0,188";"19,8"
"2024-09-26 16:00";"0,239";"14,4";"0,311";"19,2"
"2024-09-26 17:00";"0,757";"14,8";"0,772";"18,9"
"2024-09-26 18:00";"0,395";"15,3";"0,205";"18,4"
"2024-09-26 19:00";"0,334";"15,8";"0,208";"17,000"
"2024-09-26 20:00";"0,637";"16,2";"0,213";"16,4"
"2024-09-26 21:00";"0,348";"16,000";"0,212";"16,000"
"2024-09-26 22:00";"0,225";"16,000";"0,189";"15,2"
"2024-09-26 23:00";"0,248";"15,6";"0,19";"14,4"
"2024-09-27 00:00";"0,256";"15,3";"0,204";"13,6"
"2024-09-27 01:00";"0,24";"15,2";"0,198";"12,7"
"2024-09-27 02:00";"1,238";"15,3";"1,187";"12,3"
"2024-09-27 03:00";"0,708";"15,3";"1,195";"12,5"
"2024-09-27 04:00";"0,255";"15,2";"0,217";"12,4"
"2024-09-27 05:00";"0,26";"15,4";"0,223";"11,6"
"2024-09-27 06:00";"0,262";"13,9";"0,215";"11,000"
"2024-09-27 07:00";"0,319";"14,2";"0,206";"10,2"
"2024-09-27 08:00";"0,295";"14,2";"0,233";"9,3"
"2024-09-27 09:00";"0,304";"14,3";"0,219";"9,6"
"2024-09-27 10:00";"0,282";"14,8";"0,211";"10,9"
"2024-09-27 11:00";"0,294";"15,2";"0,185";"15,8"
"2024-09-27 12:00";"0,362";"15,3";"0,197";"20,2"
"2024-09-27 13:00";"0,444";"15,6";"0,197";"21,4"
"2024-09-27 14:00";"0,411";"15,6";"0,204";"22,2"
"2024-09-27 15:00";"0,284";"15,4";"0,196";"22,5"
"2024-09-27 16:00";"0,254";"15,000";"0,397";"21,3"
"2024-09-27 17:00";"0,269";"15,000";"0,204";"21,000"
"2024-09-27 18:00";"1,018";"13,9";"0,182";"20,1"
"2024-09-27 19:00";"1,014";"14,6";"0,175";"18,2"
"2024-09-27 20:00";"0,438";"14,6";"0,18";"15,9"
"2024-09-27 21:00";"0,984";"13,8";"0,181";"14,8"
"2024-09-27 22:00";"0,263";"14,000";"0,599";"14,5"
"2024-09-27 23:00";"0,24";"14,000";"0,649";"13,8"
"2024-09-28 00:00";"0,248";"12,4";"0,267";"13,6"
"2024-09-28 01:00";"0,258";"12,7";"0,163";"13,5"
"2024-09-28 02:00";"1,233";"11,9";"1,187";"13,6"
"2024-09-28 03:00";"1,189";"11,5";"0,668";"13,3"
"2024-09-28 04:00";"0,255";"10,9";"0,178";"13,4"
"2024-09-28 05:00";"0,281";"10,7";"0,166";"13,8"
"2024-09-28 06:00";"0,295";"10,6";"0,167";"14,7"
"2024-09-28 07:00";"0,328";"9,9";"0,209";"14,4"
"2024-09-28 08:00";"0,318";"10,9";"0,19";"14,3"
"2024-09-28 09:00";"0,317";"11,2";"0,183";"15,1"
"2024-09-28 10:00";"0,318";"11,3";"0,181";"17,5"
"2024-09-28 11:00";"0,309";"11,2";"0,17";"19,4"
"2024-09-28 12:00";"1,313";"11,7";"0,186";"20,7"
"2024-09-28 13:00";"0,427";"10,9";"0,184";"20,6"
"2024-09-28 14:00";"0,33";"11,8";"0,185";"20,7"
"2024-09-28 15:00";"0,379";"11,9";"0,219";"21,5"
"2024-09-28 16:00";"0,34";"11,6";"0,212";"21,9"
"2024-09-28 17:00";"0,383";"11,2";"0,376";"21,1"
"2024-09-28 18:00";"0,759";"11,7";"0,175";"20,000"
"2024-09-28 19:00";"0,432";"11,3";"0,171";"18,1"
"2024-09-28 20:00";"0,559";"11,000";"0,216";"17,5"
"2024-09-28 21:00";"0,556";"10,8";"0,189";"17,000"
"2024-09-28 22:00";"0,516";"10,7";"0,181";"16,3"
"2024-09-28 23:00";"0,394";"10,5";"0,176";"15,2"
"2024-09-29 00:00";"0,377";"10,000";"0,179";"13,1"
"2024-09-29 01:00";"0,408";"10,000";"0,191";"12,1"
"2024-09-29 02:00";"1,214";"9,7";"1,193";"11,2"
"2024-09-29 03:00";"0,428";"9,4";"1,197";"11,1"
"2024-09-29 04:00";"0,444";"9,1";"1,195";"12,1"
"2024-09-29 05:00";"0,454";"8,9";"0,948";"12,2"
"2024-09-29 06:00";"0,49";"9,000";"0,183";"12,7"
"2024-09-29 07:00";"0,506";"8,9";"0,254";"13,3"
"2024-09-29 08:00";"0,5";"8,6";"0,178";"13,8"
"2024-09-29 09:00";"1,116";"9,8";"0,175";"14,2"
"2024-09-29 10:00";"0,98";"10,8";"0,161";"15,1"
"2024-09-29 11:00";"0,895";"11,5";"0,174";"16,1"
"2024-09-29 12:00";"1,672";"12,2";"0,178";"17,3"
"2024-09-29 13:00";"1,428";"12,6";"0,176";"18,7"
"2024-09-29 14:00";"0,766";"13,1";"0,18";"19,8"
"2024-09-29 15:00";"0,74";"12,8";"0,179";"19,6"
"2024-09-29 16:00";"0,854";"12,9";"0,844";"17,9"
"2024-09-29 17:00";"0,906";"13,1";"0,213";"17,5"
"2024-09-29 18:00";"0,794";"12,5";"0,217";"17,1"
"2024-09-29 19:00";"0,819";"11,1";"0,229";"15,8"
"2024-09-29 20:00";"0,833";"8,7";"0,279";"15,6"
"2024-09-29 21:00";"0,822";"7,4";"0,228";"16,000"
"2024-09-29 22:00";"0,792";"6,4";"0,184";"15,4"
"2024-09-29 23:00";"0,783";"6,7";"0,174";"14,6"
"2024-09-30 00:00";"0,818";"6,4";"0,189";"14,1"
"2024-09-30 01:00";"0,815";"6,4";"0,204";"13,5"
"2024-09-30 02:00";"1,651";"6,4";"1,2";"13,1"
"2024-09-30 03:00";"0,828";"6,4";"1,192";"12,9"
"2024-09-30 04:00";"0,839";"6,5";"1,213";"12,7"
"2024-09-30 05:00";"0,879";"6,3";"1,206";"12,6"
"2024-09-30 06:00";"0,854";"6,8";"1,198";"13,1"
"2024-09-30 07:00";"0,936";"7,2";"0,212";"13,2"
"2024-09-30 08:00";"0,885";"7,7";"0,191";"13,1"
"2024-09-30 09:00";"0,851";"9,4";"0,227";"13,7"
"2024-09-30 10:00";"0,776";"11,1";"0,288";"14,3"
"2024-09-30 11:00";"0,94";"12,2";"0,211";"15,1"
"2024-09-30 12:00";"1,046";"13,4";"1,023";"15,9"
"2024-09-30 13:00";"0,954";"13,9";"0,873";"16,6"
"2024-09-30 14:00";"0,924";"14,5";"0,636";"17,000"
"2024-09-30 15:00";"0,976";"13,7";"0,196";"16,4"
"2024-09-30 16:00";"0,956";"13,000";"0,331";"16,6"
"2024-09-30 17:00";"1,037";"13,1";"0,194";"16,6"
"2024-09-30 18:00";"1,075";"12,7";"0,185";"16,000"
"2024-09-30 19:00";"1,137";"11,8";"0,227";"15,1"
"2024-09-30 20:00";"0,926";"10,7";"0,221";"14,3"
"2024-09-30 21:00";"0,869";"10,5";"0,233";"14,000"
"2024-09-30 22:00";"0,878";"10,5";"0,215";"13,8"
"2024-09-30 23:00";"0,849";"10,6";"0,2";"13,7"
"2024-10-01 00:00";"0,858";"11,3";"0,222";"13,3"
"2024-10-01 01:00";"0,87";"11,8";"0,209";"13,5"
"2024-10-01 02:00";"1,877";"11,9";"1,219";"12,9"
"2024-10-01 03:00";"1,531";"11,8";"0,507";"12,9"
"2024-10-01 04:00";"0,867";"11,2";"0,209";"12,9"
"2024-10-01 05:00";"0,914";"10,8";"0,225";"12,8"
"2024-10-01 06:00";"0,922";"10,3";"0,225";"12,9"
"2024-10-01 07:00";"0,903";"9,8";"0,225";"12,5"
"2024-10-01 08:00";"0,977";"9,4";"0,236";"12,5"
"2024-10-01 09:00";"0,944";"10,000";"0,212";"13,4"
"2024-10-01 10:00";"0,847";"11,6";"0,214";"13,8"
"2024-10-01 11:00";"0,844";"12,5";"0,209";"14,8"
"2024-10-01 12:00";"0,81";"13,000";"1,193";"15,1"
"2024-10-01 13:00";"0,916";"12,8";"0,271";"15,7"
"2024-10-01 14:00";"0,94";"13,2";"0,194";"15,9"
"2024-10-01 15:00";"0,879";"13,2";"0,196";"15,7"
"2024-10-01 16:00";"0,927";"12,8";"0,183";"16,1"
"2024-10-01 17:00";"0,873";"12,5";"0,209";"15,9"
"2024-10-01 18:00";"0,891";"12,1";"0,219";"15,7"
"2024-10-01 19:00";"0,916";"10,9";"0,22";"15,5"
"2024-10-01 20:00";"0,922";"9,7";"0,206";"15,2"
"2024-10-01 21:00";"0,834";"8,8";"0,207";"15,000"
"2024-10-01 22:00";"0,862";"8,2";"0,205";"14,8"
"2024-10-01 23:00";"0,872";"7,4";"0,201";"13,7"
"2024-10-02 00:00";"0,875";"6,9";"0,202";"12,8"
"2024-10-02 01:00";"0,894";"6,5";"0,188";"11,8"
"2024-10-02 02:00";"1,888";"6,000";"0,978";"11,5"
"2024-10-02 03:00";"1,739";"5,8";"0,21";"11,4"
"2024-10-02 04:00";"0,974";"5,5";"0,198";"11,3"
"2024-10-02 05:00";"0,966";"5,2";"0,188";"11,2"
"2024-10-02 06:00";"1,011";"5,1";"0,199";"11,000"
"2024-10-02 07:00";"1,009";"5,000";"0,234";"11,1"
"2024-10-02 08:00";"1,036";"4,6";"0,206";"11,3"
"2024-10-02 09:00";"0,99";"4,8";"0,178";"11,3"
"2024-10-02 10:00";"0,923";"6,5";"0,179";"11,6"
"2024-10-02 11:00";"0,967";"8,3";"0,181";"11,7"
"2024-10-02 12:00";"1,019";"8,5";"0,176";"13,7"
"2024-10-02 13:00";"1,074";"10,3";"0,181";"15,7"
"2024-10-02 14:00";"0,948";"11,8";"0,184";"15,9"
"2024-10-02 15:00";"0,84";"12,3";"0,19";"16,3"
"2024-10-02 16:00";"0,959";"11,9";"0,176";"16,4"
"2024-10-02 17:00";"0,936";"11,5";"0,181";"16,8"
"2024-10-02 18:00";"0,913";"11,2";"0,219";"14,9"
"2024-10-02 19:00";"0,993";"10,8";"0,226";"13,000"
"2024-10-02 20:00";"0,931";"9,7";"0,199";"12,3"
"2024-10-02 21:00";"0,907";"9,1";"0,177";"12,3"
"2024-10-02 22:00";"0,88";"8,6";"0,182";"12,5"
"2024-10-02 23:00";"0,863";"8,2";"0,185";"12,4"
"2024-10-03 00:00";"0,872";"8,5";"0,174";"12,1"
"2024-10-03 01:00";"0,883";"8,7";"0,189";"11,5"
"2024-10-03 02:00";"1,887";"8,7";"1,194";"11,2"
"2024-10-03 03:00";"1,373";"8,5";"0,644";"10,9"
"2024-10-03 04:00";"0,91";"8,1";"0,186";"11,000"
"2024-10-03 05:00";"0,913";"7,6";"0,191";"11,2"
"2024-10-03 06:00";"1,053";"7,3";"0,195";"11,2"
"2024-10-03 07:00";"0,98";"6,8";"0,221";"11,3"
"2024-10-03 08:00";"1,000";"6,2";"0,182";"11,3"
"2024-10-03 09:00";"1,01";"6,2";"0,182";"11,5"
"2024-10-03 10:00";"0,973";"7,4";"0,175";"11,8"
"2024-10-03 11:00";"0,976";"9,5";"0,175";"16,2"
"2024-10-03 12:00";"0,946";"11,5";"0,163";"18,6"
"2024-10-03 13:00";"0,905";"12,9";"0,181";"18,5"
"2024-10-03 14:00";"0,903";"13,7";"0,177";"17,1"
"2024-10-03 15:00";"0,877";"14,2";"0,177";"17,8"
"2024-10-03 16:00";"0,845";"14,8";"0,382";"18,6"
"2024-10-03 17:00";"0,852";"14,6";"0,728";"16,5"
"2024-10-03 18:00";"0,793";"13,7";"0,236";"12,6"
"2024-10-03 19:00";"0,971";"12,1";"0,236";"12,6"
"2024-10-03 20:00";"0,896";"9,3";"0,23";"11,7"
"2024-10-03 21:00";"0,905";"7,6";"0,215";"12,5"
"2024-10-03 22:00";"0,828";"7,1";"0,226";"12,8"
"2024-10-03 23:00";"0,928";"7,1";"0,226";"12,8"
"2024-10-04 00:00";"0,863";"6,8";"0,21";"12,6"
"2024-10-04 01:00";"0,837";"5,9";"0,221";"12,5"
"2024-10-04 02:00";"1,851";"5,3";"1,204";"12,5"
"2024-10-04 03:00";"1,31";"4,4";"0,831";"12,5"
"2024-10-04 04:00";"0,863";"4,3";"0,207";"12,5"
"2024-10-04 05:00";"0,892";"4,9";"0,225";"12,4"
"2024-10-04 06:00";"1,055";"4,3";"0,235";"12,4"
"2024-10-04 07:00";"1,015";"3,6";"0,214";"12,4"
"2024-10-04 08:00";"0,95";"4,2";"0,256";"12,4"
"2024-10-04 09:00";"1,007";"6,9";"0,223";"12,7"
"2024-10-04 10:00";"0,952";"9,5";"0,211";"13,1"
"2024-10-04 11:00";"0,836";"10,5";"0,199";"13,8"
"2024-10-04 12:00";"0,822";"11,9";"0,211";"14,6"
"2024-10-04 13:00";"0,851";"13,000";"0,214";"14,8"
"2024-10-04 14:00";"0,877";"13,5";"0,2";"15,000"
"2024-10-04 15:00";"0,74";"14,1";"0,221";"14,9"
"2024-10-04 16:00";"0,721";"14,3";"0,23";"13,6"
"2024-10-04 17:00";"0,803";"14,3";"0,212";"13,8"
"2024-10-04 18:00";"0,771";"13,7";"0,221";"14,000"
"2024-10-04 19:00";"0,762";"11,2";"0,254";"14,000"
"2024-10-04 20:00";"0,808";"9,6";"0,251";"14,4"
"2024-10-04 21:00";"0,864";"8,1";"0,239";"14,4"
"2024-10-04 22:00";"0,915";"6,7";"0,257";"14,3"
"2024-10-04 23:00";"0,94";"5,9";"0,245";"14,2"
"2024-10-05 00:00";"0,834";"5,6";"0,23";"14,1"
"2024-10-05 01:00";"0,751";"4,2";"0,24";"14,2"
"2024-10-05 02:00";"1,795";"4,1";"1,232";"14,3"
"2024-10-05 03:00";"1,577";"3,9";"1,228";"13,5"
"2024-10-05 04:00";"0,809";"3,5";"0,258";"13,2"
"2024-10-05 05:00";"0,854";"3,2";"0,253";"12,9"
"2024-10-05 06:00";"0,847";"2,6";"0,263";"12,4"
"2024-10-05 07:00";"0,861";"2,000";"0,268";"12,4"
"2024-10-05 08:00";"0,867";"2,1";"0,267";"11,9"
"2024-10-05 09:00";"0,852";"3,5";"0,252";"12,3"
"2024-10-05 10:00";"0,832";"6,000";"0,226";"12,8"
"2024-10-05 11:00";"1,238";"8,9";"0,242";"13,2"
"2024-10-05 12:00";"1,334";"11,5";"0,238";"13,9"
"2024-10-05 13:00";"1,265";"13,2";"0,217";"14,2"
"2024-10-05 14:00";"0,729";"14,4";"0,231";"13,000"
"2024-10-05 15:00";"0,731";"14,5";"0,236";"13,1"
"2024-10-05 16:00";"0,754";"14,3";"0,751";"13,1"
"2024-10-05 17:00";"0,729";"14,2";"0,818";"13,6"
"2024-10-05 18:00";"0,832";"13,7";"0,558";"13,9"
"2024-10-05 19:00";"0,742";"11,000";"0,256";"12,000"
"2024-10-05 20:00";"0,854";"8,2";"0,311";"10,000"
"2024-10-05 21:00";"0,785";"7,1";"0,259";"9,5"
"2024-10-05 22:00";"0,763";"6,9";"0,288";"8,3"
"2024-10-05 23:00";"0,775";"6,1";"0,306";"7,6"
"2024-10-06 00:00";"0,802";"5,4";"0,279";"7,7"
"2024-10-06 01:00";"0,777";"4,8";"0,3";"8,3"
"2024-10-06 02:00";"1,784";"4,9";"1,305";"8,4"
"2024-10-06 03:00";"1,306";"5,000";"1,312";"8,8"
"2024-10-06 04:00";"0,822";"3,9";"1,306";"8,9"
"2024-10-06 05:00";"0,826";"3,1";"0,451";"8,8"
"2024-10-06 06:00";"0,842";"3,8";"0,325";"8,9"
"2024-10-06 07:00";"0,877";"3,5";"0,339";"8,9"
"2024-10-06 08:00";"0,88";"3,7";"0,319";"8,3"
"2024-10-06 09:00";"0,857";"5,7";"0,298";"9,000"
"2024-10-06 10:00";"0,82";"10,7";"0,32";"10,4"
"2024-10-06 11:00";"0,812";"12,3";"0,314";"12,5"
"2024-10-06 12:00";"1,707";"12,4";"0,301";"12,5"
"2024-10-06 13:00";"0,905";"13,2";"0,316";"12,4"
"2024-10-06 14:00";"0,793";"13,5";"0,315";"12,6"
"2024-10-06 15:00";"0,738";"13,3";"0,308";"13,6"
"2024-10-06 16:00";"0,739";"14,000";"0,316";"13,4"
"2024-10-06 17:00";"0,779";"13,1";"0,333";"13,9"
"2024-10-06 18:00";"0,775";"12,1";"0,872";"14,1"
"2024-10-06 19:00";"0,783";"9,7";"0,361";"13,9"
"2024-10-06 20:00";"0,805";"7,9";"0,32";"15,3"
"2024-10-06 21:00";"0,807";"8,4";"0,327";"15,7"
"2024-10-06 22:00";"0,805";"7,8";"0,269";"16,1"
"2024-10-06 23:00";"0,825";"8,000";"0,255";"16,1"
"2024-10-07 00:00";"0,837";"8,1";"0,277";"16,1"
"2024-10-07 01:00";"0,81";"7,9";"0,277";"16,000"
"2024-10-07 02:00";"1,616";"9,5";"1,227";"15,7"
"2024-10-07 03:00";"0,841";"10,1";"0,917";"14,7"
"2024-10-07 04:00";"0,827";"10,000";"0,294";"14,3"
"2024-10-07 05:00";"0,84";"9,8";"0,287";"13,7"
"2024-10-07 06:00";"0,845";"9,9";"0,315";"13,3"
"2024-10-07 07:00";"0,842";"10,000";"0,304";"13,000"
"2024-10-07 08:00";"0,901";"10,000";"0,292";"12,000"
"2024-10-07 09:00";"0,801";"10,000";"0,273";"11,2"
"2024-10-07 10:00";"0,87";"11,4";"0,271";"11,9"
"2024-10-07 11:00";"0,885";"12,7";"0,267";"12,7"
"2024-10-07 12:00";"0,846";"12,5";"0,97";"12,9"
"2024-10-07 13:00";"0,847";"12,7";"0,446";"12,6"
"2024-10-07 14:00";"1,06";"12,8";"1,044";"12,6"
"2024-10-07 15:00";"0,786";"12,6";"0,995";"12,4"
"2024-10-07 16:00";"0,877";"11,3";"0,902";"12,1"
"2024-10-07 17:00";"0,955";"11,2";"0,843";"11,8"
"2024-10-07 18:00";"0,845";"11,1";"1,155";"10,9"
"2024-10-07 19:00";"0,863";"10,9";"1,326";"10,1"
"2024-10-07 20:00";"0,849";"11,000";"0,852";"9,8"
"2024-10-07 21:00";"0,844";"11,2";"0,885";"9,3"
"2024-10-07 22:00";"0,821";"11,5";"0,869";"8,6"
"2024-10-07 23:00";"0,749";"11,7";"0,887";"8,2"
"2024-10-08 00:00";"0,763";"11,8";"0,903";"8,1"
"2024-10-08 01:00";"0,778";"11,9";"0,926";"7,4"
"2024-10-08 02:00";"1,742";"11,4";"1,908";"5,4"
"2024-10-08 03:00";"1,197";"11,2";"0,97";"5,1"
"2024-10-08 04:00";"0,802";"11,1";"0,965";"4,7"
"2024-10-08 05:00";"0,79";"11,1";"0,989";"5,7"
"2024-10-08 06:00";"0,803";"11,4";"0,988";"6,9"
"2024-10-08 07:00";"0,817";"11,7";"0,978";"6,2"
"2024-10-08 08:00";"0,821";"11,8";"1,042";"4,4"
"2024-10-08 09:00";"0,838";"11,8";"0,991";"5,6"
"2024-10-08 10:00";"0,872";"12,000";"0,85";"6,7"
"2024-10-08 11:00";"0,974";"12,9";"0,841";"8,6"
"2024-10-08 12:00";"0,826";"13,5";"1,377";"9,5"
"2024-10-08 13:00";"0,812";"14,000";"0,767";"10,1"
"2024-10-08 14:00";"0,814";"14,2";"0,731";"10,7"
"2024-10-08 15:00";"0,77";"14,1";"0,785";"10,9"
"2024-10-08 16:00";"0,749";"13,9";"0,789";"10,4"
"2024-10-08 17:00";"0,78";"13,8";"0,825";"10,6"
"2024-10-08 18:00";"0,797";"13,8";"0,818";"8,9"
"2024-10-08 19:00";"0,775";"13,8";"0,88";"7,3"
"2024-10-08 20:00";"0,784";"13,8";"0,899";"6,5"
"2024-10-08 21:00";"0,736";"13,9";"0,93";"5,2"
"2024-10-08 22:00";"0,72";"14,000";"0,889";"5,4"
"2024-10-08 23:00";"0,736";"14,1";"0,937";"4,8"
"2024-10-09 00:00";"0,733";"14,1";"0,943";"5,000"
"2024-10-09 01:00";"0,722";"14,3";"0,944";"5,4"
"2024-10-09 02:00";"1,723";"14,3";"1,924";"5,9"
"2024-10-09 03:00";"1,723";"14,1";"1,707";"6,3"
"2024-10-09 04:00";"0,761";"13,9";"0,98";"6,7"
"2024-10-09 05:00";"0,708";"13,8";"0,955";"6,9"
"2024-10-09 06:00";"0,702";"13,7";"0,982";"7,2"
"2024-10-09 07:00";"0,72";"13,5";"1,019";"7,2"
"2024-10-09 08:00";"0,763";"13,2";"0,935";"7,3"
"2024-10-09 09:00";"0,718";"13,2";"0,968";"8,1"
"2024-10-09 10:00";"0,74";"13,4";"0,942";"9,1"
"2024-10-09 11:00";"0,728";"13,5";"0,88";"10,9"
"2024-10-09 12:00";"0,708";"14,4";"0,816";"11,3"
"2024-10-09 13:00";"0,744";"16,000";"0,762";"12,1"
"2024-10-09 14:00";"0,793";"15,8";"0,777";"12,8"
"2024-10-09 15:00";"0,639";"14,8";"0,772";"12,6"
"2024-10-09 16:00";"0,716";"14,2";"0,801";"12,4"
"2024-10-09 17:00";"0,719";"14,1";"0,807";"11,5"
"2024-10-09 18:00";"0,726";"13,9";"0,806";"10,6"
"2024-10-09 19:00";"0,728";"13,5";"0,817";"9,4"
"2024-10-09 20:00";"0,706";"13,3";"0,863";"8,3"
"2024-10-09 21:00";"0,688";"13,1";"0,855";"8,9"
"2024-10-09 22:00";"0,601";"13,000";"0,851";"8,6"
"2024-10-09 23:00";"0,594";"12,9";"0,847";"8,3"
"2024-10-10 00:00";"0,582";"13,2";"0,85";"8,6"
"2024-10-10 01:00";"0,586";"13,5";"0,864";"8,5"
"2024-10-10 02:00";"1,603";"13,2";"1,858";"8,4"
"2024-10-10 03:00";"0,908";"13,1";"1,195";"8,6"
"2024-10-10 04:00";"0,621";"13,2";"0,868";"8,5"
"2024-10-10 05:00";"0,604";"13,6";"0,885";"8,4"
"2024-10-10 06:00";"0,608";"13,8";"0,873";"8,1"
"2024-10-10 07:00";"0,63";"13,8";"0,89";"8,2"
"2024-10-10 08:00";"0,629";"13,7";"0,933";"8,4"
"2024-10-10 09:00";"0,657";"13,7";"0,79";"9,2"
"2024-10-10 10:00";"0,656";"13,8";"0,818";"10,9"
"2024-10-10 11:00";"0,596";"14,1";"0,784";"12,000"
"2024-10-10 12:00";"0,611";"14,000";"0,755";"13,000"
"2024-10-10 13:00";"0,593";"13,5";"0,728";"13,7"
"2024-10-10 14:00";"0,633";"13,4";"0,748";"14,000"
"2024-10-10 15:00";"0,619";"13,2";"0,722";"14,4"
"2024-10-10 16:00";"0,634";"13,6";"0,76";"14,4"
"2024-10-10 17:00";"0,642";"12,4";"1,495";"13,5"
"2024-10-10 18:00";"0,652";"11,6";"0,788";"13,2"
"2024-10-10 19:00";"0,665";"11,3";"0,771";"12,6"
"2024-10-10 20:00";"0,813";"11,000";"0,761";"11,9"
"2024-10-10 21:00";"0,821";"10,6";"0,827";"12,000"
"2024-10-10 22:00";"0,691";"10,4";"0,778";"12,1"
"2024-10-10 23:00";"0,67";"10,4";"0,726";"12,5"
"2024-10-11 00:00";"0,672";"10,4";"0,695";"12,6"
"2024-10-11 01:00";"0,701";"10,1";"0,706";"12,1"
"2024-10-11 02:00";"1,685";"9,9";"1,728";"12,000"
"2024-10-11 03:00";"1,525";"9,5";"1,719";"12,2"
"2024-10-11 04:00";"0,762";"9,1";"1,48";"13,7"
"2024-10-11 05:00";"0,771";"9,000";"0,709";"14,6"
"2024-10-11 06:00";"0,742";"9,000";"0,706";"14,3"
"2024-10-11 07:00";"0,797";"9,000";"0,74";"14,3"
"2024-10-11 08:00";"0,806";"9,1";"0,675";"14,6"
"2024-10-11 09:00";"0,813";"9,1";"0,71";"14,4"
"2024-10-11 10:00";"0,863";"9,5";"0,692";"14,9"
"2024-10-11 11:00";"0,8";"9,9";"0,658";"15,3"
"2024-10-11 12:00";"0,81";"10,7";"0,639";"16,3"
"2024-10-11 13:00";"0,801";"10,8";"0,648";"16,4"
"2024-10-11 14:00";"0,78";"11,000";"0,639";"16,4"
"2024-10-11 15:00";"0,743";"11,3";"0,656";"16,5"
"2024-10-11 16:00";"0,742";"11,4";"0,671";"16,3"
"2024-10-11 17:00";"0,688";"11,1";"0,69";"14,4"
"2024-10-11 18:00";"0,688";"11,000";"0,73";"14,6"
"2024-10-11 19:00";"0,784";"10,6";"0,704";"14,2"
"2024-10-11 20:00";"0,902";"10,3";"0,697";"13,9"
"2024-10-11 21:00";"0,781";"10,6";"0,722";"13,2"
"2024-10-11 22:00";"0,726";"10,6";"0,687";"12,8"
"2024-10-11 23:00";"0,726";"10,7";"0,709";"12,6"
"2024-10-12 00:00";"0,736";"10,4";"0,714";"12,3"
"2024-10-12 01:00";"0,756";"10,5";"0,724";"12,1"
"2024-10-12 02:00";"1,735";"10,3";"1,723";"12,000"
"2024-10-12 03:00";"1,096";"10,000";"0,983";"11,9"
"2024-10-12 04:00";"0,791";"9,9";"0,707";"11,4"
"2024-10-12 05:00";"0,788";"9,7";"0,715";"11,1"
"2024-10-12 06:00";"0,799";"9,8";"0,739";"11,1"
"2024-10-12 07:00";"0,825";"9,4";"0,767";"11,1"
"2024-10-12 08:00";"0,826";"8,4";"0,747";"11,000"
"2024-10-12 09:00";"0,806";"8,3";"0,703";"11,2"
"2024-10-12 10:00";"1,109";"10,000";"0,674";"11,9"
"2024-10-12 11:00";"1,48";"11,3";"0,646";"12,5"
"2024-10-12 12:00";"2,5";"11,9";"0,619";"13,1"
"2024-10-12 13:00";"1,189";"12,2";"0,616";"13,3"
"2024-10-12 14:00";"0,849";"12,3";"0,644";"13,3"
"2024-10-12 15:00";"0,828";"12,1";"0,639";"13,3"
"2024-10-12 16:00";"0,834";"11,8";"0,677";"13,3"
"2024-10-12 17:00";"0,881";"11,1";"0,688";"12,7"
"2024-10-12 18:00";"1,119";"10,4";"0,651";"11,7"
"2024-10-12 19:00";"1,322";"9,9";"0,688";"10,9"
"2024-10-12 20:00";"1,086";"9,9";"0,74";"10,9"
"2024-10-12 21:00";"1,147";"10,4";"1,23";"10,8"
"2024-10-12 22:00";"1,111";"11,000";"1,276";"10,6"
"2024-10-12 23:00";"0,828";"11,1";"0,72";"10,5"
"2024-10-13 00:00";"0,789";"11,000";"0,744";"9,000"
"2024-10-13 01:00";"0,78";"11,000";"0,767";"7,7"
"2024-10-13 02:00";"1,766";"11,000";"1,746";"6,9"
"2024-10-13 03:00";"1,363";"10,9";"1,757";"5,7"
"2024-10-13 04:00";"0,77";"10,6";"1,794";"5,6"
"2024-10-13 05:00";"0,789";"10,3";"1,342";"5,4"
"2024-10-13 06:00";"0,781";"10,2";"0,82";"5,3"
"2024-10-13 07:00";"0,803";"10,000";"0,845";"5,9"
"2024-10-13 08:00";"0,711";"9,8";"0,812";"7,5"
"2024-10-13 09:00";"0,121";"9,3";"0,837";"8,5"
"2024-10-13 10:00";"0,121";"9,3";"0,906";"9,4"
"2024-10-13 11:00";"0,607";"9,6";"1,014";"9,7"
"2024-10-13 12:00";"1,65";"10,2";"0,845";"10,4"
"2024-10-13 13:00";"1,642";"10,5";"0,821";"10,5"
"2024-10-13 14:00";"1,293";"10,8";"0,77";"10,6"
"2024-10-13 15:00";"0,662";"11,4";"0,925";"11,2"
"2024-10-13 16:00";"0,643";"11,3";"0,829";"12,7"
"2024-10-13 17:00";"0,651";"11,6";"0,756";"13,4"
"2024-10-13 18:00";"0,75";"11,2";"0,72";"14,9"
"2024-10-13 19:00";"0,95";"10,6";"0,7";"16,8"
"2024-10-13 20:00";"0,806";"10,5";"0,701";"17,3"
"2024-10-13 21:00";"0,828";"9,9";"0,674";"16,9"
"2024-10-13 22:00";"0,753";"10,2";"0,67";"17,3"
"2024-10-13 23:00";"0,707";"10,1";"0,651";"17,1"
"2024-10-14 00:00";"0,702";"9,9";"0,672";"14,6"
"2024-10-14 01:00";"0,738";"10,4";"0,661";"13,2"
"2024-10-14 02:00";"1,588";"10,4";"1,634";"12,7"
"2024-10-14 03:00";"0,718";"9,3";"0,878";"12,000"
"2024-10-14 04:00";"0,729";"8,3";"0,691";"11,2"
"2024-10-14 05:00";"0,72";"8,2";"0,678";"11,2"
"2024-10-14 06:00";"0,759";"7,7";"0,667";"11,000"
"2024-10-14 07:00";"0,794";"7,4";"0,69";"10,9"
"2024-10-14 08:00";"1,217";"8,000";"0,691";"10,7"
"2024-10-14 09:00";"2,909";"9,5";"0,749";"10,8"
"2024-10-14 10:00";"2,961";"10,1";"0,64";"11,3"
"2024-10-14 11:00";"2,495";"10,7";"0,666";"11,7"
"2024-10-14 12:00";"1,234";"11,6";"1,208";"12,3"
"2024-10-14 13:00";"0,686";"12,1";"0,61";"12,6"
"2024-10-14 14:00";"0,723";"11,4";"0,65";"11,8"
"2024-10-14 15:00";"0,73";"10,7";"0,661";"12,4"
"2024-10-14 16:00";"0,768";"11,000";"0,62";"12,000"
"2024-10-14 17:00";"0,722";"11,1";"0,696";"11,6"
"2024-10-14 18:00";"0,748";"10,2";"0,716";"11,3"
"2024-10-14 19:00";"0,971";"8,3";"0,717";"10,8"
"2024-10-14 20:00";"0,761";"7,2";"0,691";"10,3"
"2024-10-14 21:00";"0,765";"6,8";"0,733";"9,8"
"2024-10-14 22:00";"0,739";"7,000";"0,722";"9,6"
"2024-10-14 23:00";"0,765";"7,2";"0,745";"9,6"
"2024-10-15 00:00";"0,761";"6,2";"0,731";"9,4"
"2024-10-15 01:00";"0,75";"6,7";"0,747";"9,2"
"2024-10-15 02:00";"1,798";"6,6";"1,639";"9,1"
"2024-10-15 03:00";"1,485";"6,1";"0,774";"9,3"
"2024-10-15 04:00";"0,809";"6,7";"0,752";"9,2"
"2024-10-15 05:00";"0,787";"6,6";"0,789";"9,000"
"2024-10-15 06:00";"0,827";"7,7";"0,794";"8,9"
"2024-10-15 07:00";"0,887";"7,4";"0,817";"8,8"
"2024-10-15 08:00";"0,832";"6,2";"0,81";"8,8"
"2024-10-15 09:00";"0,775";"6,7";"0,813";"8,8"
"2024-10-15 10:00";"0,698";"8,9";"0,862";"8,8"
"2024-10-15 11:00";"0,676";"9,8";"0,805";"8,9"
"2024-10-15 12:00";"0,66";"11,000";"1,733";"9,8"
"2024-10-15 13:00";"0,662";"11,7";"1,59";"10,5"
"2024-10-15 14:00";"0,65";"12,000";"0,819";"11,000"
"2024-10-15 15:00";"0,679";"11,9";"0,782";"10,7"
"2024-10-15 16:00";"0,65";"11,8";"0,787";"10,8"
"2024-10-15 17:00";"0,806";"11,6";"0,805";"9,3"
"2024-10-15 18:00";"0,781";"10,4";"0,937";"8,4"
"2024-10-15 19:00";"0,787";"8,3";"0,881";"7,3"
"2024-10-15 20:00";"0,814";"7,1";"0,847";"8,8"
"2024-10-15 21:00";"0,833";"6,2";"0,882";"8,4"
"2024-10-15 22:00";"0,767";"5,1";"0,88";"8,7"
"2024-10-15 23:00";"0,777";"4,2";"0,875";"8,3"
"2024-10-16 00:00";"0,787";"4,8";"0,902";"8,3"
"2024-10-16 01:00";"0,78";"6,1";"0,919";"8,1"
"2024-10-16 02:00";"1,791";"6,2";"1,734";"7,8"
"2024-10-16 03:00";"1,284";"6,3";"0,917";"7,7"
"2024-10-16 04:00";"0,837";"6,4";"0,933";"7,2"
"2024-10-16 05:00";"0,868";"6,3";"0,952";"7,1"
"2024-10-16 06:00";"0,87";"6,1";"0,952";"7,4"
"2024-10-16 07:00";"0,907";"6,9";"0,961";"7,2"
"2024-10-16 08:00";"0,913";"7,3";"1,031";"7,2"
"2024-10-16 09:00";"0,922";"7,9";"0,871";"7,1"
"2024-10-16 10:00";"0,865";"9,1";"0,83";"8,3"
"2024-10-16 11:00";"0,801";"10,7";"0,897";"9,4"
"2024-10-16 12:00";"0,799";"11,9";"0,829";"8,6"
"2024-10-16 13:00";"0,805";"12,3";"0,763";"9,000"
"2024-10-16 14:00";"0,714";"12,4";"0,801";"9,9"
"2024-10-16 15:00";"0,703";"12,000";"0,787";"10,6"
"2024-10-16 16:00";"0,724";"11,6";"0,81";"10,9"
"2024-10-16 17:00";"0,712";"11,4";"0,842";"10,3"
"2024-10-16 18:00";"0,75";"10,8";"0,918";"8,4"
"2024-10-16 19:00";"0,78";"10,2";"0,934";"6,4"
"2024-10-16 20:00";"0,812";"10,1";"0,943";"5,3"
"2024-10-16 21:00";"0,809";"10,2";"0,95";"4,8"
"2024-10-16 22:00";"0,791";"10,2";"0,963";"4,9"
"2024-10-16 23:00";"0,821";"10,1";"1,008";"4,6"
"2024-10-17 00:00";"0,755";"9,9";"1,01";"5,1"
"2024-10-17 01:00";"0,781";"9,9";"1,03";"4,9"
"2024-10-17 02:00";"1,759";"9,8";"2,032";"4,1"
"2024-10-17 03:00";"1,566";"9,8";"1,505";"1,9"
"2024-10-17 04:00";"0,806";"9,8";"1,083";"1,2"
"2024-10-17 05:00";"0,795";"9,5";"1,102";"1,3"
"2024-10-17 06:00";"0,794";"9,7";"1,099";"1,4"
"2024-10-17 07:00";"0,829";"9,9";"1,104";"2,3"
"2024-10-17 08:00";"0,835";"9,9";"1,119";"5,000"
"2024-10-17 09:00";"0,82";"10,2";"1,039";"7,3"
"2024-10-17 10:00";"0,764";"11,1";"0,908";"8,7"
"2024-10-17 11:00";"0,84";"11,8";"0,914";"9,1"
"2024-10-17 12:00";"0,78";"12,3";"0,929";"9,9"
"2024-10-17 13:00";"1,17";"12,6";"0,887";"10,8"
"2024-10-17 14:00";"0,926";"12,7";"0,889";"11,4"
"2024-10-17 15:00";"0,934";"12,7";"0,95";"11,4"
"2024-10-17 16:00";"0,201";"12,5";"0,924";"11,3"
"2024-10-17 17:00";"0,201";"12,3";"1,713";"11,2"
"2024-10-17 18:00";"1,062";"11,6";"0,941";"10,9"
"2024-10-17 19:00";"0,782";"11,2";"0,915";"10,1"
"2024-10-17 20:00";"0,755";"11,000";"0,913";"10,4"
"2024-10-17 21:00";"0,748";"11,2";"2,485";"9,9"
"2024-10-17 22:00";"0,759";"11,3";"2,889";"9,2"
"2024-10-17 23:00";"0,757";"11,5";"2,219";"9,1"
"2024-10-18 00:00";"0,729";"11,7";"1,058";"8,8"
"2024-10-18 01:00";"0,753";"12,2";"1,024";"9,000"
"2024-10-18 02:00";"1,738";"12,4";"2,022";"9,6"
"2024-10-18 03:00";"1,092";"12,4";"2,017";"9,6"
"2024-10-18 04:00";"0,746";"12,2";"1,361";"9,000"
"2024-10-18 05:00";"0,758";"12,1";"1,091";"9,3"
"2024-10-18 06:00";"0,734";"12,2";"1,025";"8,9"
"2024-10-18 07:00";"0,765";"12,2";"1,043";"8,2"
"2024-10-18 08:00";"0,787";"12,1";"1,066";"7,5"
"2024-10-18 09:00";"0,773";"12,2";"1,049";"7,5"
"2024-10-18 10:00";"0,769";"12,5";"0,966";"8,5"
"2024-10-18 11:00";"0,608";"13,1";"0,934";"10,000"
"2024-10-18 12:00";"0,732";"13,5";"0,904";"11,2"
"2024-10-18 13:00";"0,612";"14,3";"0,891";"11,8"
"2024-10-18 14:00";"0,677";"14,9";"0,866";"12,3"
"2024-10-18 15:00";"0,718";"15,2";"0,876";"13,2"
"2024-10-18 16:00";"0,609";"14,8";"0,879";"12,4"
"2024-10-18 17:00";"0,606";"14,4";"0,889";"12,4"
"2024-10-18 18:00";"0,634";"13,1";"0,906";"10,6"
"2024-10-18 19:00";"0,668";"11,7";"0,909";"9,000"
"2024-10-18 20:00";"0,663";"11,1";"0,918";"9,4"
"2024-10-18 21:00";"0,682";"10,6";"0,939";"8,000"
"2024-10-18 22:00";"0,781";"10,5";"0,949";"7,4"
"2024-10-18 23:00";"0,677";"10,3";"0,969";"6,8"
"2024-10-19 00:00";"0,63";"10,7";"0,976";"6,8"
"2024-10-19 01:00";"0,655";"11,000";"1,006";"6,5"
"2024-10-19 02:00";"1,6";"10,8";"2,02";"6,2"
"2024-10-19 03:00";"1,575";"10,7";"1,458";"6,000"
"2024-10-19 04:00";"0,643";"10,6";"1,095";"5,9"
"2024-10-19 05:00";"0,669";"10,7";"1,133";"5,9"
"2024-10-19 06:00";"0,669";"10,5";"1,137";"5,8"
"2024-10-19 07:00";"0,678";"10,2";"1,164";"6,000"
"2024-10-19 08:00";"0,7";"9,8";"1,126";"6,3"
"2024-10-19 09:00";"0,688";"9,9";"1,149";"6,7"
"2024-10-19 10:00";"0,632";"11,000";"1,112";"6,9"
"2024-10-19 11:00";"0,629";"12,3";"1,133";"7,1"
"2024-10-19 12:00";"1,161";"13,000";"1,098";"6,9"
"2024-10-19 13:00";"0,603";"13,8";"1,148";"6,9"
"2024-10-19 14:00";"0,572";"13,7";"1,167";"6,7"
"2024-10-19 15:00";"0,566";"13,8";"1,22";"6,7"
"2024-10-19 16:00";"0,664";"13,4";"1,399";"6,7"
"2024-10-19 17:00";"0,986";"13,000";"1,319";"6,5"
"2024-10-19 18:00";"1,227";"12,6";"1,202";"6,3"
"2024-10-19 19:00";"1,21";"12,8";"1,236";"5,8"
"2024-10-19 20:00";"0,695";"13,000";"1,675";"5,6"
"2024-10-19 21:00";"1,229";"13,5";"1,517";"5,2"
"2024-10-19 22:00";"0,659";"13,9";"1,712";"4,7"
"2024-10-19 23:00";"0,632";"14,1";"1,212";"4,4"
"2024-10-20 00:00";"0,619";"14,4";"1,229";"4,3"
"2024-10-20 01:00";"0,611";"14,3";"1,227";"4,3"
"2024-10-20 02:00";"1,496";"14,3";"2,208";"4,2"
"2024-10-20 03:00";"0,622";"14,4";"1,616";"4,000"
"2024-10-20 04:00";"0,596";"14,5";"1,226";"4,2"
"2024-10-20 05:00";"0,603";"14,4";"1,234";"4,2"
"2024-10-20 06:00";"0,632";"14,000";"1,281";"4,1"
"2024-10-20 07:00";"0,637";"13,7";"1,344";"3,8"
"2024-10-20 08:00";"0,655";"13,2";"1,308";"3,7"
"2024-10-20 09:00";"0,624";"12,6";"1,252";"3,8"
"2024-10-20 10:00";"0,55";"13,000";"1,217";"4,4"
"2024-10-20 11:00";"0,593";"15,000";"1,256";"5,2"
"2024-10-20 12:00";"1,205";"16,3";"1,277";"5,6"
"2024-10-20 13:00";"0,527";"17,000";"1,616";"6,5"
"2024-10-20 14:00";"0,52";"17,4";"1,674";"6,7"
"2024-10-20 15:00";"0,559";"17,4";"1,318";"6,5"
"2024-10-20 16:00";"0,563";"16,4";"1,547";"6,2"
"2024-10-20 17:00";"1,865";"15,2";"1,207";"6,1"
"2024-10-20 18:00";"2,723";"13,9";"1,276";"6,000"
"2024-10-20 19:00";"2,759";"12,9";"1,219";"6,1"
"2024-10-20 20:00";"2,105";"12,9";"1,213";"6,3"
"2024-10-20 21:00";"0,748";"13,7";"1,239";"6,4"
"2024-10-20 22:00";"0,544";"14,000";"1,208";"5,5"
"2024-10-20 23:00";"0,521";"13,8";"1,185";"5,2"
"2024-10-21 00:00";"0,53";"14,2";"1,205";"5,4"
"2024-10-21 01:00";"0,548";"14,2";"1,206";"5,3"
"2024-10-21 02:00";"1,516";"14,4";"2,201";"5,5"
"2024-10-21 03:00";"0,781";"14,4";"2,195";"5,8"
"2024-10-21 04:00";"0,538";"14,6";"2,095";"5,9"
"2024-10-21 05:00";"0,551";"14,9";"1,826";"6,000"
"2024-10-21 06:00";"0,625";"14,7";"1,18";"6,3"
"2024-10-21 07:00";"0,608";"14,000";"1,143";"6,8"
"2024-10-21 08:00";"0,605";"14,2";"1,158";"7,2"
"2024-10-21 09:00";"0,564";"14,6";"1,17";"7,1"
"2024-10-21 10:00";"0,922";"14,6";"1,161";"7,4"
"2024-10-21 11:00";"0,664";"14,9";"1,159";"7,1"
"2024-10-21 12:00";"0,596";"15,4";"1,667";"7,000"
"2024-10-21 13:00";"0,633";"14,9";"1,99";"7,1"
"2024-10-21 14:00";"0,606";"14,7";"1,505";"7,5"
"2024-10-21 15:00";"0,592";"14,7";"1,473";"8,3"
"2024-10-21 16:00";"0,565";"14,4";"1,45";"8,6"
"2024-10-21 17:00";"0,693";"14,000";"1,459";"8,7"
"2024-10-21 18:00";"1,166";"13,7";"1,451";"8,5"
"2024-10-21 19:00";"1,265";"13,5";"1,412";"7,9"
"2024-10-21 20:00";"0,98";"13,5";"1,406";"7,2"
"2024-10-21 21:00";"0,655";"13,1";"1,409";"7,1"
"2024-10-21 22:00";"0,574";"13,1";"1,406";"7,1"
"2024-10-21 23:00";"0,58";"13,1";"1,358";"7,2"
"2024-10-22 00:00";"0,572";"13,000";"1,368";"7,2"
"2024-10-22 01:00";"0,591";"12,9";"1,327";"7,000"
"2024-10-22 02:00";"1,549";"12,7";"2,16";"6,6"
"2024-10-22 03:00";"1,581";"12,7";"1,295";"6,2"
"2024-10-22 04:00";"1,561";"12,4";"1,316";"6,000"
"2024-10-22 05:00";"1,564";"12,1";"1,279";"5,9"
"2024-10-22 06:00";"0,961";"11,8";"1,254";"6,3"
"2024-10-22 07:00";"0,644";"11,8";"1,253";"6,3"
"2024-10-22 08:00";"0,571";"11,3";"1,275";"6,000"
"2024-10-22 09:00";"0,631";"10,5";"1,235";"5,9"
"2024-10-22 10:00";"0,608";"9,8";"1,232";"5,7"
"2024-10-22 11:00";"0,595";"10,000";"1,237";"6,1"
"2024-10-22 12:00";"0,587";"10,8";"2,164";"6,5"
"2024-10-22 13:00";"0,616";"11,8";"1,254";"7,8"
"2024-10-22 14:00";"1,249";"12,6";"1,166";"12,4"
"2024-10-22 15:00";"0,674";"13,4";"1,102";"14,000"
"2024-10-22 16:00";"0,708";"13,8";"1,143";"13,6"
"2024-10-22 17:00";"0,647";"13,6";"1,094";"13,3"
"2024-10-22 18:00";"0,668";"12,8";"1,137";"11,9"
"2024-10-22 19:00";"0,625";"12,4";"1,095";"11,5"
"2024-10-22 20:00";"0,706";"12,3";"1,067";"10,2"
"2024-10-22 21:00";"0,725";"12,000";"1,683";"8,9"
"2024-10-22 22:00";"0,584";"11,7";"1,578";"8,3"
"2024-10-22 23:00";"0,576";"11,6";"1,077";"8,1"
"2024-10-23 00:00";"0,585";"11,6";"1,054";"9,3"
"2024-10-23 01:00";"0,601";"11,3";"1,063";"9,9"
"2024-10-23 02:00";"1,579";"11,1";"1,872";"9,9"
"2024-10-23 03:00";"0,794";"10,9";"1,074";"9,7"
"2024-10-23 04:00";"0,604";"10,6";"1,077";"9,9"
"2024-10-23 05:00";"0,608";"10,3";"1,088";"9,2"
"2024-10-23 06:00";"0,611";"10,1";"1,088";"8,000"
"2024-10-23 07:00";"0,7";"9,9";"1,167";"8,2"
"2024-10-23 08:00";"0,682";"9,8";"1,113";"8,1"
"2024-10-23 09:00";"0,682";"9,8";"1,114";"8,5"
"2024-10-23 10:00";"0,623";"10,4";"1,072";"9,2"
"2024-10-23 11:00";"0,666";"11,2";"1,056";"10,3"
"2024-10-23 12:00";"0,672";"11,8";"1,055";"11,000"
"2024-10-23 13:00";"0,601";"12,1";"1,074";"10,9"
"2024-10-23 14:00";"0,554";"12,6";"1,069";"11,3"
"2024-10-23 15:00";"0,583";"13,1";"1,043";"10,8"
"2024-10-23 16:00";"0,562";"13,2";"1,043";"10,6"
"2024-10-23 17:00";"0,569";"12,8";"1,042";"10,9"
"2024-10-23 18:00";"0,603";"12,1";"1,051";"10,8"
"2024-10-23 19:00";"0,607";"11,8";"1,087";"10,3"
"2024-10-23 20:00";"0,623";"11,8";"1,09";"10,3"
"2024-10-23 21:00";"0,654";"11,5";"1,062";"10,1"
"2024-10-23 22:00";"0,658";"11,7";"1,053";"9,3"
"2024-10-23 23:00";"0,626";"11,4";"1,073";"8,4"
"2024-10-24 00:00";"0,672";"10,8";"1,096";"7,5"
"2024-10-24 01:00";"0,671";"10,6";"1,081";"6,8"
"2024-10-24 02:00";"1,623";"10,5";"2,076";"6,7"
"2024-10-24 03:00";"1,179";"10,1";"2,049";"6,5"
"2024-10-24 04:00";"0,702";"9,9";"2,089";"6,3"
"2024-10-24 05:00";"0,654";"9,6";"1,565";"5,9"
"2024-10-24 06:00";"0,692";"9,3";"1,109";"5,8"
"2024-10-24 07:00";"0,736";"8,7";"1,076";"6,000"
"2024-10-24 08:00";"0,712";"8,8";"1,126";"7,000"
"2024-10-24 09:00";"0,742";"8,9";"1,056";"7,4"
"2024-10-24 10:00";"0,735";"9,4";"1,078";"7,4"
"2024-10-24 11:00";"0,704";"10,000";"1,065";"8,1"
"2024-10-24 12:00";"0,652";"11,000";"1,052";"9,8"
"2024-10-24 13:00";"0,618";"12,5";"1,033";"10,6"
"2024-10-24 14:00";"0,604";"13,1";"1,05";"11,3"
"2024-10-24 15:00";"0,705";"13,5";"1,075";"10,8"
"2024-10-24 16:00";"0,762";"13,2";"1,085";"10,5"
"2024-10-24 17:00";"0,748";"12,5";"1,73";"9,9"
"2024-10-24 18:00";"0,744";"11,000";"1,129";"9,5"
"2024-10-24 19:00";"0,771";"9,5";"1,113";"8,6"
"2024-10-24 20:00";"0,805";"8,8";"1,097";"8,000"
"2024-10-24 21:00";"0,835";"8,4";"1,123";"7,5"
"2024-10-24 22:00";"0,704";"8,5";"1,125";"7,2"
"2024-10-24 23:00";"0,669";"8,3";"1,102";"7,1"
"2024-10-25 00:00";"0,68";"7,9";"1,102";"7,3"
"2024-10-25 01:00";"0,682";"8,8";"1,104";"7,3"
"2024-10-25 02:00";"1,685";"9,7";"2,1";"7,3"
"2024-10-25 03:00";"1,699";"9,2";"1,419";"7,7"
"2024-10-25 04:00";"1,127";"8,9";"1,103";"7,9"
"2024-10-25 05:00";"0,727";"8,8";"1,111";"8,2"
"2024-10-25 06:00";"0,723";"8,9";"1,128";"8,1"
"2024-10-25 07:00";"0,748";"8,8";"1,123";"8,1"
"2024-10-25 08:00";"0,775";"9,5";"1,173";"8,2"
"2024-10-25 09:00";"0,772";"10,000";"1,123";"8,000"
"2024-10-25 10:00";"0,749";"10,5";"1,127";"7,9"
"2024-10-25 11:00";"0,741";"11,000";"1,142";"7,9"
"2024-10-25 12:00";"0,673";"11,2";"1,139";"8,000"
"2024-10-25 13:00";"0,932";"11,5";"1,116";"8,1"
"2024-10-25 14:00";"0,748";"11,9";"1,148";"8,7"
"2024-10-25 15:00";"0,668";"12,1";"1,157";"9,1"
"2024-10-25 16:00";"0,715";"12,1";"1,214";"9,3"
"2024-10-25 17:00";"0,705";"11,9";"1,237";"8,8"
"2024-10-25 18:00";"0,723";"11,4";"1,172";"8,4"
"2024-10-25 19:00";"0,676";"11,000";"1,194";"8,1"
"2024-10-25 20:00";"0,68";"10,9";"1,195";"7,9"
"2024-10-25 21:00";"0,733";"10,7";"1,151";"7,9"
"2024-10-25 22:00";"0,592";"10,7";"1,184";"7,6"
"2024-10-25 23:00";"0,642";"10,2";"1,171";"7,6"
"2024-10-26 00:00";"0,638";"9,7";"1,168";"7,5"
"2024-10-26 01:00";"0,609";"9,8";"1,177";"7,4"
"2024-10-26 02:00";"1,641";"9,4";"2,166";"7,4"
"2024-10-26 03:00";"1,621";"9,2";"2,092";"7,3"
"2024-10-26 04:00";"0,838";"9,5";"1,178";"7,2"
"2024-10-26 05:00";"0,642";"9,9";"1,214";"7,1"
"2024-10-26 06:00";"0,63";"10,1";"1,181";"6,8"
"2024-10-26 07:00";"0,684";"10,3";"1,191";"6,8"
"2024-10-26 08:00";"0,698";"10,4";"1,225";"6,8"
"2024-10-26 09:00";"0,725";"10,4";"1,201";"6,8"
"2024-10-26 10:00";"0,677";"10,6";"1,184";"6,9"
"2024-10-26 11:00";"0,67";"10,7";"1,203";"6,9"
"2024-10-26 12:00";"1,724";"10,7";"1,182";"7,2"
"2024-10-26 13:00";"1,606";"11,1";"1,187";"7,5"
"2024-10-26 14:00";"2,114";"11,6";"1,194";"7,4"
"2024-10-26 15:00";"0,737";"11,9";"1,216";"7,000"
"2024-10-26 16:00";"0,838";"12,3";"1,777";"6,7"
"2024-10-26 17:00";"0,676";"12,5";"1,899";"6,6"
"2024-10-26 18:00";"0,72";"12,2";"1,729";"6,2"
"2024-10-26 19:00";"0,831";"11,4";"1,206";"5,7"
"2024-10-26 20:00";"0,859";"11,6";"1,244";"5,5"
"2024-10-26 21:00";"0,864";"10,7";"1,229";"5,3"
"2024-10-26 22:00";"0,757";"11,1";"1,178";"5,2"
"2024-10-26 23:00";"0,701";"11,1";"1,195";"5,2"
"2024-10-27 00:00";"0,685";"10,9";"1,211";"5,4"
"2024-10-27 01:00";"0,588";"10,8";"1,187";"5,5"
"2024-10-27 02:00";"1,586";"11,000";"2,16";"5,4"
"2024-10-27 03:00";"0,623";"11,4";"1,613";"5,3"
"2024-10-27 04:00";"0,586";"11,3";"1,195";"5,2"
"2024-10-27 05:00";"0,643";"11,1";"1,201";"5,1"
"2024-10-27 06:00";"0,625";"11,1";"1,178";"5,1"
"2024-10-27 07:00";"0,611";"11,5";"1,251";"5,1"
"2024-10-27 08:00";"0,641";"12,5";"1,233";"5,2"
"2024-10-27 09:00";"0,614";"13,1";"1,249";"5,3"
"2024-10-27 10:00";"0,611";"13,4";"1,206";"5,7"
"2024-10-27 11:00";"0,653";"12,7";"1,212";"6,3"
"2024-10-27 12:00";"1,213";"12,3";"1,202";"6,8"
"2024-10-27 13:00";"0,961";"11,4";"1,203";"6,9"
"2024-10-27 14:00";"1,115";"11,2";"1,196";"7,000"
"2024-10-27 15:00";"0,676";"11,7";"1,202";"6,6"
"2024-10-27 16:00";"0,716";"11,7";"1,793";"6,3"
"2024-10-27 17:00";"0,696";"10,5";"1,86";"6,000"
"2024-10-27 18:00";"0,651";"9,2";"1,294";"5,5"
"2024-10-27 19:00";"0,685";"8,8";"1,281";"4,9"
"2024-10-27 20:00";"0,674";"8,8";"1,481";"4,4"
"2024-10-27 21:00";"0,675";"8,4";"1,295";"4,5"
"2024-10-27 22:00";"0,657";"8,6";"1,297";"4,5"
"2024-10-27 23:00";"0,661";"8,75";"1,199";"4,7"
"2024-10-28 00:00";"0,713";"8,9";"1,238";"4,7"
"2024-10-28 01:00";"0,697";"8,9";"1,24";"4,7"
"2024-10-28 02:00";"1,43";"9,000";"2,198";"4,6"
"2024-10-28 03:00";"0,738";"9,3";"2,16";"4,6"
"2024-10-28 04:00";"0,729";"8,8";"1,262";"4,6"
"2024-10-28 05:00";"0,756";"7,6";"1,273";"4,7"
"2024-10-28 06:00";"0,763";"7,5";"1,262";"4,6"
"2024-10-28 07:00";"0,786";"8,7";"1,258";"4,4"
"2024-10-28 08:00";"0,807";"9,3";"1,253";"4,5"
"2024-10-28 09:00";"0,834";"10,4";"1,275";"4,6"
"2024-10-28 10:00";"0,815";"10,7";"1,29";"5,2"
"2024-10-28 11:00";"0,772";"10,9";"1,317";"5,8"
"2024-10-28 12:00";"0,783";"11,6";"2,298";"6,000"
"2024-10-28 13:00";"0,744";"11,9";"2,388";"6,3"
"2024-10-28 14:00";"0,714";"11,8";"1,326";"6,5"
"2024-10-28 15:00";"0,988";"11,7";"1,276";"6,6"
"2024-10-28 16:00";"0,756";"11,4";"1,658";"6,6"
"2024-10-28 17:00";"0,723";"11,1";"1,243";"6,7"
"2024-10-28 18:00";"0,759";"10,8";"1,25";"6,5"
"2024-10-28 19:00";"0,831";"11,000";"1,292";"6,4"
"2024-10-28 20:00";"0,868";"11,1";"1,327";"6,4"
"2024-10-28 21:00";"0,67";"11,3";"1,299";"6,5"
"2024-10-28 22:00";"0,676";"11,3";"1,268";"6,7"
"2024-10-28 23:00";"0,674";"11,5";"1,286";"6,6"
"2024-10-29 00:00";"0,676";"11,6";"1,273";"6,7"
"2024-10-29 01:00";"0,676";"11,5";"1,256";"6,9"
"2024-10-29 02:00";"1,646";"11,5";"2,235";"7,000"
"2024-10-29 03:00";"1,562";"11,5";"2,239";"7,000"
"2024-10-29 04:00";"0,671";"11,5";"2,217";"7,5"
"2024-10-29 05:00";"0,699";"11,3";"1,552";"7,5"
"2024-10-29 06:00";"0,684";"10,9";"1,28";"7,6"
"2024-10-29 07:00";"0,704";"10,6";"1,254";"7,8"
"2024-10-29 08:00";"0,677";"10,9";"1,237";"7,3"
"2024-10-29 09:00";"0,7";"11,3";"1,283";"7,4"
"2024-10-29 10:00";"0,678";"11,6";"1,273";"7,5"
"2024-10-29 11:00";"0,624";"12,3";"1,246";"7,8"
"2024-10-29 12:00";"0,651";"12,6";"1,676";"7,9"
"2024-10-29 13:00";"0,654";"12,5";"1,273";"8,7"
"2024-10-29 14:00";"0,722";"12,7";"1,244";"10,8"
"2024-10-29 15:00";"0,909";"13,1";"1,23";"11,7"
"2024-10-29 16:00";"0,693";"13,000";"1,522";"11,5"
"2024-10-29 17:00";"0,695";"12,8";"1,311";"10,3"
"2024-10-29 18:00";"0,721";"12,5";"1,238";"9,7"
"2024-10-29 19:00";"0,624";"12,5";"1,206";"8,9"
"2024-10-29 20:00";"0,684";"12,7";"1,222";"9,5"
"2024-10-29 21:00";"0,785";"12,8";"1,212";"9,7"
"2024-10-29 22:00";"0,794";"12,8";"1,204";"9,5"
"2024-10-29 23:00";"0,798";"12,8";"1,175";"9,35"
"2024-10-30 00:00";"0,766";"12,7";"1,133";"9,2"
"2024-10-30 01:00";"0,777";"12,3";"1,165";"8,8"
"2024-10-30 02:00";"1,619";"12,3";"1,998";"8,9"
"2024-10-30 03:00";"1,407";"12,1";"1,162";"9,2"
"2024-10-30 04:00";"0,63";"11,9";"1,119";"9,4"
"2024-10-30 05:00";"0,632";"11,6";"1,137";"9,3"
"2024-10-30 06:00";"0,665";"11,2";"1,159";"9,3"
"2024-10-30 07:00";"0,683";"10,8";"1,133";"9,1"
"2024-10-30 08:00";"0,677";"11,000";"1,16";"10,1"
"2024-10-30 09:00";"0,692";"11,1";"1,092";"10,9"
"2024-10-30 10:00";"0,738";"11,1";"1,098";"11,1"
"2024-10-30 11:00";"0,871";"11,3";"1,094";"11,9"
"2024-10-30 12:00";"0,742";"11,4";"1,076";"12,4"
"2024-10-30 13:00";"0,644";"11,6";"1,058";"12,7"
"2024-10-30 14:00";"0,696";"11,7";"1,035";"12,8"
"2024-10-30 15:00";"0,85";"11,4";"1,053";"12,000"
"2024-10-30 16:00";"0,746";"10,7";"1,067";"10,8"
"2024-10-30 17:00";"0,677";"10,7";"1,1";"10,6"
"2024-10-30 18:00";"0,683";"10,5";"1,122";"10,3"
"2024-10-30 19:00";"0,771";"10,5";"1,116";"9,8"
"2024-10-30 20:00";"0,837";"10,4";"1,109";"9,2"
"2024-10-30 21:00";"0,975";"10,3";"1,104";"9,4"
"2024-10-30 22:00";"0,862";"10,1";"1,101";"9,000"
"2024-10-30 23:00";"0,818";"10,2";"1,093";"8,5"
"2024-10-31 00:00";"0,684";"10,1";"1,106";"8,1"
"2024-10-31 01:00";"0,68";"9,2";"1,095";"7,9"
"2024-10-31 02:00";"1,704";"9,3";"2,061";"8,2"
"2024-10-31 03:00";"1,675";"9,2";"1,492";"8,4"
"2024-10-31 04:00";"1,472";"9,1";"1,114";"8,4"
"2024-10-31 05:00";"0,735";"9,000";"1,09";"8,2"
"2024-10-31 06:00";"0,751";"9,2";"1,084";"7,6"
"2024-10-31 07:00";"0,776";"9,6";"1,134";"7,1"
"2024-10-31 08:00";"0,769";"10,5";"1,121";"6,9"
"2024-10-31 09:00";"0,774";"11,000";"1,098";"7,000"
"2024-10-31 10:00";"1,019";"11,4";"1,08";"7,1"
"2024-10-31 11:00";"0,758";"11,8";"0,927";"6,9"
"2024-10-31 12:00";"0,829";"11,9";"0,707";"6,4"
"2024-10-31 13:00";"0,816";"12,4";"0,67";"6,1"
"2024-10-31 14:00";"0,812";"12,6";"0,693";"5,8"
"2024-10-31 15:00";"0,786";"12,6";"0,661";"4,9"
"2024-10-31 16:00";"0,74";"12,7";"0,709";"4,8"
"2024-10-31 17:00";"0,807";"12,6";"0,805";"5,1"
"2024-10-31 18:00";"0,776";"12,6";"0,843";"5,2"
"2024-10-31 19:00";"0,803";"12,7";"0,819";"5,7"
"2024-10-31 20:00";"0,769";"12,5";"0,838";"5,9"
"2024-10-31 21:00";"0,739";"12,5";"0,752";"5,9"
"2024-10-31 22:00";"0,722";"12,6";"0,759";"5,6"
"2024-10-31 23:00";"0,68";"12,5";"0,786";"5,6"
"2024-11-01 00:00";"0,705";"12,4";"0,795";"4,9"
"2024-11-01 01:00";"0,693";"12,4";"0,813";"4,000"
"2024-11-01 02:00";"1,684";"12,5";"1,767";"4,000"
"2024-11-01 03:00";"1,326";"12,1";"1,314";"3,9"
"2024-11-01 04:00";"0,679";"12,000";"0,863";"3,5"
"2024-11-01 05:00";"0,7";"12,1";"0,897";"3,3"
"2024-11-01 06:00";"0,706";"12,2";"0,892";"3,2"
"2024-11-01 07:00";"0,717";"12,5";"0,954";"3,3"
"2024-11-01 08:00";"0,727";"12,9";"0,939";"3,7"
"2024-11-01 09:00";"0,696";"13,5";"0,906";"4,4"
"2024-11-01 10:00";"0,69";"13,9";"0,86";"5,5"
"2024-11-01 11:00";"0,713";"14,3";"0,864";"5,9"
"2024-11-01 12:00";"0,73";"14,4";"0,82";"6,8"
"2024-11-01 13:00";"0,63";"14,1";"0,809";"7,2"
"2024-11-01 14:00";"0,676";"14,000";"0,828";"6,9"
"2024-11-01 15:00";"0,781";"13,4";"0,828";"6,2"
"2024-11-01 16:00";"0,745";"12,5";"0,87";"6,1"
"2024-11-01 17:00";"0,756";"11,8";"1,135";"6,3"
"2024-11-01 18:00";"0,753";"10,5";"0,886";"6,6"
"2024-11-01 19:00";"0,817";"9,7";"0,889";"6,4"
"2024-11-01 20:00";"0,804";"9,2";"0,855";"6,5"
"2024-11-01 21:00";"0,782";"8,9";"0,874";"6,9"
"2024-11-01 22:00";"0,784";"8,7";"0,89";"7,1"
"2024-11-01 23:00";"0,737";"6,8";"0,857";"7,2"
"2024-11-02 00:00";"0,771";"5,8";"0,854";"7,5"
"2024-11-02 01:00";"0,773";"4,3";"0,88";"7,9"
"2024-11-02 02:00";"1,77";"3,2";"1,84";"7,8"
"2024-11-02 03:00";"1,216";"2,5";"1,847";"7,4"
"2024-11-02 04:00";"0,878";"2,000";"1,133";"7,1"
"2024-11-02 05:00";"0,909";"1,4";"0,885";"7,000"
"2024-11-02 06:00";"0,926";"0,4";"0,861";"7,1"
"2024-11-02 07:00";"1,013";"-0,8";"0,864";"7,7"
"2024-11-02 08:00";"1,617";"1,2";"0,888";"8,4"
"2024-11-02 09:00";"0,922";"3,3";"0,818";"9,5"
"2024-11-02 10:00";"0,969";"4,3";"0,756";"10,9"
"2024-11-02 11:00";"0,747";"5,7";"0,775";"11,1"
"2024-11-02 12:00";"1,988";"6,6";"0,712";"11,000"
"2024-11-02 13:00";"1,494";"6,9";"0,751";"11,000"
"2024-11-02 14:00";"0,78";"7,3";"0,738";"10,8"
"2024-11-02 15:00";"0,793";"7,2";"1,018";"11,2"
"2024-11-02 16:00";"0,812";"5,3";"0,855";"11,2"
"2024-11-02 17:00";"1,083";"4,3";"0,931";"11,4"
"2024-11-02 18:00";"1,069";"4,2";"0,777";"11,2"
"2024-11-02 19:00";"1,066";"3,5";"0,806";"10,6"
"2024-11-02 20:00";"0,933";"3,3";"0,811";"9,8"
"2024-11-02 21:00";"1,129";"3,8";"0,896";"9,2"
"2024-11-02 22:00";"1,13";"5,2";"0,762";"8,8"
"2024-11-02 23:00";"1,038";"6,1";"0,797";"9,000"
"2024-11-03 00:00";"0,932";"6,4";"0,787";"8,9"
"2024-11-03 01:00";"0,957";"6,3";"0,798";"8,8"
"2024-11-03 02:00";"1,798";"6,7";"1,754";"8,7"
"2024-11-03 03:00";"0,991";"7,000";"1,278";"8,6"
"2024-11-03 04:00";"0,984";"7,5";"0,794";"8,4"
"2024-11-03 05:00";"1,588";"7,7";"0,769";"8,000"
"2024-11-03 06:00";"0,989";"8,000";"0,809";"7,7"
"2024-11-03 07:00";"0,969";"8,2";"1,247";"7,9"
"2024-11-03 08:00";"0,998";"8,4";"1,426";"8,5"
"2024-11-03 09:00";"0,989";"8,8";"0,803";"9,1"
"2024-11-03 10:00";"1,291";"9,3";"0,785";"10,000"
"2024-11-03 11:00";"1,416";"9,9";"0,77";"10,9"
"2024-11-03 12:00";"2,294";"10,4";"0,726";"10,9"
"2024-11-03 13:00";"2,268";"10,9";"0,721";"10,9"
"2024-11-03 14:00";"2,203";"11,2";"0,746";"10,6"
"2024-11-03 15:00";"2,199";"11,4";"0,748";"10,1"
"2024-11-03 16:00";"1,17";"11,5";"0,74";"9,3"
"2024-11-03 17:00";"1,225";"11,2";"0,761";"9,2"
"2024-11-03 18:00";"1,184";"10,9";"0,766";"8,9"
"2024-11-03 19:00";"1,176";"11,1";"0,767";"8,8"
"2024-11-03 20:00";"1,132";"11,2";"0,799";"8,5"
"2024-11-03 21:00";"1,102";"11,2";"0,855";"8,6"
"2024-11-03 22:00";"1,072";"11,2";"0,808";"8,6"
"2024-11-03 23:00";"1,073";"10,9";"0,777";"8,6"
"2024-11-04 00:00";"1,045";"10,4";"0,769";"8,3"
"2024-11-04 01:00";"1,07";"10,2";"0,774";"7,9"
"2024-11-04 02:00";"2,02";"10,6";"1,739";"7,5"
"2024-11-04 03:00";"2,061";"9,9";"1,74";"7,2"
"2024-11-04 04:00";"1,894";"9,000";"0,869";"7,2"
"2024-11-04 05:00";"1,056";"8,5";"0,782";"7,3"
"2024-11-04 06:00";"1,1";"8,4";"0,812";"7,3"
"2024-11-04 07:00";"1,109";"8,5";"0,784";"7,4"
"2024-11-04 08:00";"1,107";"8,8";"0,805";"7,8"
"2024-11-04 09:00";"0,962";"9,7";"0,809";"8,2"
"2024-11-04 10:00";"0,91";"10,000";"0,853";"8,4"
"2024-11-04 11:00";"0,959";"10,6";"0,85";"8,4"
"2024-11-04 12:00";"1,016";"10,9";"1,464";"8,5"
"2024-11-04 13:00";"0,99";"11,000";"0,813";"9,000"
"2024-11-04 14:00";"1,014";"10,8";"0,845";"8,7"
"2024-11-04 15:00";"0,982";"10,4";"1,001";"8,4"
"2024-11-04 16:00";"1,028";"10,2";"0,836";"8,3"
"2024-11-04 17:00";"1,023";"10,1";"0,819";"8,5"
"2024-11-04 18:00";"1,118";"10,000";"0,831";"8,8"
"2024-11-04 19:00";"1,044";"9,9";"0,984";"8,9"
"2024-11-04 20:00";"1,051";"9,6";"0,865";"8,8"
"2024-11-04 21:00";"1,14";"9,4";"0,911";"8,8"
"2024-11-04 22:00";"1,153";"9,4";"0,957";"8,9"
"2024-11-04 23:00";"1,132";"9,4";"0,961";"8,7"
"2024-11-05 00:00";"1,159";"9,4";"0,803";"8,4"
"2024-11-05 01:00";"1,037";"9,3";"0,847";"8,1"
"2024-11-05 02:00";"1,964";"9,4";"1,734";"8,3"
"2024-11-05 03:00";"1,314";"9,4";"0,824";"8,000"
"2024-11-05 04:00";"0,995";"9,2";"0,844";"8,000"
"2024-11-05 05:00";"1,009";"9,000";"1,493";"7,9"
"2024-11-05 06:00";"1,007";"9,000";"0,837";"7,8"
"2024-11-05 07:00";"1,025";"9,3";"0,87";"7,6"
"2024-11-05 08:00";"1,033";"9,8";"0,868";"7,4"
"2024-11-05 09:00";"1,021";"9,8";"0,887";"7,4"
"2024-11-05 10:00";"1,002";"9,9";"0,865";"7,5"
"2024-11-05 11:00";"0,984";"10,1";"0,861";"7,9"
"2024-11-05 12:00";"1,284";"10,1";"1,441";"8,8"
"2024-11-05 13:00";"1,054";"10,000";"0,834";"9,4"
"2024-11-05 14:00";"0,986";"9,9";"0,84";"9,4"
"2024-11-05 15:00";"0,999";"9,8";"0,849";"9,2"
"2024-11-05 16:00";"1,000";"9,4";"1,046";"8,8"
"2024-11-05 17:00";"1,207";"9,3";"0,894";"8,6"
"2024-11-05 18:00";"1,047";"9,1";"0,882";"8,4"
"2024-11-05 19:00";"1,041";"9,000";"0,863";"8,3"
"2024-11-05 20:00";"1,016";"9,000";"0,889";"8,000"
"2024-11-05 21:00";"1,019";"8,9";"0,876";"7,7"
"2024-11-05 22:00";"1,041";"8,8";"0,856";"7,1"
"2024-11-05 23:00";"1,002";"8,8";"0,856";"6,7"
"2024-11-06 00:00";"1,027";"8,7";"0,863";"6,5"
"2024-11-06 01:00";"1,041";"8,6";"0,827";"5,8"
"2024-11-06 02:00";"2,005";"8,4";"1,826";"5,7"
"2024-11-06 03:00";"1,779";"8,3";"1,821";"5,5"
"2024-11-06 04:00";"1,037";"8,2";"1,201";"5,2"
"2024-11-06 05:00";"1,051";"8,000";"0,856";"5,1"
"2024-11-06 06:00";"1,065";"7,9";"0,832";"5,1"
"2024-11-06 07:00";"1,061";"7,9";"0,852";"5,2"
"2024-11-06 08:00";"1,071";"7,9";"0,816";"5,8"
"2024-11-06 09:00";"1,042";"8,1";"0,844";"5,9"
"2024-11-06 10:00";"1,083";"8,2";"0,83";"6,8"
"2024-11-06 11:00";"1,221";"8,3";"0,824";"9,8"
"2024-11-06 12:00";"1,113";"8,7";"0,838";"10,2"
"2024-11-06 13:00";"1,057";"8,8";"1,376";"10,6"
"2024-11-06 14:00";"1,107";"8,7";"0,879";"10,7"
"2024-11-06 15:00";"1,038";"8,8";"0,818";"10,2"
"2024-11-06 16:00";"1,024";"8,7";"0,848";"9,7"
"2024-11-06 17:00";"1,039";"8,3";"0,961";"9,7"
"2024-11-06 18:00";"1,074";"8,2";"0,914";"9,6"
"2024-11-06 19:00";"1,11";"8,1";"0,855";"9,6"
"2024-11-06 20:00";"1,051";"7,9";"0,815";"9,3"
"2024-11-06 21:00";"1,1";"7,5";"0,821";"8,9"
"2024-11-06 22:00";"1,049";"7,3";"0,825";"8,8"
"2024-11-06 23:00";"1,053";"7,3";"0,825";"9,3"
"2024-11-07 00:00";"1,049";"7,4";"0,791";"9,3"
"2024-11-07 01:00";"1,037";"7,3";"0,817";"8,8"
"2024-11-07 02:00";"2,049";"7,3";"1,789";"8,8"
"2024-11-07 03:00";"2,04";"7,2";"1,461";"8,9"
"2024-11-07 04:00";"1,058";"7,000";"0,802";"8,4"
"2024-11-07 05:00";"1,102";"7,000";"0,822";"8,7"
"2024-11-07 06:00";"1,092";"7,2";"0,827";"8,7"
"2024-11-07 07:00";"1,114";"7,8";"0,883";"8,9"
"2024-11-07 08:00";"1,089";"8,1";"0,821";"9,1"
"2024-11-07 09:00";"1,099";"8,5";"0,82";"9,4"
"2024-11-07 10:00";"1,063";"8,9";"0,849";"9,5"
"2024-11-07 11:00";"1,077";"9,4";"0,847";"9,8"
"2024-11-07 12:00";"1,078";"9,6";"0,842";"9,5"
"2024-11-07 13:00";"1,24";"9,8";"0,834";"9,6"
"2024-11-07 14:00";"1,112";"9,8";"0,841";"9,7"
"2024-11-07 15:00";"1,048";"9,8";"0,819";"8,9"
"2024-11-07 16:00";"1,062";"9,6";"0,867";"9,000"
"2024-11-07 17:00";"1,116";"9,7";"1,488";"8,9"
"2024-11-07 18:00";"1,122";"9,7";"0,885";"8,7"
"2024-11-07 19:00";"1,055";"9,7";"0,849";"8,9"
"2024-11-07 20:00";"1,063";"9,4";"0,846";"9,1"
"2024-11-07 21:00";"1,06";"9,5";"0,897";"8,8"
"2024-11-07 22:00";"1,046";"9,4";"0,857";"8,6"
"2024-11-07 23:00";"1,057";"9,2";"0,877";"8,8"
"2024-11-08 00:00";"1,051";"9,3";"1,505";"8,6"
"2024-11-08 01:00";"1,074";"9,2";"0,863";"8,3"
"2024-11-08 02:00";"2,036";"9,000";"1,816";"8,3"
"2024-11-08 03:00";"1,909";"8,9";"1,843";"8,6"
"2024-11-08 04:00";"1,077";"8,9";"1,018";"8,3"
"2024-11-08 05:00";"1,066";"8,9";"0,882";"8,000"
"2024-11-08 06:00";"1,094";"8,8";"0,914";"7,8"
"2024-11-08 07:00";"1,073";"9,000";"0,863";"7,8"
"2024-11-08 08:00";"1,103";"9,2";"0,864";"8,1"
"2024-11-08 09:00";"1,127";"9,3";"0,88";"7,9"
"2024-11-08 10:00";"1,102";"9,5";"0,878";"8,6"
"2024-11-08 11:00";"1,123";"9,5";"0,879";"9,4"
"2024-11-08 12:00";"1,092";"9,5";"0,851";"9,8"
"2024-11-08 13:00";"1,123";"9,4";"1,503";"10,000"
"2024-11-08 14:00";"1,163";"9,2";"0,845";"10,000"
"2024-11-08 15:00";"1,105";"8,8";"0,802";"9,9"
"2024-11-08 16:00";"1,132";"8,7";"0,834";"9,5"
"2024-11-08 17:00";"1,125";"8,5";"0,865";"9,2"
"2024-11-08 18:00";"1,116";"8,7";"0,841";"8,9"
"2024-11-08 19:00";"1,325";"8,6";"0,862";"8,9"
"2024-11-08 20:00";"1,299";"8,4";"0,878";"8,4"
"2024-11-08 21:00";"1,254";"8,000";"0,869";"8,5"
"2024-11-08 22:00";"1,173";"7,8";"0,888";"8,2"
"2024-11-08 23:00";"1,122";"7,7";"0,896";"7,7"
"2024-11-09 00:00";"1,027";"7,5";"0,878";"7,9"
"2024-11-09 01:00";"1,043";"7,4";"0,879";"8,2"
"2024-11-09 02:00";"2,008";"7,4";"1,876";"8,3"
"2024-11-09 03:00";"1,493";"7,2";"1,206";"8,5"
"2024-11-09 04:00";"1,044";"7,000";"0,887";"8,4"
"2024-11-09 05:00";"1,063";"6,8";"0,911";"7,5"
"2024-11-09 06:00";"1,08";"6,6";"0,905";"6,9"
"2024-11-09 07:00";"1,08";"6,6";"0,9";"6,4"
"2024-11-09 08:00";"1,104";"6,3";"1,587";"6,000"
"2024-11-09 09:00";"1,083";"6,3";"0,911";"5,9"
"2024-11-09 10:00";"1,095";"6,4";"0,899";"6,000"
"2024-11-09 11:00";"1,107";"6,5";"0,919";"5,9"
"2024-11-09 12:00";"2,097";"6,6";"0,911";"5,9"
"2024-11-09 13:00";"1,923";"6,6";"0,897";"6,000"
"2024-11-09 14:00";"1,153";"6,5";"0,939";"6,000"
"2024-11-09 15:00";"1,175";"6,4";"0,955";"6,1"
"2024-11-09 16:00";"1,523";"6,4";"1,409";"6,2"
"2024-11-09 17:00";"1,739";"6,2";"1,489";"6,3"
"2024-11-09 18:00";"1,538";"6,1";"1,539";"7,2"
"2024-11-09 19:00";"1,255";"6,1";"0,935";"7,7"
"2024-11-09 20:00";"1,324";"6,1";"1,024";"7,9"
"2024-11-09 21:00";"1,313";"6,2";"0,908";"8,000"
"2024-11-09 22:00";"1,403";"6,1";"0,878";"7,4"
"2024-11-09 23:00";"1,36";"5,9";"0,907";"7,4"
"2024-11-10 00:00";"1,263";"6,000";"0,904";"7,5"
"2024-11-10 01:00";"1,213";"6,000";"0,88";"7,2"
"2024-11-10 02:00";"2,15";"6,1";"1,865";"6,5"
"2024-11-10 03:00";"1,367";"6,1";"1,888";"5,5"
"2024-11-10 04:00";"1,18";"6,1";"1,88";"5,000"
"2024-11-10 05:00";"1,242";"6,000";"1,886";"4,9"
"2024-11-10 06:00";"1,253";"5,9";"1,905";"5,6"
"2024-11-10 07:00";"1,565";"5,9";"0,975";"6,8"
"2024-11-10 08:00";"1,622";"6,1";"0,904";"7,4"
"2024-11-10 09:00";"1,243";"6,1";"0,936";"7,6"
"2024-11-10 10:00";"1,23";"6,1";"0,911";"8,2"
"2024-11-10 11:00";"1,215";"6,3";"1,36";"8,7"
"2024-11-10 12:00";"2,219";"6,2";"1,034";"9,5"
"2024-11-10 13:00";"1,281";"6,2";"0,892";"8,7"
"2024-11-10 14:00";"1,283";"6,1";"0,936";"8,3"
"2024-11-10 15:00";"1,278";"5,9";"0,921";"8,3"
"2024-11-10 16:00";"1,293";"5,4";"1,427";"7,4"
"2024-11-10 17:00";"1,153";"5,1";"1,595";"6,4"
"2024-11-10 18:00";"1,24";"4,9";"0,987";"6,3"
"2024-11-10 19:00";"1,225";"4,8";"1,006";"6,7"
"2024-11-10 20:00";"1,266";"4,8";"0,972";"7,000"
"2024-11-10 21:00";"1,621";"5,1";"0,961";"6,9"
"2024-11-10 22:00";"1,644";"5,4";"0,896";"6,9"
"2024-11-10 23:00";"1,612";"5,9";"0,934";"6,7"
"2024-11-11 00:00";"1,572";"6,4";"0,922";"5,9"
"2024-11-11 01:00";"1,579";"6,9";"0,931";"5,8"
"2024-11-11 02:00";"2,479";"7,5";"1,897";"5,8"
"2024-11-11 03:00";"2,477";"7,7";"1,906";"5,9"
"2024-11-11 04:00";"2,436";"7,8";"1,207";"6,000"
"2024-11-11 05:00";"2,07";"7,9";"0,926";"6,6"
"2024-11-11 06:00";"1,399";"8,000";"0,957";"6,3"
"2024-11-11 07:00";"1,384";"8,000";"0,957";"6,1"
"2024-11-11 08:00";"1,407";"8,1";"0,919";"6,8"
"2024-11-11 09:00";"1,434";"8,4";"0,919";"7,8"
"2024-11-11 10:00";"1,332";"8,7";"0,987";"8,1"
"2024-11-11 11:00";"1,395";"8,9";"1,032";"8,6"
"2024-11-11 12:00";"1,419";"8,9";"1,645";"9,2"
"2024-11-11 13:00";"1,336";"8,6";"0,953";"8,8"
"2024-11-11 14:00";"1,345";"8,2";"0,944";"8,9"
"2024-11-11 15:00";"1,314";"8,000";"0,962";"8,6"
"2024-11-11 16:00";"1,339";"7,8";"0,902";"8,000"
"2024-11-11 17:00";"1,331";"7,5";"0,981";"7,4"
"2024-11-11 18:00";"1,346";"7,4";"1,009";"7,4"
"2024-11-11 19:00";"1,498";"7,1";"0,974";"7,4"
"2024-11-11 20:00";"1,41";"7,000";"1,049";"7,2"
"2024-11-11 21:00";"1,324";"7,000";"0,991";"7,1"
"2024-11-11 22:00";"1,394";"6,7";"1,348";"6,6"
"2024-11-11 23:00";"1,399";"6,9";"1,217";"6,2"
"2024-11-12 00:00";"1,336";"6,8";"0,955";"6,2"
"2024-11-12 01:00";"1,336";"6,9";"0,923";"6,2"
"2024-11-12 02:00";"2,328";"6,9";"1,86";"6,000"
"2024-11-12 03:00";"1,937";"6,9";"0,943";"5,9"
"2024-11-12 04:00";"1,355";"6,9";"0,954";"5,7"
"2024-11-12 05:00";"1,387";"7,1";"0,957";"5,7"
"2024-11-12 06:00";"1,345";"7,2";"0,974";"5,8"
"2024-11-12 07:00";"1,377";"6,7";"0,99";"5,3"
"2024-11-12 08:00";"1,374";"6,3";"0,976";"5,6"
"2024-11-12 09:00";"1,339";"6,2";"1,019";"6,000"
"2024-11-12 10:00";"1,362";"6,5";"1,000";"6,4"
"2024-11-12 11:00";"1,302";"6,3";"1,013";"7,3"
"2024-11-12 12:00";"1,333";"5,4";"1,937";"7,8"
"2024-11-12 13:00";"1,316";"4,4";"1,17";"8,3"
"2024-11-12 14:00";"1,373";"4,1";"1,000";"8,2"
"2024-11-12 15:00";"1,51";"4,1";"1,012";"7,6"
"2024-11-12 16:00";"1,294";"4,5";"1,066";"6,4"
"2024-11-12 17:00";"1,164";"4,7";"1,042";"5,6"
"2024-11-12 18:00";"1,098";"4,8";"1,111";"5,3"
"2024-11-12 19:00";"1,152";"4,7";"1,307";"5,1"
"2024-11-12 20:00";"1,142";"4,5";"1,207";"4,9"
"2024-11-12 21:00";"1,11";"4,2";"1,571";"5,3"
"2024-11-12 22:00";"1,145";"4,1";"1,06";"4,9"
"2024-11-12 23:00";"1,147";"4,000";"1,011";"3,5"
"2024-11-13 00:00";"1,188";"4,1";"1,029";"2,5"
"2024-11-13 01:00";"1,186";"4,2";"1,035";"1,6"
"2024-11-13 02:00";"2,31";"4,5";"1,905";"1,3"
"2024-11-13 03:00";"2,624";"4,8";"1,051";"1,2"
"2024-11-13 04:00";"1,232";"4,8";"1,107";"1,1"
"2024-11-13 05:00";"1,255";"5,2";"1,133";"0,7"
"2024-11-13 06:00";"1,293";"4,9";"1,124";"0,9"
"2024-11-13 07:00";"1,299";"4,8";"1,178";"0,5"
"2024-11-13 08:00";"1,364";"5,000";"1,138";"0,7"
"2024-11-13 09:00";"1,311";"4,8";"1,074";"2,5"
"2024-11-13 10:00";"1,359";"5,000";"1,047";"5,8"
"2024-11-13 11:00";"1,279";"5,9";"1,548";"6,2"
"2024-11-13 12:00";"1,319";"6,6";"1,18";"6,8"
"2024-11-13 13:00";"1,291";"7,4";"1,034";"6,7"
"2024-11-13 14:00";"1,269";"7,8";"1,044";"6,8"
"2024-11-13 15:00";"1,23";"8,1";"1,037";"6,000"
"2024-11-13 16:00";"1,227";"8,000";"1,107";"5,2"
"2024-11-13 17:00";"1,346";"8,3";"1,309";"5,1"
"2024-11-13 18:00";"1,235";"8,7";"1,969";"5,3"
"2024-11-13 19:00";"1,387";"8,7";"1,33";"5,5"
"2024-11-13 20:00";"1,368";"8,5";"1,886";"6,2"
"2024-11-13 21:00";"1,361";"8,4";"1,17";"6,6"
"2024-11-13 22:00";"1,229";"9,000";"1,091";"6,8"
"2024-11-13 23:00";"1,165";"9,1";"1,063";"5,4"
"2024-11-14 00:00";"1,199";"9,1";"1,075";"5,2"
"2024-11-14 01:00";"1,182";"8,9";"1,073";"5,000"
"2024-11-14 02:00";"2,168";"8,8";"2,739";"5,3"
"2024-11-14 03:00";"2,165";"8,6";"2,071";"5,3"
"2024-11-14 04:00";"1,261";"8,6";"1,396";"5,000"
"2024-11-14 05:00";"1,202";"8,4";"1,145";"4,8"
"2024-11-14 06:00";"1,175";"8,3";"1,118";"4,9"
"2024-11-14 07:00";"1,203";"8,2";"1,211";"5,000"
"2024-11-14 08:00";"1,204";"7,5";"1,214";"5,1"
"2024-11-14 09:00";"1,156";"8,5";"1,196";"5,4"
"2024-11-14 10:00";"1,043";"8,8";"1,229";"6,000"
"2024-11-14 11:00";"0,973";"8,9";"1,741";"6,7"
"2024-11-14 12:00";"0,974";"8,6";"1,393";"7,2"
"2024-11-14 13:00";"1,012";"8,3";"1,232";"7,4"
"2024-11-14 14:00";"0,979";"7,9";"1,217";"7,1"
"2024-11-14 15:00";"1,062";"6,8";"1,181";"6,5"
"2024-11-14 16:00";"1,317";"5,7";"1,221";"6,1"
"2024-11-14 17:00";"1,279";"4,8";"1,568";"5,5"
"2024-11-14 18:00";"1,242";"3,8";"1,305";"4,7"
"2024-11-14 19:00";"1,231";"3,1";"1,265";"4,5"
"2024-11-14 20:00";"1,329";"2,7";"1,271";"4,6"
"2024-11-14 21:00";"1,316";"2,4";"1,944";"4,7"
"2024-11-14 22:00";"1,26";"2,000";"1,292";"4,8"
"2024-11-14 23:00";"1,259";"1,7";"1,29";"4,9"
"2024-11-15 00:00";"1,24";"1,4";"1,261";"4,9"
"2024-11-15 01:00";"1,252";"1,3";"1,285";"4,9"
"2024-11-15 02:00";"2,254";"1,7";"2,261";"4,7"
"2024-11-15 03:00";"2,272";"3,4";"2,244";"4,2"
"2024-11-15 04:00";"1,323";"5,6";"1,794";"3,5"
"2024-11-15 05:00";"1,898";"6,4";"1,304";"3,2"
"2024-11-15 06:00";"1,318";"6,8";"1,514";"2,9"
"2024-11-15 07:00";"1,301";"7,4";"1,827";"2,7"
"2024-11-15 08:00";"1,324";"7,9";"1,326";"2,5"
"2024-11-15 09:00";"1,297";"8,5";"1,255";"3,4"
"2024-11-15 10:00";"1,309";"9,000";"1,202";"4,2"
"2024-11-15 11:00";"1,281";"9,1";"1,104";"5,1"
"2024-11-15 12:00";"1,354";"9,1";"1,058";"5,3"
"2024-11-15 13:00";"1,321";"9,5";"1,076";"5,6"
"2024-11-15 14:00";"1,255";"9,7";"1,107";"5,6"
"2024-11-15 15:00";"1,171";"9,6";"1,091";"5,4"
"2024-11-15 16:00";"1,21";"9,7";"1,134";"5,2"
"2024-11-15 17:00";"1,213";"9,8";"1,145";"4,8"
"2024-11-15 18:00";"1,25";"9,8";"1,689";"4,3"
"2024-11-15 19:00";"1,307";"9,9";"1,358";"4,000"
"2024-11-15 20:00";"1,272";"10,2";"1,207";"4,000"
"2024-11-15 21:00";"1,272";"10,4";"1,226";"4,000"
"2024-11-15 22:00";"1,262";"10,1";"1,23";"4,000"
"2024-11-15 23:00";"1,161";"9,6";"1,209";"4,000"
"2024-11-16 00:00";"1,1";"9,3";"1,23";"4,1"
"2024-11-16 01:00";"1,083";"9,5";"1,228";"4,1"
"2024-11-16 02:00";"2,068";"9,7";"2,21";"3,6"
"2024-11-16 03:00";"1,667";"9,8";"1,637";"3,7"
"2024-11-16 04:00";"1,084";"9,7";"1,3";"3,7"
"2024-11-16 05:00";"1,074";"9,7";"2,021";"3,8"
"2024-11-16 06:00";"1,099";"9,7";"1,372";"3,7"
"2024-11-16 07:00";"1,105";"9,6";"1,394";"3,8"
"2024-11-16 08:00";"1,119";"9,7";"1,421";"4,1"
"2024-11-16 09:00";"1,132";"9,5";"1,418";"4,2"
"2024-11-16 10:00";"1,094";"9,4";"1,427";"4,4"
"2024-11-16 11:00";"1,142";"9,5";"1,439";"4,5"
"2024-11-16 12:00";"2,067";"9,6";"1,415";"4,7"
"2024-11-16 13:00";"1,641";"9,6";"2,079";"4,8"
"2024-11-16 14:00";"1,101";"9,5";"1,393";"4,9"
"2024-11-16 15:00";"1,086";"9,3";"1,381";"4,8"
"2024-11-16 16:00";"1,071";"9,000";"2,57";"4,6"
"2024-11-16 17:00";"1,11";"8,5";"1,533";"4,6"
"2024-11-16 18:00";"1,143";"8,4";"1,379";"4,3"
"2024-11-16 19:00";"1,378";"8,000";"1,403";"4,2"
"2024-11-16 20:00";"1,196";"7,8";"2,006";"4,2"
"2024-11-16 21:00";"1,147";"7,6";"1,707";"4,1"
"2024-11-16 22:00";"1,146";"7,4";"1,353";"3,8"
"2024-11-16 23:00";"1,126";"7,3";"1,324";"3,8"
"2024-11-17 00:00";"1,112";"7,4";"1,807";"3,8"
"2024-11-17 01:00";"1,149";"7,4";"1,47";"3,6"
"2024-11-17 02:00";"1,977";"6,9";"2,253";"3,4"
"2024-11-17 03:00";"1,155";"6,8";"2,304";"3,1"
"2024-11-17 04:00";"1,137";"6,8";"1,549";"3,3"
"2024-11-17 05:00";"1,148";"6,7";"1,32";"3,4"
"2024-11-17 06:00";"1,159";"6,7";"1,349";"3,5"
"2024-11-17 07:00";"1,164";"6,7";"1,342";"3,5"
"2024-11-17 08:00";"1,212";"6,8";"1,107";"3,7"
"2024-11-17 09:00";"1,142";"7,000";"1,106";"4,5"
"2024-11-17 10:00";"1,12";"7,1";"1,754";"4,8"
"2024-11-17 11:00";"1,027";"7,3";"1,091";"4,7"
"2024-11-17 12:00";"2,491";"7,4";"1,131";"4,7"
"2024-11-17 13:00";"1,722";"7,6";"1,112";"4,5"
"2024-11-17 14:00";"1,052";"7,8";"1,159";"4,5"
"2024-11-17 15:00";"1,237";"7,5";"1,154";"3,8"
"2024-11-17 16:00";"1,245";"6,9";"1,679";"3,5"
"2024-11-17 17:00";"1,131";"6,6";"1,658";"2,9"
"2024-11-17 18:00";"1,156";"6,1";"1,944";"2,3"
"2024-11-17 19:00";"1,335";"6,1";"1,952";"2,3"
"2024-11-17 20:00";"1,364";"6,000";"1,265";"2,000"
"2024-11-17 21:00";"1,388";"5,5";"1,22";"1,5"
"2024-11-17 22:00";"1,365";"5,3";"1,215";"0,6"
"2024-11-17 23:00";"1,322";"5,1";"1,211";"-0,6"
"2024-11-18 00:00";"1,378";"4,9";"1,215";"-1,1"
"2024-11-18 01:00";"1,369";"5,000";"1,256";"-1,4"
"2024-11-18 02:00";"2,17";"4,8";"2,234";"-1,7"
"2024-11-18 03:00";"1,375";"4,6";"1,84";"-1,9"
"2024-11-18 04:00";"1,36";"4,6";"1,898";"-2,2"
"2024-11-18 05:00";"1,412";"4,5";"1,315";"-2,3"
"2024-11-18 06:00";"1,417";"4,5";"1,321";"-2,1"
"2024-11-18 07:00";"1,459";"4,3";"1,361";"-2,2"
"2024-11-18 08:00";"1,405";"4,3";"1,351";"-1,8"
"2024-11-18 09:00";"1,446";"4,5";"1,293";"-0,3"
"2024-11-18 10:00";"1,504";"4,9";"1,104";"1,7"
"2024-11-18 11:00";"1,385";"5,4";"1,05";"3,000"
"2024-11-18 12:00";"1,298";"6,000";"2,492";"3,3"
"2024-11-18 13:00";"1,289";"6,2";"1,843";"3,8"
"2024-11-18 14:00";"1,281";"5,7";"1,281";"3,5"
"2024-11-18 15:00";"1,334";"5,7";"1,367";"2,5"
"2024-11-18 16:00";"1,331";"5,7";"1,053";"1,5"
"2024-11-18 17:00";"1,367";"5,4";"1,146";"1,3"
"2024-11-18 18:00";"1,666";"4,9";"1,158";"1,000"
"2024-11-18 19:00";"1,578";"4,5";"1,185";"0,8"
"2024-11-18 20:00";"1,607";"4,4";"1,149";"1,3"
"2024-11-18 21:00";"1,625";"4,6";"1,204";"1,8"
"2024-11-18 22:00";"1,466";"4,9";"1,396";"2,3"
"2024-11-18 23:00";"1,451";"4,6";"1,651";"2,6"
"2024-11-19 00:00";"1,407";"4,000";"1,215";"3,000"
"2024-11-19 01:00";"1,492";"3,9";"1,169";"3,2"
"2024-11-19 02:00";"3,075";"3,7";"2,012";"3,3"
"2024-11-19 03:00";"2,445";"3,5";"1,193";"3,9"
"2024-11-19 04:00";"1,524";"3,4";"1,174";"4,5"
"2024-11-19 05:00";"1,577";"3,1";"1,194";"4,3"
"2024-11-19 06:00";"1,618";"2,6";"1,924";"4,3"
"2024-11-19 07:00";"1,588";"1,7";"1,213";"4,5"
"2024-11-19 08:00";"1,658";"1,2";"1,194";"4,9"
"2024-11-19 09:00";"1,587";"1,7";"1,218";"4,9"
"2024-11-19 10:00";"1,592";"2,4";"1,24";"4,5"
"2024-11-19 11:00";"1,594";"3,1";"1,232";"4,1"
"2024-11-19 12:00";"1,579";"3,3";"2,025";"3,9"
"2024-11-19 13:00";"1,615";"3,000";"1,337";"3,4"
"2024-11-19 14:00";"1,579";"3,2";"1,402";"3,6"
"2024-11-19 15:00";"1,618";"3,1";"1,831";"3,7"
"2024-11-19 16:00";"1,632";"2,7";"1,257";"3,5"
"2024-11-19 17:00";"1,646";"2,000";"1,278";"3,4"
"2024-11-19 18:00";"1,645";"1,7";"1,288";"3,4"
"2024-11-19 19:00";"1,675";"1,6";"1,304";"3,6"
"2024-11-19 20:00";"2,334";"1,6";"1,28";"3,6"
"2024-11-19 21:00";"1,71";"1,3";"1,242";"3,7"
"2024-11-19 22:00";"1,762";"1,3";"2,359";"3,9"
"2024-11-19 23:00";"1,697";"1,3";"1,747";"4,000"
"2024-11-20 00:00";"1,723";"1,2";"1,235";"4,1"
"2024-11-20 01:00";"1,691";"1,1";"1,231";"4,3"
"2024-11-20 02:00";"2,706";"1,000";"2,174";"4,4"
"2024-11-20 03:00";"2,643";"0,7";"1,981";"4,5"
"2024-11-20 04:00";"1,741";"0,6";"1,905";"4,6"
"2024-11-20 05:00";"1,776";"0,000";"1,187";"4,6"
"2024-11-20 06:00";"1,722";"-0,3";"1,206";"4,8"
"2024-11-20 07:00";"1,836";"-0,8";"1,255";"4,8"
"2024-11-20 08:00";"1,866";"-0,7";"1,23";"4,9"
"2024-11-20 09:00";"1,782";"-0,3";"1,195";"5,1"
"2024-11-20 10:00";"1,694";"0,2";"1,879";"5,4"
"2024-11-20 11:00";"1,772";"0,4";"1,214";"5,2"
"2024-11-20 12:00";"1,602";"1,8";"1,209";"5,000"
"2024-11-20 13:00";"1,545";"1,9";"1,212";"4,8"
"2024-11-20 14:00";"1,538";"1,7";"1,203";"4,8"
"2024-11-20 15:00";"1,532";"0,3";"1,202";"5,1"
"2024-11-20 16:00";"1,657";"-0,6";"1,619";"4,8"
"2024-11-20 17:00";"1,88";"-1,6";"1,478";"4,5"
"2024-11-20 18:00";"2,38";"-1,000";"1,294";"4,4"
"2024-11-20 19:00";"1,881";"-1,7";"1,302";"4,4"
"2024-11-20 20:00";"1,899";"-1,6";"1,295";"4,1"
"2024-11-20 21:00";"1,819";"-3,1";"1,224";"4,000"
"2024-11-20 22:00";"1,72";"-3,1";"1,215";"4,000"
"2024-11-20 23:00";"1,806";"-4,000";"1,289";"3,9"
"2024-11-21 00:00";"1,822";"-3,8";"1,894";"3,9"
"2024-11-21 01:00";"1,848";"-3,6";"1,214";"3,000"
"2024-11-21 02:00";"2,82";"-2,1";"2,183";"2,6"
"2024-11-21 03:00";"2,416";"-1,1";"1,645";"2,8"
"2024-11-21 04:00";"1,873";"-0,5";"1,251";"2,8"
"2024-11-21 05:00";"1,874";"-1,2";"1,23";"3,1"
"2024-11-21 06:00";"1,864";"-0,1";"1,467";"3,2"
"2024-11-21 07:00";"1,931";"-0,3";"1,778";"3,2"
"2024-11-21 08:00";"2,53";"0,3";"1,29";"3,000"
"2024-11-21 09:00";"1,897";"0,8";"1,238";"3,3"
"2024-11-21 10:00";"1,766";"0,8";"1,257";"3,5"
"2024-11-21 11:00";"1,675";"1,1";"1,258";"3,4"
"2024-11-21 12:00";"1,598";"1,5";"1,386";"3,4"
"2024-11-21 13:00";"1,624";"0,7";"1,813";"3,5"
"2024-11-21 14:00";"1,622";"-0,6";"1,228";"3,6"
"2024-11-21 15:00";"1,784";"-1,4";"1,253";"2,9"
"2024-11-21 16:00";"1,8";"-1,2";"1,286";"2,1"
"2024-11-21 17:00";"1,728";"-1,6";"1,395";"2,000"
"2024-11-21 18:00";"1,81";"-2,8";"1,362";"1,3"
"2024-11-21 19:00";"1,815";"-3,6";"2,033";"0,5"
"2024-11-21 20:00";"1,878";"-3,9";"1,402";"0,3"
"2024-11-21 21:00";"1,835";"-4,000";"1,384";"0,3"
"2024-11-21 22:00";"1,872";"-4,6";"1,423";"-0,3"
"2024-11-21 23:00";"1,89";"-5,3";"1,401";"-0,8"
"2024-11-22 00:00";"1,89";"-3,7";"1,418";"-1,000"
"2024-11-22 01:00";"2,439";"-3,7";"1,586";"-1,6"
"2024-11-22 02:00";"2,983";"-3,7";"2,982";"-2,4"
"2024-11-22 03:00";"2,432";"-4,3";"2,42";"-2,6"
"2024-11-22 04:00";"1,989";"-5,000";"1,841";"-3,1"
"2024-11-22 05:00";"2,032";"-5,000";"1,522";"-3,9"
"2024-11-22 06:00";"2,049";"-5,8";"1,511";"-3,4"
"2024-11-22 07:00";"2,103";"-5,5";"1,633";"-3,3"
"2024-11-22 08:00";"2,089";"-5,000";"2,181";"-2,7"
"2024-11-22 09:00";"2,203";"-3,8";"1,537";"-1,8"
"2024-11-22 10:00";"2,172";"-1,9";"1,44";"-0,8"
"2024-11-22 11:00";"2,085";"-0,9";"1,453";"1,000"
"2024-11-22 12:00";"2,052";"0,6";"1,339";"3,8"
"2024-11-22 13:00";"2,636";"1,5";"2,044";"4,2"
"2024-11-22 14:00";"1,991";"-0,3";"1,339";"4,2"
"2024-11-22 15:00";"2,017";"-0,2";"1,318";"4,1"
"2024-11-22 16:00";"1,992";"0,000";"1,361";"4,2"
"2024-11-22 17:00";"1,955";"-1,2";"1,353";"3,5"
"2024-11-22 18:00";"2,007";"-2,2";"2,026";"4,4"
"2024-11-22 19:00";"2,061";"-2,5";"1,392";"4,5"
"2024-11-22 20:00";"2,02";"-3,7";"1,418";"4,000"
"2024-11-22 21:00";"2,699";"-5,2";"1,413";"4,000"
"2024-11-22 22:00";"2,114";"-4,6";"1,39";"3,7"
"2024-11-22 23:00";"2,078";"-4,7";"1,889";"4,5"
"2024-11-23 00:00";"2,094";"-4,2";"1,615";"5,1"
"2024-11-23 01:00";"2,136";"-4,5";"1,329";"5,6"
"2024-11-23 02:00";"3,067";"-2,4";"2,336";"6,3"
"2024-11-23 03:00";"3,08";"0,6";"1,899";"7,000"
"2024-11-23 04:00";"2,818";"1,2";"1,754";"7,9"
"2024-11-23 05:00";"2,101";"1,6";"1,247";"9,3"
"2024-11-23 06:00";"2,072";"1,8";"1,229";"9,8"
"2024-11-23 07:00";"2,038";"2,2";"1,222";"9,9"
"2024-11-23 08:00";"2,042";"2,2";"1,142";"9,9"
"2024-11-23 09:00";"2,047";"2,6";"1,355";"9,5"
"2024-11-23 10:00";"1,922";"3,1";"1,62";"8,8"
"2024-11-23 11:00";"1,936";"3,7";"1,142";"8,4"
"2024-11-23 12:00";"2,494";"4,000";"1,116";"8,5"
"2024-11-23 13:00";"1,707";"4,000";"1,111";"8,3"
"2024-11-23 14:00";"1,578";"4,3";"1,113";"8,3"
"2024-11-23 15:00";"1,597";"4,1";"1,123";"8,3"
"2024-11-23 16:00";"1,634";"3,6";"2,005";"6,6"
"2024-11-23 17:00";"1,719";"2,7";"1,862";"6,4"
"2024-11-23 18:00";"1,656";"1,8";"1,796";"6,8"
"2024-11-23 19:00";"2,271";"2,1";"1,22";"6,5"
"2024-11-23 20:00";"1,666";"2,5";"1,236";"6,2"
"2024-11-23 21:00";"1,642";"3,5";"1,205";"6,000"
"2024-11-23 22:00";"1,613";"3,3";"1,189";"5,8"
"2024-11-23 23:00";"1,564";"3,000";"1,161";"5,8"
"2024-11-24 00:00";"1,537";"2,8";"1,862";"5,5"
"2024-11-24 01:00";"1,558";"2,9";"1,166";"5,2"
"2024-11-24 02:00";"2,499";"2,9";"2,182";"5,1"
"2024-11-24 03:00";"1,575";"2,7";"1,967";"4,7"
"2024-11-24 04:00";"1,602";"2,7";"1,187";"4,4"
"2024-11-24 05:00";"1,544";"2,7";"1,19";"4,5"
"2024-11-24 06:00";"1,57";"2,9";"1,25";"4,1"
"2024-11-24 07:00";"1,552";"3,2";"1,387";"3,7"
"2024-11-24 08:00";"1,603";"3,5";"1,874";"3,7"
"2024-11-24 09:00";"1,612";"4,1";"1,231";"4,1"
"2024-11-24 10:00";"1,555";"5,2";"1,2";"4,1"
"2024-11-24 11:00";"1,532";"6,3";"1,219";"3,2"
"2024-11-24 12:00";"3,346";"6,9";"1,247";"2,7"
"2024-11-24 13:00";"3,254";"8,000";"1,241";"1,8"
"2024-11-24 14:00";"2,396";"8,7";"1,985";"2,2"
"2024-11-24 15:00";"1,762";"9,5";"1,287";"1,2"
"2024-11-24 16:00";"1,99";"10,2";"1,286";"0,3"
"2024-11-24 17:00";"1,973";"10,8";"2,109";"-0,2"
"2024-11-24 18:00";"1,763";"10,8";"1,368";"-0,1"
"2024-11-24 19:00";"1,718";"11,1";"1,338";"0,3"
"2024-11-24 20:00";"1,754";"11,8";"1,373";"0,2"
"2024-11-24 21:00";"1,657";"12,1";"2,088";"-0,1"
"2024-11-24 22:00";"1,528";"12,1";"1,31";"0,3"
"2024-11-24 23:00";"1,485";"12,4";"1,314";"0,3"
"2024-11-25 00:00";"1,528";"12,3";"1,265";"0,2"
"2024-11-25 01:00";"1,459";"12,7";"1,336";"0,1"
"2024-11-25 02:00";"2,337";"13,000";"2,279";"-0,6"
"2024-11-25 03:00";"1,484";"12,9";"2,556";"-1,3"
"2024-11-25 04:00";"1,521";"13,1";"1,756";"-0,9"
"2024-11-25 05:00";"1,502";"13,2";"1,391";"-0,8"
"2024-11-25 06:00";"1,65";"12,9";"1,406";"-0,4"
"2024-11-25 07:00";"1,297";"12,3";"1,373";"-0,3"
"2024-11-25 08:00";"1,263";"11,8";"1,491";"-0,2"
"2024-11-25 09:00";"1,252";"12,000";"1,556";"0,2"
"2024-11-25 10:00";"1,276";"12,1";"1,899";"0,3"
"2024-11-25 11:00";"1,245";"11,9";"1,352";"0,6"
"2024-11-25 12:00";"1,242";"12,4";"1,975";"0,5"
"2024-11-25 13:00";"1,249";"13,000";"1,282";"0,2"
"2024-11-25 14:00";"1,222";"12,9";"1,279";"-0,2"
"2024-11-25 15:00";"1,283";"13,2";"1,296";"-0,9"
"2024-11-25 16:00";"1,304";"13,2";"2,075";"-1,6"
"2024-11-25 17:00";"1,242";"12,5";"1,443";"-2,4"
"2024-11-25 18:00";"1,282";"12,4";"1,461";"-2,7"
"2024-11-25 19:00";"1,242";"12,4";"1,6";"-2,8"
"2024-11-25 20:00";"1,278";"10,5";"1,488";"-3,4"
"2024-11-25 21:00";"1,311";"8,8";"1,498";"-3,9"
"2024-11-25 22:00";"1,262";"9,2";"2,233";"-4,6"
"2024-11-25 23:00";"1,224";"9,2";"1,564";"-5,1"
"2024-11-26 00:00";"1,201";"9,2";"1,545";"-5,5"
"2024-11-26 01:00";"1,166";"8,7";"1,619";"-5,7"
"2024-11-26 02:00";"2,181";"8,6";"2,535";"-5,5"
"2024-11-26 03:00";"1,876";"8,6";"2,322";"-5,6"
"2024-11-26 04:00";"1,205";"8,5";"2,084";"-5,1"
"2024-11-26 05:00";"1,227";"8,2";"1,669";"-5,8"
"2024-11-26 06:00";"1,214";"7,8";"1,71";"-6,000"
"2024-11-26 07:00";"1,244";"7,6";"1,692";"-5,7"
"2024-11-26 08:00";"1,25";"7,7";"1,769";"-5,7"
"2024-11-26 09:00";"1,234";"7,9";"2,379";"-3,7"
"2024-11-26 10:00";"1,298";"8,000";"1,598";"-1,6"
"2024-11-26 11:00";"1,268";"8,4";"1,502";"-0,4"
"2024-11-26 12:00";"1,219";"8,5";"2,047";"0,1"
"2024-11-26 13:00";"1,18";"8,5";"1,468";"0,4"
"2024-11-26 14:00";"1,164";"8,3";"1,411";"0,2"
"2024-11-26 15:00";"1,22";"8,2";"2,166";"-1,000"
"2024-11-26 16:00";"1,223";"7,9";"1,617";"-1,9"
"2024-11-26 17:00";"1,221";"7,7";"1,603";"-2,4"
"2024-11-26 18:00";"1,243";"7,7";"1,638";"-2,5"
"2024-11-26 19:00";"1,244";"7,4";"1,627";"-2,9"
"2024-11-26 20:00";"1,269";"7,1";"1,687";"-4,000"
"2024-11-26 21:00";"1,289";"7,000";"2,061";"-4,2"
"2024-11-26 22:00";"1,281";"6,8";"2,045";"-4,7"
"2024-11-26 23:00";"1,324";"6,4";"1,638";"-5,5"
"2024-11-27 00:00";"1,301";"6,3";"1,645";"-5,2"
"2024-11-27 01:00";"1,32";"6,3";"1,696";"-5,2"
"2024-11-27 02:00";"2,31";"6,4";"3,056";"-5,7"
"2024-11-27 03:00";"1,725";"6,7";"2,95";"-6,000"
"2024-11-27 04:00";"1,345";"6,8";"2,292";"-5,9"
"2024-11-27 05:00";"1,356";"6,8";"1,767";"-6,3"
"2024-11-27 06:00";"1,368";"6,6";"1,782";"-6,7"
"2024-11-27 07:00";"1,393";"6,6";"2,528";"-7,000"
"2024-11-27 08:00";"1,347";"6,5";"1,865";"-7,000"
"2024-11-27 09:00";"1,337";"6,7";"1,874";"-6,5"
"2024-11-27 10:00";"1,342";"7,000";"1,799";"-6,1"
"2024-11-27 11:00";"1,334";"7,000";"2,294";"-5,5"
"2024-11-27 12:00";"1,363";"7,2";"2,021";"-4,000"
"2024-11-27 13:00";"1,334";"7,1";"1,754";"-3,7"
"2024-11-27 14:00";"1,364";"6,9";"1,798";"-3,9"
"2024-11-27 15:00";"1,332";"6,6";"1,808";"-4,4"
"2024-11-27 16:00";"1,346";"6,000";"4,007";"-3,9"
"2024-11-27 17:00";"1,361";"5,9";"3,711";"-3,2"
"2024-11-27 18:00";"1,333";"5,9";"3,858";"-2,8"
"2024-11-27 19:00";"1,334";"5,9";"2,873";"-2,9"
"2024-11-27 20:00";"1,362";"5,8";"2,19";"-2,9"
"2024-11-27 21:00";"1,379";"5,9";"2,15";"-2,8"
"2024-11-27 22:00";"1,367";"5,9";"2,47";"-3,6"
"2024-11-27 23:00";"1,341";"5,6";"1,947";"-4,3"
"2024-11-28 00:00";"1,35";"5,4";"1,918";"-4,9"
"2024-11-28 01:00";"1,391";"5,5";"1,937";"-5,1"
"2024-11-28 02:00";"2,325";"5,5";"3,671";"-5,4"
"2024-11-28 03:00";"2,303";"5,4";"2,335";"-5,9"
"2024-11-28 04:00";"1,389";"5,4";"1,973";"-6,5"
"2024-11-28 05:00";"1,396";"5,5";"2,027";"-7,1"
"2024-11-28 06:00";"1,465";"5,3";"2,637";"-7,8"
"2024-11-28 07:00";"1,451";"4,8";"2,2";"-8,4"
"2024-11-28 08:00";"1,466";"4,3";"2,153";"-8,5"
"2024-11-28 09:00";"1,499";"4,2";"2,034";"-8,000"
"2024-11-28 10:00";"1,498";"4,6";"1,968";"-6,9"
"2024-11-28 11:00";"1,523";"5,2";"2,614";"-6,1"
"2024-11-28 12:00";"1,494";"5,6";"1,904";"-5,3"
"2024-11-28 13:00";"1,511";"5,7";"1,866";"-4,8"
"2024-11-28 14:00";"1,497";"5,8";"1,77";"-4,6"
"2024-11-28 15:00";"1,509";"5,6";"1,806";"-5,4"
"2024-11-28 16:00";"1,576";"5,2";"1,976";"-6,2"
"2024-11-28 17:00";"1,693";"4,7";"2,853";"-6,9"
"2024-11-28 18:00";"1,508";"4,6";"1,945";"-7,5"
"2024-11-28 19:00";"1,472";"4,3";"1,914";"-8,3"
"2024-11-28 20:00";"1,566";"3,8";"1,967";"-8,4"
"2024-11-28 21:00";"1,532";"3,7";"2,645";"-8,000"
"2024-11-28 22:00";"1,514";"3,3";"2,142";"-7,4"
"2024-11-28 23:00";"1,546";"2,9";"2,024";"-6,9"
"2024-11-29 00:00";"1,568";"2,4";"2,038";"-6,3"
"2024-11-29 01:00";"1,58";"1,9";"2,007";"-6,000"
"2024-11-29 02:00";"2,588";"1,6";"3,417";"-6,4"
"2024-11-29 03:00";"2,293";"1,9";"2,871";"-6,8"
"2024-11-29 04:00";"1,661";"2,000";"2,018";"-7,2"
"2024-11-29 05:00";"1,636";"2,2";"2,034";"-6,9"
"2024-11-29 06:00";"1,678";"1,5";"1,991";"-5,5"
"2024-11-29 07:00";"1,671";"0,1";"2,344";"-4,5"
"2024-11-29 08:00";"1,71";"0,1";"2,404";"-3,8"
"2024-11-29 09:00";"1,667";"1,3";"1,993";"-3,9"
"2024-11-29 10:00";"1,698";"2,2";"1,93";"-3,6"
"2024-11-29 11:00";"2,191";"2,9";"1,95";"-2,7"
"2024-11-29 12:00";"1,846";"3,9";"2,64";"-1,5"
"2024-11-29 13:00";"1,593";"4,1";"1,889";"-1,9"
"2024-11-29 14:00";"1,618";"3,9";"1,898";"-2,6"
"2024-11-29 15:00";"1,658";"3,8";"1,923";"-2,7"
"2024-11-29 16:00";"1,687";"3,6";"2,106";"-3,000"
"2024-11-29 17:00";"1,636";"3,1";"2,505";"-3,2"
"2024-11-29 18:00";"2,002";"3,3";"1,857";"-2,8"
"2024-11-29 19:00";"1,706";"3,8";"1,887";"-2,3"
"2024-11-29 20:00";"1,629";"4,6";"2,577";"-1,8"
"2024-11-29 21:00";"1,618";"5,000";"3,05";"-1,5"
"2024-11-29 22:00";"1,637";"5,2";"1,758";"-1,7"
"2024-11-29 23:00";"1,669";"5,000";"1,789";"-2,000"
"2024-11-30 00:00";"1,607";"5,1";"1,712";"-1,5"
"2024-11-30 01:00";"1,656";"5,000";"1,746";"-1,5"
"2024-11-30 02:00";"2,539";"5,1";"3,384";"-1,3"
"2024-11-30 03:00";"2,384";"5,1";"2,677";"-1,000"
"2024-11-30 04:00";"1,591";"5,000";"1,924";"-0,4"
"2024-11-30 05:00";"1,584";"4,9";"1,693";"-0,7"
"2024-11-30 06:00";"1,622";"4,8";"1,756";"-1,6"
"2024-11-30 07:00";"1,563";"4,9";"2,373";"-2,3"
"2024-11-30 08:00";"1,615";"4,7";"1,762";"-2,8"
"2024-11-30 09:00";"1,604";"4,7";"1,69";"-2,2"
"2024-11-30 10:00";"1,598";"4,8";"1,683";"-1,6"
"2024-11-30 11:00";"1,613";"4,8";"2,06";"-1,5"
"2024-11-30 12:00";"2,093";"4,8";"1,992";"-1,8"
"2024-11-30 13:00";"1,643";"5,1";"1,68";"-1,9"
"2024-11-30 14:00";"1,586";"5,2";"1,7";"-2,2"
"2024-11-30 15:00";"1,565";"4,1";"1,727";"-2,5"
"2024-11-30 16:00";"1,583";"3,1";"4,265";"-3,2"
"2024-11-30 17:00";"1,656";"2,3";"4,188";"-3,9"
"2024-11-30 18:00";"1,699";"2,2";"3,746";"-3,5"
"2024-11-30 19:00";"1,7";"2,8";"3,535";"-4,000"
"2024-11-30 20:00";"1,712";"3,8";"2,589";"-4,4"
"2024-11-30 21:00";"1,6";"4,3";"2,132";"-4,9"
"2024-11-30 22:00";"1,571";"4,4";"2,047";"-5,4"
"2024-11-30 23:00";"1,569";"4,6";"1,743";"-5,6"
"2024-12-01 00:00";"1,594";"3,7";"1,741";"-8,3"
"2024-12-01 01:00";"1,646";"3,000";"2,374";"-8,4"
"2024-12-01 02:00";"2,54";"3,000";"2,835";"-8,3"
"2024-12-01 03:00";"1,729";"2,8";"2,166";"-7,5"
"2024-12-01 04:00";"2,353";"2,4";"1,775";"-6,7"
"2024-12-01 05:00";"1,672";"1,8";"2,549";"-7,2"
"2024-12-01 06:00";"1,675";"1,9";"1,774";"-6,1"
"2024-12-01 07:00";"1,693";"1,7";"1,871";"-5,6"
"2024-12-01 08:00";"1,674";"2,3";"2,259";"-5,8"
"2024-12-01 09:00";"1,695";"3,1";"2,016";"-5,1"
"2024-12-01 10:00";"1,57";"3,9";"1,598";"-4,000"
"2024-12-01 11:00";"1,505";"5,1";"1,62";"-3,1"
"2024-12-01 12:00";"2,466";"6,000";"1,772";"-2,7"
"2024-12-01 13:00";"2,479";"6,3";"2,309";"-2,7"
"2024-12-01 14:00";"2,388";"5,9";"1,666";"-2,9"
"2024-12-01 15:00";"1,547";"4,4";"1,72";"-3,1"
"2024-12-01 16:00";"2,623";"3,3";"1,791";"-3,1"
"2024-12-01 17:00";"2,414";"2,7";"2,381";"-3,2"
"2024-12-01 18:00";"1,574";"2,5";"1,686";"-3,1"
"2024-12-01 19:00";"1,679";"2,4";"1,727";"-2,6"
"2024-12-01 20:00";"1,5";"2,2";"1,75";"-2,5"
"2024-12-01 21:00";"1,415";"2,6";"2,062";"-2,5"
"2024-12-01 22:00";"1,434";"2,4";"2,122";"-2,5"
"2024-12-01 23:00";"1,477";"2,2";"1,78";"-2,6"
"2024-12-02 00:00";"1,477";"2,5";"1,738";"-2,7"
"2024-12-02 01:00";"1,504";"2,1";"1,781";"-2,6"
"2024-12-02 02:00";"2,45";"2,3";"3,259";"-2,6"
"2024-12-02 03:00";"1,673";"2,4";"2,907";"-2,5"
"2024-12-02 04:00";"1,549";"3,3";"1,886";"-2,7"
"2024-12-02 05:00";"1,552";"3,8";"1,787";"-3,3"
"2024-12-02 06:00";"1,552";"4,3";"1,749";"-4,9"
"2024-12-02 07:00";"1,599";"4,3";"2,511";"-5,7"
"2024-12-02 08:00";"1,584";"4,6";"1,688";"-7,1"
"2024-12-02 09:00";"2,804";"5,000";"1,737";"-7,1"
"2024-12-02 10:00";"3,531";"5,3";"1,754";"-7,1"
"2024-12-02 11:00";"3,397";"5,8";"2,372";"-6,4"
"2024-12-02 12:00";"1,948";"6,2";"2,5";"-5,9"
"2024-12-02 13:00";"1,427";"6,5";"1,755";"-5,1"
"2024-12-02 14:00";"1,478";"6,8";"2,008";"-5,1"
"2024-12-02 15:00";"1,373";"6,9";"2,242";"-5,3"
"2024-12-02 16:00";"1,449";"6,9";"1,88";"-6,8"
"2024-12-02 17:00";"1,373";"7,000";"2,144";"-7,5"
"2024-12-02 18:00";"1,713";"7,2";"2,67";"-7,9"
"2024-12-02 19:00";"1,515";"7,4";"1,938";"-9,000"
"2024-12-02 20:00";"1,478";"7,4";"1,935";"-7,1"
"2024-12-02 21:00";"1,275";"7,5";"1,944";"-6,7"
"2024-12-02 22:00";"1,267";"7,6";"2,531";"-6,000"
"2024-12-02 23:00";"1,308";"7,7";"2,155";"-4,2"
"2024-12-03 00:00";"1,269";"7,9";"1,793";"-4,2"
"2024-12-03 01:00";"1,274";"8,000";"1,824";"-4,000"
"2024-12-03 02:00";"2,242";"7,8";"3,13";"-5,2"
"2024-12-03 03:00";"2,131";"7,7";"2,804";"-4,1"
"2024-12-03 04:00";"1,298";"7,7";"1,801";"-5,8"
"2024-12-03 05:00";"1,283";"7,7";"1,836";"-5,5"
"2024-12-03 06:00";"1,299";"7,7";"1,857";"-4,5"
"2024-12-03 07:00";"1,304";"7,7";"2,581";"-4,7"
"2024-12-03 08:00";"1,321";"7,5";"1,881";"-4,9"
"2024-12-03 09:00";"1,355";"7,1";"1,911";"-5,2"
"2024-12-03 10:00";"1,362";"7,1";"2,124";"-4,8"
"2024-12-03 11:00";"1,324";"7,000";"2,548";"-4,1"
"2024-12-03 12:00";"1,276";"6,9";"2,594";"-3,7"
"2024-12-03 13:00";"1,285";"6,6";"2,282";"-3,6"
"2024-12-03 14:00";"1,286";"7,2";"2,284";"-3,6"
"2024-12-03 15:00";"1,282";"7,000";"2,465";"-3,4"
"2024-12-03 16:00";"1,323";"5,8";"3,323";"-3,3"
"2024-12-03 17:00";"1,445";"3,9";"2,44";"-3,000"
"2024-12-03 18:00";"1,508";"3,7";"2,458";"-2,8"
"2024-12-03 19:00";"1,459";"3,4";"2,307";"-2,5"
"2024-12-03 20:00";"1,487";"3,3";"2,912";"-2,8"
"2024-12-03 21:00";"1,485";"3,000";"2,49";"-2,8"
"2024-12-03 22:00";"1,481";"3,000";"2,182";"-2,8"
"2024-12-03 23:00";"1,532";"2,9";"1,819";"-2,6"
"2024-12-04 00:00";"1,96";"2,7";"1,758";"-2,5"
"2024-12-04 01:00";"1,433";"2,5";"1,788";"-2,3"
"2024-12-04 02:00";"2,454";"1,9";"3,448";"-2,4"
"2024-12-04 03:00";"1,937";"1,6";"2,179";"-2,2"
"2024-12-04 04:00";"1,541";"1,5";"1,74";"-2,2"
"2024-12-04 05:00";"1,597";"1,4";"1,789";"-2,2"
"2024-12-04 06:00";"1,605";"1,4";"1,791";"-1,8"
"2024-12-04 07:00";"1,657";"1,5";"2,59";"-1,4"
"2024-12-04 08:00";"1,703";"1,5";"1,734";"-1,1"
"2024-12-04 09:00";"1,791";"1,8";"1,75";"-0,7"
"2024-12-04 10:00";"1,615";"2,4";"1,706";"-0,3"
"2024-12-04 11:00";"1,595";"2,7";"1,7";"0,2"
"2024-12-04 12:00";"1,605";"2,5";"2,384";"-0,1"
"2024-12-04 13:00";"1,58";"2,7";"1,684";"0,000"
"2024-12-04 14:00";"1,614";"2,8";"1,655";"0,1"
"2024-12-04 15:00";"1,66";"2,2";"1,644";"-0,1"
"2024-12-04 16:00";"1,699";"2,000";"1,916";"-1,000"
"2024-12-04 17:00";"1,733";"1,8";"2,224";"-1,3"
"2024-12-04 18:00";"1,714";"1,4";"1,689";"-1,1"
"2024-12-04 19:00";"2,406";"0,9";"1,713";"-0,8"
"2024-12-04 20:00";"1,74";"0,3";"1,8";"-0,4"
"2024-12-04 21:00";"1,875";"-0,3";"2,451";"-0,4"
"2024-12-04 22:00";"1,734";"-0,5";"1,757";"0,1"
"2024-12-04 23:00";"1,649";"-0,9";"1,68";"0,5"
"2024-12-05 00:00";"1,68";"-1,000";"1,696";"1,000"
"2024-12-05 01:00";"1,744";"-1,5";"1,739";"1,1"
"2024-12-05 02:00";"2,746";"-1,4";"3,326";"1,1"
"2024-12-05 03:00";"2,764";"-1,5";"2,15";"1,000"
"2024-12-05 04:00";"2,033";"-1,3";"1,742";"1,1"
"2024-12-05 05:00";"1,782";"-1,2";"1,661";"1,000"
"2024-12-05 06:00";"1,821";"-1,1";"1,815";"0,7"
"2024-12-05 07:00";"1,789";"0,3";"2,38";"0,4"
"2024-12-05 08:00";"2,246";"1,000";"1,673";"0,3"
"2024-12-05 09:00";"2,058";"1,9";"1,644";"0,3"
"2024-12-05 10:00";"1,884";"2,5";"1,597";"0,8"
"2024-12-05 11:00";"1,892";"2,9";"1,607";"1,2"
"2024-12-05 12:00";"1,778";"3,8";"2,128";"1,5"
"2024-12-05 13:00";"1,786";"4,4";"1,471";"1,1"
"2024-12-05 14:00";"1,806";"4,2";"1,532";"0,6"
"2024-12-05 15:00";"1,705";"4,1";"1,535";"0,2"
"2024-12-05 16:00";"1,705";"4,2";"1,525";"0,3"
"2024-12-05 17:00";"1,672";"4,2";"2,349";"0,9"
"2024-12-05 18:00";"1,711";"3,7";"1,695";"1,4"
"2024-12-05 19:00";"1,72";"3,8";"1,73";"1,5"
"2024-12-05 20:00";"1,715";"4,1";"1,66";"1,5"
"2024-12-05 21:00";"1,728";"4,000";"1,709";"1,4"
"2024-12-05 22:00";"1,76";"3,7";"2,468";"1,5"
"2024-12-05 23:00";"1,777";"3,8";"1,716";"1,5"
"2024-12-06 00:00";"1,737";"3,9";"1,742";"1,5"
"2024-12-06 01:00";"1,735";"3,7";"1,746";"1,6"
"2024-12-06 02:00";"2,711";"3,8";"2,697";"1,7"
"2024-12-06 03:00";"3,319";"3,9";"3,298";"1,9"
"2024-12-06 04:00";"1,777";"3,4";"1,736";"2,000"
"2024-12-06 05:00";"1,746";"3,000";"1,749";"2,1"
"2024-12-06 06:00";"1,762";"3,000";"1,763";"2,1"
"2024-12-06 07:00";"1,737";"3,3";"1,802";"1,8"
"2024-12-06 08:00";"1,748";"3,1";"2,312";"1,5"
"2024-12-06 09:00";"1,741";"3,000";"1,63";"0,9"
"2024-12-06 10:00";"1,781";"3,1";"1,661";"0,5"
"2024-12-06 11:00";"1,744";"3,1";"1,677";"0,4"
"2024-12-06 12:00";"1,774";"3,2";"1,96";"0,9"
"2024-12-06 13:00";"1,785";"3,4";"2,147";"1,1"
"2024-12-06 14:00";"1,78";"3,4";"1,657";"1,2"
"2024-12-06 15:00";"1,784";"3,3";"1,633";"1,6"
"2024-12-06 16:00";"1,728";"3,4";"1,676";"1,6"
"2024-12-06 17:00";"1,727";"3,5";"1,997";"1,3"
"2024-12-06 18:00";"2,034";"3,5";"2,32";"0,8"
"2024-12-06 19:00";"1,927";"3,7";"1,694";"0,5"
"2024-12-06 20:00";"1,859";"3,5";"1,745";"0,4"
"2024-12-06 21:00";"1,868";"3,7";"1,729";"0,2"
"2024-12-06 22:00";"1,741";"4,000";"1,735";"0,2"
"2024-12-06 23:00";"2,034";"3,9";"2,502";"0,2"
"2024-12-07 00:00";"1,778";"3,8";"1,632";"0,000"
"2024-12-07 01:00";"1,589";"3,8";"1,62";"-0,1"
"2024-12-07 02:00";"2,561";"3,9";"2,486";"-0,2"
"2024-12-07 03:00";"2,033";"3,8";"2,218";"-0,3"
"2024-12-07 04:00";"1,601";"3,7";"2,249";"-0,3"
"2024-12-07 05:00";"1,577";"3,8";"1,675";"-0,3"
"2024-12-07 06:00";"1,613";"3,8";"1,648";"-0,3"
"2024-12-07 07:00";"1,57";"3,7";"1,659";"-0,3"
"2024-12-07 08:00";"1,604";"3,9";"2,286";"-0,2"
"2024-12-07 09:00";"1,628";"4,000";"1,658";"-0,1"
"2024-12-07 10:00";"1,563";"4,3";"1,576";"0,3"
"2024-12-07 11:00";"2,119";"4,5";"1,598";"0,7"
"2024-12-07 12:00";"2,992";"4,8";"1,574";"0,9"
"2024-12-07 13:00";"1,705";"5,1";"1,543";"0,9"
"2024-12-07 14:00";"1,714";"5,1";"2,278";"0,5"
"2024-12-07 15:00";"1,474";"5,1";"1,492";"0,2"
"2024-12-07 16:00";"1,446";"5,2";"1,904";"-0,1"
"2024-12-07 17:00";"1,794";"5,7";"1,954";"-0,1"
"2024-12-07 18:00";"1,537";"5,8";"1,839";"-0,1"
"2024-12-07 19:00";"1,731";"5,9";"2,351";"-0,1"
"2024-12-07 20:00";"1,661";"6,000";"2,684";"-0,1"
"2024-12-07 21:00";"1,62";"6,1";"2,454";"-0,2"
"2024-12-07 22:00";"1,339";"6,1";"2,127";"-0,2"
"2024-12-07 23:00";"1,333";"6,000";"1,65";"-0,2"
"2024-12-08 00:00";"1,362";"6,2";"1,562";"-0,3"
"2024-12-08 01:00";"1,369";"6,3";"1,539";"-0,1"
"2024-12-08 02:00";"2,341";"6,3";"3,236";"0,000"
"2024-12-08 03:00";"2,039";"6,4";"2,092";"0,000"
"2024-12-08 04:00";"1,369";"6,2";"1,535";"0,000"
"2024-12-08 05:00";"1,402";"5,9";"1,558";"0,3"
"2024-12-08 06:00";"1,382";"5,8";"1,562";"0,7"
"2024-12-08 07:00";"1,375";"5,9";"1,55";"0,8"
"2024-12-08 08:00";"1,44";"5,9";"1,764";"1,2"
"2024-12-08 09:00";"1,457";"5,9";"1,971";"1,8"
"2024-12-08 10:00";"1,454";"6,1";"1,555";"1,9"
"2024-12-08 11:00";"1,63";"6,1";"1,564";"2,000"
"2024-12-08 12:00";"2,466";"5,5";"1,549";"2,000"
"2024-12-08 13:00";"1,584";"5,3";"1,807";"1,9"
"2024-12-08 14:00";"1,475";"5,3";"1,993";"1,8"
"2024-12-08 15:00";"1,533";"5,000";"1,581";"1,7"
"2024-12-08 16:00";"1,545";"4,8";"1,674";"1,7"
"2024-12-08 17:00";"1,614";"4,8";"2,58";"1,6"
"2024-12-08 18:00";"1,684";"4,7";"1,741";"1,6"
"2024-12-08 19:00";"2,301";"4,6";"1,858";"1,7"
"2024-12-08 20:00";"1,715";"4,5";"2,035";"1,3"
"2024-12-08 21:00";"1,707";"4,5";"1,528";"1,2"
"2024-12-08 22:00";"1,741";"4,6";"1,463";"0,9"
"2024-12-08 23:00";"1,698";"4,3";"1,421";"1,1"
"2024-12-09 00:00";"1,649";"4,5";"1,435";"1,4"
"2024-12-09 01:00";"1,555";"4,6";"1,435";"1,2"
"2024-12-09 02:00";"2,341";"4,8";"3,112";"0,9"
"2024-12-09 03:00";"1,501";"4,8";"2,462";"0,4"
"2024-12-09 04:00";"1,577";"4,8";"1,532";"0,2"
"2024-12-09 05:00";"1,572";"4,6";"1,48";"0,1"
"2024-12-09 06:00";"1,624";"4,5";"1,488";"0,1"
"2024-12-09 07:00";"2,22";"4,4";"1,433";"0,2"
"2024-12-09 08:00";"1,644";"4,3";"2,23";"0,2"
"2024-12-09 09:00";"1,621";"4,2";"1,496";"0,4"
"2024-12-09 10:00";"1,574";"4,3";"1,487";"0,8"
"2024-12-09 11:00";"1,625";"3,8";"1,461";"1,2"
"2024-12-09 12:00";"1,695";"3,5";"2,018";"1,5"
"2024-12-09 13:00";"1,645";"3,3";"1,591";"1,5"
"2024-12-09 14:00";"1,723";"3,3";"2,405";"1,6"
"2024-12-09 15:00";"1,81";"3,7";"2,39";"1,6"
"2024-12-09 16:00";"1,668";"3,8";"1,442";"1,5"
"2024-12-09 17:00";"1,752";"3,7";"1,472";"1,5"
"2024-12-09 18:00";"1,858";"3,6";"1,46";"1,6"
"2024-12-09 19:00";"1,865";"3,7";"1,907";"1,7"
"2024-12-09 20:00";"1,878";"3,7";"1,702";"1,8"
"2024-12-09 21:00";"1,867";"3,5";"1,871";"1,8"
"2024-12-09 22:00";"1,811";"3,5";"1,697";"1,3"
"2024-12-09 23:00";"1,696";"3,8";"1,434";"0,8"
"2024-12-10 00:00";"1,726";"3,6";"1,309";"0,4"
"2024-12-10 01:00";"1,726";"3,3";"1,322";"0,1"
"2024-12-10 02:00";"2,69";"3,1";"2,289";"0,1"
"2024-12-10 03:00";"2,468";"2,9";"1,439";"0,3"
"2024-12-10 04:00";"1,694";"2,7";"1,494";"1,2"
"2024-12-10 05:00";"1,873";"2,7";"1,886";"2,8"
"2024-12-10 06:00";"2,285";"2,6";"1,335";"3,3"
"2024-12-10 07:00";"1,741";"2,5";"1,339";"3,3"
"2024-12-10 08:00";"1,739";"2,3";"1,366";"3,3"
"2024-12-10 09:00";"1,752";"2,2";"1,394";"3,2"
"2024-12-10 10:00";"1,739";"2,3";"1,409";"3,000"
"2024-12-10 11:00";"1,749";"2,4";"2,072";"2,9"
"2024-12-10 12:00";"1,758";"2,3";"1,964";"2,6"
"2024-12-10 13:00";"1,73";"2,000";"1,504";"2,4"
"2024-12-10 14:00";"1,909";"1,6";"1,415";"2,000"
"2024-12-10 15:00";"1,818";"1,2";"1,408";"1,9"
"2024-12-10 16:00";"1,757";"0,8";"1,39";"1,8"
"2024-12-10 17:00";"1,839";"0,3";"2,08";"2,000"
"2024-12-10 18:00";"1,929";"-0,2";"1,48";"2,000"
"2024-12-10 19:00";"1,908";"-0,9";"1,306";"2,000"
"2024-12-10 20:00";"1,918";"-1,000";"1,834";"1,9"
"2024-12-10 21:00";"1,93";"-1,2";"1,85";"1,7"
"2024-12-10 22:00";"1,969";"-0,9";"1,296";"1,9"
"2024-12-10 23:00";"1,933";"-0,7";"2,063";"2,3"
"2024-12-11 00:00";"1,911";"-0,3";"1,258";"2,5"
"2024-12-11 01:00";"1,737";"-0,1";"1,302";"2,6"
"2024-12-11 02:00";"2,653";"0,4";"2,256";"2,6"
"2024-12-11 03:00";"2,431";"0,8";"2,264";"2,7"
"2024-12-11 04:00";"2,213";"0,7";"2,136";"2,7"
"2024-12-11 05:00";"1,744";"0,8";"1,405";"2,7"
"2024-12-11 06:00";"1,756";"0,7";"1,266";"2,9"
"2024-12-11 07:00";"1,753";"1,000";"1,291";"3,000"
"2024-12-11 08:00";"1,784";"1,3";"1,236";"2,9"
"2024-12-11 09:00";"1,75";"1,6";"1,614";"2,7"
"2024-12-11 10:00";"1,799";"1,3";"1,636";"2,6"
"2024-12-11 11:00";"1,76";"1,4";"1,282";"2,8"
"2024-12-11 12:00";"1,855";"1,3";"1,296";"3,000"
"2024-12-11 13:00";"1,808";"1,1";"1,27";"3,000"
"2024-12-11 14:00";"1,764";"1,1";"1,344";"2,9"
"2024-12-11 15:00";"1,793";"0,9";"1,929";"2,6"
"2024-12-11 16:00";"1,779";"0,8";"1,42";"2,3"
"2024-12-11 17:00";"1,852";"0,7";"1,292";"2,2"
"2024-12-11 18:00";"1,897";"0,7";"1,283";"2,3"
"2024-12-11 19:00";"1,938";"0,7";"1,316";"2,1"
"2024-12-11 20:00";"1,923";"0,5";"1,297";"1,9"
"2024-12-11 21:00";"2,582";"0,2";"2,728";"1,7"
"2024-12-11 22:00";"1,894";"-0,1";"3,562";"1,6"
"2024-12-11 23:00";"1,721";"-0,5";"3,558";"1,6"
"2024-12-12 00:00";"1,735";"0,5";"3,244";"1,4"
"2024-12-12 01:00";"1,738";"-0,9";"3,444";"1,3"
"2024-12-12 02:00";"2,728";"-0,9";"2,448";"1,1"
"2024-12-12 03:00";"2,749";"-0,9";"1,736";"1,2"
"2024-12-12 04:00";"1,836";"-1,2";"1,348";"1,4"
"2024-12-12 05:00";"1,805";"-1,7";"1,335";"1,3"
"2024-12-12 06:00";"1,807";"-2,1";"1,358";"1,2"
"2024-12-12 07:00";"1,826";"-2,5";"1,412";"1,000"
"2024-12-12 08:00";"1,855";"-2,8";"2,168";"0,8"
"2024-12-12 09:00";"1,837";"-2,5";"1,41";"0,9"
"2024-12-12 10:00";"1,847";"-1,9";"1,456";"1,000"
"2024-12-12 11:00";"2,402";"-1,8";"1,414";"1,2"
"2024-12-12 12:00";"1,74";"-1,2";"1,556";"1,3"
"2024-12-12 13:00";"1,787";"-0,1";"2,152";"1,4"
"2024-12-12 14:00";"1,749";"0,2";"1,707";"1,2"
"2024-12-12 15:00";"1,801";"0,2";"2,262";"0,9"
"2024-12-12 16:00";"1,525";"-0,3";"2,28";"0,7"
"2024-12-12 17:00";"1,212";"-1,2";"2,658";"0,6"
"2024-12-12 18:00";"1,258";"-1,4";"1,879";"0,5"
"2024-12-12 19:00";"1,241";"-1,9";"2,488";"0,4"
"2024-12-12 20:00";"1,345";"-2,3";"1,761";"0,4"
"2024-12-12 21:00";"1,441";"-2,9";"1,775";"0,3"
"2024-12-12 22:00";"2,158";"-2,9";"1,768";"0,3"
"2024-12-12 23:00";"1,486";"-2,3";"1,783";"0,2"
"2024-12-13 00:00";"1,365";"-2,6";"1,802";"0,2"
"2024-12-13 01:00";"1,368";"-3,000";"2,072";"0,2"
"2024-12-13 02:00";"2,345";"-2,000";"3,21";"0,3"
"2024-12-13 03:00";"2,304";"-2,6";"2,366";"0,4"
"2024-12-13 04:00";"1,426";"-2,5";"1,796";"0,2"
"2024-12-13 05:00";"1,894";"-1,3";"1,807";"0,000"
"2024-12-13 06:00";"1,674";"-0,8";"1,837";"-0,1"
"2024-12-13 07:00";"1,464";"-0,1";"1,881";"-0,3"
"2024-12-13 08:00";"1,422";"0,4";"2,208";"-0,5"
"2024-12-13 09:00";"1,49";"0,9";"1,415";"-0,6"
"2024-12-13 10:00";"1,431";"1,3";"1,407";"-0,5"
"2024-12-13 11:00";"1,726";"2,2";"1,481";"-0,6"
"2024-12-13 12:00";"1,653";"2,7";"1,773";"-0,6"
"2024-12-13 13:00";"1,926";"2,8";"1,897";"-0,4"
"2024-12-13 14:00";"1,432";"2,9";"1,472";"-0,3"
"2024-12-13 15:00";"1,622";"2,8";"1,457";"-0,3"
"2024-12-13 16:00";"1,827";"2,7";"1,491";"-0,5"
"2024-12-13 17:00";"2,16";"2,5";"2,252";"-0,5"
"2024-12-13 18:00";"1,895";"2,3";"1,53";"-0,7"
"2024-12-13 19:00";"1,942";"2,3";"1,632";"-0,5"
"2024-12-13 20:00";"1,815";"2,4";"1,735";"-0,8"
"2024-12-13 21:00";"1,685";"2,4";"1,752";"-0,9"
"2024-12-13 22:00";"1,544";"2,3";"2,644";"-0,9"
"2024-12-13 23:00";"1,992";"2,000";"1,679";"-0,8"
"2024-12-14 00:00";"1,431";"1,9";"1,627";"-0,8"
"2024-12-14 01:00";"1,37";"1,9";"1,647";"-0,8"
"2024-12-14 02:00";"2,355";"1,5";"3,359";"-0,8"
"2024-12-14 03:00";"1,912";"1,1";"2,582";"-1,2"
"2024-12-14 04:00";"1,428";"0,9";"1,989";"-1,6"
"2024-12-14 05:00";"1,407";"0,8";"1,602";"-1,6"
"2024-12-14 06:00";"1,428";"0,4";"2,356";"-1,4"
"2024-12-14 07:00";"1,425";"0,6";"1,699";"-1,3"
"2024-12-14 08:00";"1,565";"1,1";"1,637";"-1,2"
"2024-12-14 09:00";"1,793";"1,6";"1,637";"-0,5"
"2024-12-14 10:00";"1,862";"2,3";"1,64";"1,1"
"2024-12-14 11:00";"1,45";"2,7";"1,586";"1,6"
"2024-12-14 12:00";"2,418";"3,000";"2,232";"1,4"
"2024-12-14 13:00";"1,84";"3,000";"1,57";"1,3"
"2024-12-14 14:00";"1,43";"3,3";"1,535";"0,8"
"2024-12-14 15:00";"1,426";"3,7";"1,565";"0,000"
"2024-12-14 16:00";"1,417";"4,2";"1,682";"0,000"
"2024-12-14 17:00";"1,428";"4,7";"2,005";"-0,1"
"2024-12-14 18:00";"1,637";"4,8";"1,919";"0,1"
"2024-12-14 19:00";"2,073";"4,5";"1,568";"0,3"
"2024-12-14 20:00";"1,546";"4,3";"1,92";"0,2"
"2024-12-14 21:00";"1,532";"4,000";"1,717";"0,8"
"2024-12-14 22:00";"1,543";"3,8";"1,696";"1,2"
"2024-12-14 23:00";"1,503";"3,7";"1,653";"1,2"
"2024-12-15 00:00";"1,355";"3,6";"2,02";"1,4"
"2024-12-15 01:00";"1,381";"4,000";"1,942";"1,3"
"2024-12-15 02:00";"2,131";"4,000";"2,577";"1,5"
"2024-12-15 03:00";"1,367";"3,8";"2,62";"1,5"
"2024-12-15 04:00";"1,329";"4,1";"2,573";"1,6"
"2024-12-15 05:00";"1,385";"4,1";"2,549";"2,3"
"2024-12-15 06:00";"1,363";"4,1";"3,234";"2,5"
"2024-12-15 07:00";"2,024";"3,9";"1,584";"2,3"
"2024-12-15 08:00";"1,374";"3,8";"1,514";"2,4"
"2024-12-15 09:00";"1,366";"3,8";"1,56";"2,5"
"2024-12-15 10:00";"1,392";"4,1";"1,531";"2,3"
"2024-12-15 11:00";"1,361";"4,5";"2,221";"1,8"
"2024-12-15 12:00";"2,353";"4,7";"1,469";"1,5"
"2024-12-15 13:00";"1,427";"4,8";"1,49";"1,6"
"2024-12-15 14:00";"1,428";"4,9";"1,497";"1,6"
"2024-12-15 15:00";"1,367";"5,7";"1,472";"1,8"
"2024-12-15 16:00";"1,337";"6,2";"2,159";"3,1"
"2024-12-15 17:00";"1,348";"6,8";"2,126";"3,7"
"2024-12-15 18:00";"1,395";"7,7";"1,603";"3,8"
"2024-12-15 19:00";"1,3";"8,7";"1,832";"4,2"
"2024-12-15 20:00";"1,221";"9,3";"1,505";"4,6"
"2024-12-15 21:00";"1,97";"8,8";"1,443";"4,6"
"2024-12-15 22:00";"1,307";"9,2";"1,368";"3,8"
"2024-12-15 23:00";"1,191";"9,7";"1,294";"3,3"
"2024-12-16 00:00";"1,169";"9,9";"2,017";"3,5"
"2024-12-16 01:00";"1,131";"9,9";"1,272";"4,2"
"2024-12-16 02:00";"1,914";"10,000";"2,243";"4,5"
"2024-12-16 03:00";"1,12";"10,2";"2,245";"4,4"
"2024-12-16 04:00";"1,112";"10,1";"1,391";"4,2"
"2024-12-16 05:00";"1,101";"9,4";"1,25";"4,5"
"2024-12-16 06:00";"1,13";"9,7";"1,329";"4,8"
"2024-12-16 07:00";"1,161";"9,1";"1,856";"4,6"
"2024-12-16 08:00";"1,11";"8,7";"1,26";"4,8"
"2024-12-16 09:00";"1,164";"8,5";"1,235";"5,000"
"2024-12-16 10:00";"1,189";"8,3";"1,282";"5,1"
"2024-12-16 11:00";"1,225";"8,4";"1,31";"4,6"
"2024-12-16 12:00";"1,181";"8,2";"1,808";"3,9"
"2024-12-16 13:00";"1,197";"8,4";"1,348";"3,1"
"2024-12-16 14:00";"1,113";"8,4";"1,483";"2,6"
"2024-12-16 15:00";"1,102";"8,7";"1,548";"2,8"
"2024-12-16 16:00";"1,133";"8,7";"1,721";"3,1"
"2024-12-16 17:00";"1,24";"7,8";"2,537";"3,2"
"2024-12-16 18:00";"1,291";"7,6";"3,008";"3,7"
"2024-12-16 19:00";"1,888";"8,1";"1,49";"3,6"
"2024-12-16 20:00";"1,249";"8,4";"1,497";"5,5"
"2024-12-16 21:00";"1,243";"8,5";"1,515";"7,6"
"2024-12-16 22:00";"1,198";"8,8";"1,514";"8,1"
"2024-12-16 23:00";"1,173";"8,4";"1,473";"8,000"
"2024-12-17 00:00";"1,048";"8,5";"1,753";"7,9"
"2024-12-17 01:00";"1,055";"8,6";"1,787";"8,000"
"2024-12-17 02:00";"2,013";"8,6";"2,337";"7,9"
"2024-12-17 03:00";"2,015";"8,6";"1,611";"7,8"
"2024-12-17 04:00";"1,149";"8,3";"1,348";"7,7"
"2024-12-17 05:00";"1,035";"8,000";"1,334";"7,2"
"2024-12-17 06:00";"1,073";"7,5";"1,292";"7,3"
"2024-12-17 07:00";"1,112";"7,1";"1,283";"7,3"
"2024-12-17 08:00";"1,072";"7,000";"1,266";"6,8"
"2024-12-17 09:00";"1,111";"7,000";"1,315";"6,7"
"2024-12-17 10:00";"1,082";"7,4";"1,293";"7,000"
"2024-12-17 11:00";"1,056";"7,7";"1,299";"7,1"
"2024-12-17 12:00";"1,063";"8,3";"2,032";"6,8"
"2024-12-17 13:00";"1,065";"8,2";"2,014";"6,8"
"2024-12-17 14:00";"1,12";"7,7";"1,332";"6,9"
"2024-12-17 15:00";"1,085";"6,9";"1,773";"7,5"
"2024-12-17 16:00";"1,143";"6,8";"1,279";"8,000"
"2024-12-17 17:00";"1,141";"6,5";"1,387";"7,7"
"2024-12-17 18:00";"1,305";"6,8";"1,313";"7,5"
"2024-12-17 19:00";"1,241";"7,000";"1,316";"7,6"
"2024-12-17 20:00";"1,19";"7,1";"1,284";"7,3"
"2024-12-17 21:00";"1,433";"7,2";"0,889";"7,000"
"2024-12-17 22:00";"1,713";"7,5";"0,836";"6,8"
"2024-12-17 23:00";"1,177";"7,6";"0,831";"6,000"
"2024-12-18 00:00";"1,075";"7,5";"0,855";"5,9"
"2024-12-18 01:00";"1,029";"7,7";"1,56";"5,6"
"2024-12-18 02:00";"1,995";"7,5";"1,814";"5,8"
"2024-12-18 03:00";"1,947";"7,3";"1,095";"6,1"
"2024-12-18 04:00";"1,053";"7,1";"0,851";"5,9"
"2024-12-18 05:00";"1,069";"6,9";"0,882";"5,5"
"2024-12-18 06:00";"1,022";"6,7";"0,885";"5,4"
"2024-12-18 07:00";"1,082";"6,3";"0,93";"5,4"
"2024-12-18 08:00";"1,057";"6,5";"0,901";"5,7"
"2024-12-18 09:00";"1,134";"6,5";"1,151";"6,4"
"2024-12-18 10:00";"1,068";"6,4";"1,405";"6,6"
"2024-12-18 11:00";"1,139";"6,3";"0,937";"6,4"
"2024-12-18 12:00";"1,289";"6,4";"0,93";"6,000"
"2024-12-18 13:00";"1,117";"6,5";"0,92";"5,1"
"2024-12-18 14:00";"1,167";"6,7";"0,931";"4,8"
"2024-12-18 15:00";"1,112";"7,000";"0,931";"4,7"
"2024-12-18 16:00";"1,234";"7,5";"0,931";"4,1"
"2024-12-18 17:00";"1,131";"8,1";"0,892";"3,7"
"2024-12-18 18:00";"1,354";"8,6";"1,657";"3,6"
"2024-12-18 19:00";"2,518";"9,000";"0,933";"3,9"
"2024-12-18 20:00";"1,358";"9,4";"1,073";"4,3"
"2024-12-18 21:00";"0,984";"9,5";"0,979";"5,000"
"2024-12-18 22:00";"1,049";"9,4";"0,938";"5,3"
"2024-12-18 23:00";"0,979";"9,000";"0,881";"6,000"
"2024-12-19 00:00";"0,996";"8,9";"0,898";"5,2"
"2024-12-19 01:00";"0,981";"8,7";"0,893";"4,4"
"2024-12-19 02:00";"2,287";"8,6";"1,884";"4,1"
"2024-12-19 03:00";"2,288";"8,4";"1,88";"4,2"
"2024-12-19 04:00";"1,928";"8,3";"1,282";"4,1"
"2024-12-19 05:00";"0,988";"8,1";"0,93";"4,7"
"2024-12-19 06:00";"0,976";"8,1";"0,903";"7,2"
"2024-12-19 07:00";"0,982";"9,2";"0,939";"7,4"
"2024-12-19 08:00";"1,02";"9,2";"0,909";"6,6"
"2024-12-19 09:00";"0,964";"9,2";"0,868";"6,000"
"2024-12-19 10:00";"0,985";"9,5";"0,922";"5,8"
"2024-12-19 11:00";"0,95";"10,000";"0,891";"5,6"
"2024-12-19 12:00";"0,966";"10,1";"0,9";"5,2"
"2024-12-19 13:00";"0,977";"7,6";"1,661";"5,3"
"2024-12-19 14:00";"0,981";"5,8";"0,895";"4,9"
"2024-12-19 15:00";"1,032";"5,3";"0,998";"4,4"
"2024-12-19 16:00";"1,046";"5,000";"1,278";"3,7"
"2024-12-19 17:00";"1,033";"5,5";"2,103";"3,000"
"2024-12-19 18:00";"1,054";"5,7";"1,471";"2,9"
"2024-12-19 19:00";"1,063";"5,6";"0,991";"3,8"
"2024-12-19 20:00";"1,11";"5,4";"1,534";"4,2"
"2024-12-19 21:00";"1,05";"5,2";"1,602";"3,7"
"2024-12-19 22:00";"1,09";"5,1";"1,023";"3,5"
"2024-12-19 23:00";"1,025";"5,5";"1,009";"3,3"
"2024-12-20 00:00";"1,78";"5,8";"1,027";"3,2"
"2024-12-20 01:00";"1,042";"5,4";"1,016";"3,3"
"2024-12-20 02:00";"2,015";"5,3";"2,015";"4,000"
"2024-12-20 03:00";"1,957";"5,2";"1,396";"4,1"
"2024-12-20 04:00";"1,067";"5,4";"1,027";"4,3"
"2024-12-20 05:00";"1,146";"5,2";"1,014";"4,5"
"2024-12-20 06:00";"1,123";"4,9";"1,43";"4,7"
"2024-12-20 07:00";"1,178";"4,7";"1,229";"4,7"
"2024-12-20 08:00";"1,158";"4,4";"1,002";"4,6"
"2024-12-20 09:00";"1,132";"4,4";"1,016";"4,3"
"2024-12-20 10:00";"1,098";"4,8";"1,012";"4,5"
"2024-12-20 11:00";"1,12";"5,1";"0,985";"4,6"
"2024-12-20 12:00";"1,111";"5,4";"1,025";"4,4"
"2024-12-20 13:00";"1,3";"5,3";"1,788";"4,4"
"2024-12-20 14:00";"1,102";"5,000";"1,532";"4,2"
"2024-12-20 15:00";"1,103";"4,7";"1,491";"4,000"
"2024-12-20 16:00";"1,336";"4,5";"1,577";"3,8"
"2024-12-20 17:00";"1,863";"4,2";"1,565";"3,7"
"2024-12-20 18:00";"1,365";"4,000";"1,51";"3,3"
"2024-12-20 19:00";"1,231";"4,000";"1,512";"3,2"
"2024-12-20 20:00";"1,341";"4,4";"2,141";"3,1"
"2024-12-20 21:00";"1,329";"4,8";"1,632";"2,7"
"2024-12-20 22:00";"1,335";"5,1";"1,568";"3,000"
"2024-12-20 23:00";"1,285";"5,2";"1,428";"3,5"
"2024-12-21 00:00";"1,177";"5,3";"1,435";"3,4"
"2024-12-21 01:00";"1,15";"5,4";"1,443";"3,4"
"2024-12-21 02:00";"2,137";"5,5";"3,001";"3,3"
"2024-12-21 03:00";"1,652";"5,6";"1,927";"3,4"
"2024-12-21 04:00";"1,19";"5,6";"1,414";"3,4"
"2024-12-21 05:00";"1,2";"5,3";"1,371";"3,2"
"2024-12-21 06:00";"1,267";"5,3";"1,384";"3,6"
"2024-12-21 07:00";"1,809";"5,5";"1,416";"3,5"
"2024-12-21 08:00";"1,198";"6,000";"1,421";"3,5"
"2024-12-21 09:00";"1,2";"6,3";"1,638";"4,1"
"2024-12-21 10:00";"1,168";"6,5";"1,774";"5,2"
"2024-12-21 11:00";"1,188";"6,7";"1,375";"5,9"
"2024-12-21 12:00";"1,848";"6,8";"1,404";"5,7"
"2024-12-21 13:00";"2,542";"7,000";"1,404";"5,7"
"2024-12-21 14:00";"1,708";"7,000";"1,308";"6,8"
"2024-12-21 15:00";"1,401";"7,000";"1,705";"6,7"
"2024-12-21 16:00";"1,405";"6,9";"1,531";"5,5"
"2024-12-21 17:00";"1,917";"6,7";"2,061";"5,4"
"2024-12-21 18:00";"1,457";"6,4";"1,507";"3,6"
"2024-12-21 19:00";"1,265";"6,3";"1,413";"4,4"
"2024-12-21 20:00";"1,277";"6,2";"1,375";"3,7"
"2024-12-21 21:00";"1,229";"6,2";"1,406";"4,2"
"2024-12-21 22:00";"1,741";"6,4";"1,387";"3,5"
"2024-12-21 23:00";"1,086";"6,5";"2,038";"3,000"
"2024-12-22 00:00";"1,102";"6,7";"1,357";"3,4"
"2024-12-22 01:00";"1,094";"6,8";"1,334";"3,5"
"2024-12-22 02:00";"1,926";"7,000";"2,287";"3,9"
"2024-12-22 03:00";"1,071";"6,7";"2,348";"3,7"
"2024-12-22 04:00";"1,051";"6,4";"2,101";"3,4"
"2024-12-22 05:00";"1,119";"6,3";"1,458";"3,5"
"2024-12-22 06:00";"1,103";"6,1";"1,031";"3,000"
"2024-12-22 07:00";"1,15";"5,9";"1,15";"2,5"
"2024-12-22 08:00";"1,144";"5,4";"1,388";"1,9"
"2024-12-22 09:00";"1,06";"5,4";"1,816";"2,5"
"2024-12-22 10:00";"1,118";"5,7";"2,048";"3,000"
"2024-12-22 11:00";"1,085";"5,7";"1,779";"3,6"
"2024-12-22 12:00";"1,649";"5,7";"2,108";"3,4"
"2024-12-22 13:00";"1,756";"5,8";"2,127";"2,6"
"2024-12-22 14:00";"1,165";"5,5";"2,13";"3,2"
"2024-12-22 15:00";"1,178";"5,2";"2,154";"2,3"
"2024-12-22 16:00";"1,145";"5,2";"2,313";"2,1"
"2024-12-22 17:00";"1,172";"5,2";"2,704";"0,8"
"2024-12-22 18:00";"1,177";"5,2";"2,444";"1,7"
"2024-12-22 19:00";"1,222";"5,2";"2,516";"1,4"
"2024-12-22 20:00";"1,205";"5,000";"2,479";"0,9"
"2024-12-22 21:00";"1,229";"4,7";"2,499";"1,000"
"2024-12-22 22:00";"1,242";"4,000";"2,499";"1,1"
"2024-12-22 23:00";"1,211";"4,5";"2,489";"1,6"
"2024-12-23 00:00";"1,235";"4,6";"2,454";"1,7"
"2024-12-23 01:00";"1,206";"4,5";"2,352";"1,8"
"2024-12-23 02:00";"2,161";"4,6";"3,997";"1,8"
"2024-12-23 03:00";"1,604";"4,3";"2,965";"1,8"
"2024-12-23 04:00";"1,159";"3,8";"2,336";"0,2"
"2024-12-23 05:00";"1,124";"4,1";"2,339";"0,1"
"2024-12-23 06:00";"1,559";"4,8";"2,336";"0,7"
"2024-12-23 07:00";"1,444";"4,3";"2,301";"1,2"
"2024-12-23 08:00";"1,185";"4,2";"2,316";"1,1"
"2024-12-23 09:00";"1,219";"4,3";"2,363";"1,000"
"2024-12-23 10:00";"1,188";"4,3";"2,293";"1,3"
"2024-12-23 11:00";"1,308";"4,3";"2,308";"1,6"
"2024-12-23 12:00";"1,354";"4,3";"3,29";"1,3"
"2024-12-23 13:00";"1,282";"4,1";"3,326";"1,1"
"2024-12-23 14:00";"1,27";"4,2";"2,388";"0,4"
"2024-12-23 15:00";"1,311";"4,3";"2,371";"0,6"
"2024-12-23 16:00";"1,335";"4,3";"2,327";"0,7"
"2024-12-23 17:00";"1,304";"4,2";"2,356";"0,4"
"2024-12-23 18:00";"1,29";"4,000";"2,606";"-0,4"
"2024-12-23 19:00";"1,327";"4,000";"2,711";"-0,6"
"2024-12-23 20:00";"2,058";"3,9";"2,663";"-0,8"
"2024-12-23 21:00";"1,266";"3,8";"2,689";"-0,8"
"2024-12-23 22:00";"1,374";"3,8";"2,681";"-0,4"
"2024-12-23 23:00";"1,35";"3,7";"2,654";"-0,5"
"2024-12-24 00:00";"1,344";"3,7";"2,576";"0,1"
"2024-12-24 01:00";"1,27";"3,6";"2,515";"-0,7"
"2024-12-24 02:00";"2,228";"2,8";"3,2";"-0,7"
"2024-12-24 03:00";"2,07";"1,3";"2,862";"-1,2"
"2024-12-24 04:00";"1,32";"0,6";"2,834";"-0,8"
"2024-12-24 05:00";"1,309";"1,2";"2,502";"-0,7"
"2024-12-24 06:00";"1,315";"1,8";"2,457";"-0,3"
"2024-12-24 07:00";"1,326";"2,2";"2,441";"0,4"
"2024-12-24 08:00";"2,047";"2,3";"2,464";"0,3"
"2024-12-24 09:00";"1,31";"2,6";"2,417";"0,1"
"2024-12-24 10:00";"1,301";"3,5";"2,271";"0,3"
"2024-12-24 11:00";"1,328";"4,1";"2,324";"0,5"
"2024-12-24 12:00";"1,344";"4,5";"3,151";"0,8"
"2024-12-24 13:00";"1,338";"4,5";"2,336";"1,000"
"2024-12-24 14:00";"1,335";"4,5";"2,367";"1,3"
"2024-12-24 15:00";"1,337";"4,4";"2,363";"3,4"
"2024-12-24 16:00";"1,39";"4,1";"2,252";"4,000"
"2024-12-24 17:00";"1,979";"3,6";"2,418";"4,3"
"2024-12-24 18:00";"1,609";"2,9";"2,326";"6,000"
"2024-12-24 19:00";"1,431";"3,000";"2,226";"6,000"
"2024-12-24 20:00";"1,431";"3,7";"2,224";"5,1"
"2024-12-24 21:00";"1,37";"4,5";"2,146";"6,2"
"2024-12-24 22:00";"1,301";"4,6";"2,059";"6,8"
"2024-12-24 23:00";"1,339";"5,2";"2,009";"6,7"
"2024-12-25 00:00";"1,323";"5,3";"1,952";"7,000"
"2024-12-25 01:00";"1,271";"5,4";"1,991";"7,000"
"2024-12-25 02:00";"2,186";"5,3";"2,774";"6,9"
"2024-12-25 03:00";"1,676";"5,1";"1,947";"7,3"
"2024-12-25 04:00";"1,248";"5,2";"1,942";"7,3"
"2024-12-25 05:00";"1,271";"5,3";"1,949";"6,7"
"2024-12-25 06:00";"1,93";"5,3";"1,928";"6,5"
"2024-12-25 07:00";"1,25";"5,4";"1,922";"6,4"
"2024-12-25 08:00";"1,26";"5,6";"1,899";"6,5"
"2024-12-25 09:00";"1,242";"5,8";"1,784";"6,3"
"2024-12-25 10:00";"1,281";"6,000";"1,64";"6,3"
"2024-12-25 11:00";"1,266";"6,2";"1,897";"6,4"
"2024-12-25 12:00";"1,298";"6,4";"2,163";"6,4"
"2024-12-25 13:00";"1,345";"6,6";"2,155";"6,2"
"2024-12-25 14:00";"1,379";"6,8";"1,482";"6,000"
"2024-12-25 15:00";"1,298";"6,8";"1,489";"5,6"
"2024-12-25 16:00";"1,29";"6,9";"1,536";"5,1"
"2024-12-25 17:00";"1,378";"7,1";"1,611";"4,7"
"2024-12-25 18:00";"1,963";"7,1";"1,603";"4,5"
"2024-12-25 19:00";"1,322";"7,1";"1,651";"4,4"
"2024-12-25 20:00";"1,314";"7,3";"1,653";"4,4"
"2024-12-25 21:00";"1,451";"7,4";"1,67";"4,3"
"2024-12-25 22:00";"1,348";"7,2";"1,703";"4,000"
"2024-12-25 23:00";"1,346";"7,1";"1,679";"4,2"
"2024-12-26 00:00";"1,35";"7,1";"1,625";"4,5"
"2024-12-26 01:00";"1,279";"7,000";"1,617";"4,3"
"2024-12-26 02:00";"2,107";"7,000";"2,571";"3,7"
"2024-12-26 03:00";"1,567";"6,8";"2,133";"3,8"
"2024-12-26 04:00";"1,183";"6,8";"1,598";"5,000"
"2024-12-26 05:00";"1,168";"6,6";"1,574";"5,7"
"2024-12-26 06:00";"1,218";"6,3";"1,549";"6,1"
"2024-12-26 07:00";"1,219";"6,2";"2,216";"6,000"
"2024-12-26 08:00";"1,174";"6,3";"1,615";"6,5"
"2024-12-26 09:00";"1,228";"6,2";"1,651";"5,4"
"2024-12-26 10:00";"1,196";"6,4";"1,65";"3,8"
"2024-12-26 11:00";"1,644";"6,5";"0,586";"3,2"
"2024-12-26 12:00";"1,408";"6,6";"0,395";"3,3"
"2024-12-26 13:00";"1,53";"6,7";"0,376";"3,5"
"2024-12-26 14:00";"1,113";"6,7";"0,396";"3,7"
"2024-12-26 15:00";"1,241";"6,6";"0,408";"3,9"
"2024-12-26 16:00";"1,275";"6,5";"0,408";"3,6"
"2024-12-26 17:00";"1,235";"6,4";"0,439";"3,9"
"2024-12-26 18:00";"1,317";"6,4";"0,466";"3,9"
"2024-12-26 19:00";"1,194";"6,4";"0,925";"4,000"
"2024-12-26 20:00";"1,27";"6,4";"0,743";"3,9"
"2024-12-26 21:00";"1,252";"6,4";"0,523";"4,1"
"2024-12-26 22:00";"1,364";"6,3";"0,533";"4,6"
"2024-12-26 23:00";"1,213";"6,2";"0,553";"4,4"
"2024-12-27 00:00";"1,25";"6,000";"0,552";"3,9"
"2024-12-27 01:00";"1,217";"5,8";"0,574";"4,1"
"2024-12-27 02:00";"2,069";"5,7";"2,26";"4,4"
"2024-12-27 03:00";"1,564";"5,6";"1,565";"3,9"
"2024-12-27 04:00";"1,13";"5,8";"0,878";"3,1"
"2024-12-27 05:00";"1,137";"5,8";"0,609";"3,000"
"2024-12-27 06:00";"1,184";"5,7";"0,624";"2,9"
"2024-12-27 07:00";"1,769";"5,5";"1,088";"2,6"
"2024-12-27 08:00";"1,166";"5,4";"0,988";"2,2"
"2024-12-27 09:00";"1,174";"5,3";"0,629";"2,2"
"2024-12-27 10:00";"1,202";"5,3";"0,663";"2,6"
"2024-12-27 11:00";"1,186";"5,3";"0,627";"3,1"
"2024-12-27 12:00";"1,222";"5,2";"0,62";"3,3"
"2024-12-27 13:00";"1,232";"5,3";"1,374";"3,1"
"2024-12-27 14:00";"1,151";"5,3";"0,62";"2,2"
"2024-12-27 15:00";"1,258";"5,3";"0,666";"1,2"
"2024-12-27 16:00";"1,255";"5,3";"0,671";"0,2"
"2024-12-27 17:00";"1,317";"5,1";"0,688";"0,6"
"2024-12-27 18:00";"1,287";"5,000";"1,49";"0,5"
"2024-12-27 19:00";"1,359";"5,000";"0,696";"0,7"
"2024-12-27 20:00";"1,225";"5,000";"0,717";"1,3"
"2024-12-27 21:00";"1,271";"5,000";"0,697";"1,7"
"2024-12-27 22:00";"1,411";"4,9";"0,852";"2,2"
"2024-12-27 23:00";"1,29";"4,9";"2,437";"3,000"
"2024-12-28 00:00";"1,27";"4,7";"2,047";"3,5"
"2024-12-28 01:00";"1,323";"4,6";"2,033";"2,9"
"2024-12-28 02:00";"2,664";"4,5";"3,004";"3,1"
"2024-12-28 03:00";"1,666";"4,3";"2,401";"3,1"
"2024-12-28 04:00";"1,149";"4,2";"2,257";"3,6"
"2024-12-28 05:00";"1,215";"4,2";"2,36";"4,4"
"2024-12-28 06:00";"1,181";"4,000";"1,903";"5,7"
"2024-12-28 07:00";"1,241";"3,9";"1,862";"6,3"
"2024-12-28 08:00";"1,257";"3,7";"1,867";"6,5"
"2024-12-28 09:00";"1,265";"3,6";"1,85";"6,8"
"2024-12-28 10:00";"1,257";"3,7";"1,988";"6,8"
"2024-12-28 11:00";"1,265";"3,8";"2,318";"6,6"
"2024-12-28 12:00";"2,217";"3,7";"2,416";"7,5"
"2024-12-28 13:00";"1,684";"3,5";"1,927";"7,6"
"2024-12-28 14:00";"1,31";"3,3";"1,938";"7,5"
"2024-12-28 15:00";"1,312";"3,2";"1,876";"7,6"
"2024-12-28 16:00";"2,008";"3,3";"1,899";"7,4"
"2024-12-28 17:00";"1,36";"3,3";"1,923";"7,3"
"2024-12-28 18:00";"1,303";"3,2";"1,891";"7,4"
"2024-12-28 19:00";"1,238";"3,000";"2,08";"7,2"
"2024-12-28 20:00";"1,699";"2,8";"2,03";"6,9"
"2024-12-28 21:00";"1,327";"3,1";"1,868";"6,9"
"2024-12-28 22:00";"1,295";"3,6";"1,787";"6,6"
"2024-12-28 23:00";"1,382";"3,6";"1,651";"7,000"
"2024-12-29 00:00";"1,262";"3,6";"1,578";"7,6"
"2024-12-29 01:00";"1,174";"3,5";"2,307";"7,7"
"2024-12-29 02:00";"2,187";"3,6";"2,591";"7,6"
"2024-12-29 03:00";"1,334";"3,4";"2,577";"7,4"
"2024-12-29 04:00";"1,262";"3,5";"1,776";"7,000"
"2024-12-29 05:00";"1,232";"3,6";"1,598";"6,7"
"2024-12-29 06:00";"1,907";"4,1";"1,558";"6,2"
"2024-12-29 07:00";"1,282";"4,6";"1,514";"6,7"
"2024-12-29 08:00";"1,28";"5,000";"1,517";"7,1"
"2024-12-29 09:00";"1,303";"5,3";"1,514";"7,000"
"2024-12-29 10:00";"1,248";"5,6";"1,623";"6,7"
"2024-12-29 11:00";"1,225";"5,8";"1,592";"7,5"
"2024-12-29 12:00";"1,808";"5,9";"1,554";"7,3"
"2024-12-29 13:00";"1,203";"6,000";"1,516";"6,8"
"2024-12-29 14:00";"1,323";"6,000";"1,5";"6,8"
"2024-12-29 15:00";"1,297";"6,2";"1,513";"6,6"
"2024-12-29 16:00";"1,23";"6,2";"1,567";"6,7"
"2024-12-29 17:00";"1,203";"6,1";"2,309";"7,000"
"2024-12-29 18:00";"1,259";"6,2";"1,887";"7,1"
"2024-12-29 19:00";"1,229";"6,6";"1,852";"6,7"
"2024-12-29 20:00";"1,331";"6,8";"1,68";"6,9"
"2024-12-29 21:00";"1,364";"6,9";"1,558";"6,2"
"2024-12-29 22:00";"1,816";"6,9";"1,124";"5,7"
"2024-12-29 23:00";"1,583";"6,8";"1,211";"5,6"
"2024-12-30 00:00";"1,371";"6,7";"1,208";"5,5"
"2024-12-30 01:00";"1,186";"6,9";"1,206";"5,6"
"2024-12-30 02:00";"2,099";"6,8";"2,193";"5,000"
"2024-12-30 03:00";"2,088";"7,000";"1,691";"4,6"
"2024-12-30 04:00";"1,992";"7,1";"1,247";"4,5"
"2024-12-30 05:00";"1,112";"7,3";"1,256";"4,4"
"2024-12-30 06:00";"1,168";"7,2";"1,27";"4,2"
"2024-12-30 07:00";"1,158";"7,1";"1,271";"4,2"
"2024-12-30 08:00";"1,156";"7,1";"1,308";"4,000"
"2024-12-30 09:00";"1,125";"7,2";"1,326";"4,000"
"2024-12-30 10:00";"1,205";"7,3";"2,071";"4,5"
"2024-12-30 11:00";"1,152";"7,5";"1,517";"4,7"
"2024-12-30 12:00";"1,138";"7,6";"1,867";"4,9"
"2024-12-30 13:00";"1,232";"7,5";"1,292";"5,000"
"2024-12-30 14:00";"1,259";"7,3";"1,286";"5,2"
"2024-12-30 15:00";"1,324";"7,5";"1,271";"5,2"
"2024-12-30 16:00";"1,99";"7,4";"1,338";"5,000"
"2024-12-30 17:00";"1,431";"7,3";"1,316";"4,8"
"2024-12-30 18:00";"1,237";"7,000";"1,239";"5,1"
"2024-12-30 19:00";"1,36";"6,7";"1,53";"5,1"
"2024-12-30 20:00";"1,291";"6,7";"1,409";"5,1"
"2024-12-30 21:00";"1,327";"6,9";"1,208";"5,2"
"2024-12-30 22:00";"1,248";"7,000";"1,233";"5,2"
"2024-12-30 23:00";"1,051";"7,3";"1,244";"5,2"
"2024-12-31 00:00";"1,051";"7,4";"1,226";"4,9"
"2024-12-31 01:00";"1,072";"7,6";"1,208";"3,9"
"2024-12-31 02:00";"2,013";"8,1";"2,225";"2,6"
"2024-12-31 03:00";"1,437";"7,1";"1,307";"2,000"
"2024-12-31 04:00";"1,067";"5,4";"1,964";"1,7"
"2024-12-31 05:00";"1,116";"4,5";"1,272";"1,7"
"2024-12-31 06:00";"1,153";"4,1";"1,281";"1,9"
"2024-12-31 07:00";"1,128";"3,9";"1,261";"1,8"
"2024-12-31 08:00";"1,18";"3,9";"1,29";"2,3"
"2024-12-31 09:00";"1,205";"3,7";"1,281";"3,1"
"2024-12-31 10:00";"1,322";"3,4";"1,322";"3,9"
"2024-12-31 11:00";"1,27";"4,9";"1,374";"4,6"
"2024-12-31 12:00";"1,178";"6,7";"2,309";"5,000"
"2024-12-31 13:00";"1,775";"6,7";"1,56";"5,4"
"2024-12-31 14:00";"2,785";"6,7";"1,656";"5,4"
"2024-12-31 15:00";"1,113";"6,6";"4,286";"5,2"
"2024-12-31 16:00";"1,887";"6,2";"2,8";"4,9"
"2024-12-31 17:00";"1,566";"5,9";"2,568";"4,7"
"2024-12-31 18:00";"1,43";"5,5";"1,427";"4,7"
"2024-12-31 19:00";"1,356";"5,3";"1,241";"4,6"
"2024-12-31 20:00";"1,688";"5,1";"1,216";"4,8"
"2024-12-31 21:00";"1,29";"5,1";"1,223";"5,000"
"2024-12-31 22:00";"1,269";"5,000";"1,804";"4,7"
"2024-12-31 23:00";"1,292";"4,9";"2,617";"4,6"