"Datum";"Produktion";"El kWh";"Utomhustemperatur";"kWh - 2023-01-01  - 2023-12-31";"T(°C) - 2023-01-01  - 2023-12-31"
"2024-01-01 00:00";"0,000";"6,17";"4,2";"8,79";"5,7"
"2024-01-01 01:00";"0,000";"6,12";"4,1";"8,71";"6,000"
"2024-01-01 02:00";"0,000";"5,61";"3,9";"7,95";"6,6"
"2024-01-01 03:00";"0,000";"5,86";"3,8";"5,28";"6,5"
"2024-01-01 04:00";"0,000";"5,91";"3,8";"5,84";"5,9"
"2024-01-01 05:00";"0,000";"5,43";"3,7";"5,21";"5,9"
"2024-01-01 06:00";"0,000";"5,98";"3,6";"5,27";"6,1"
"2024-01-01 07:00";"0,000";"5,49";"3,7";"5,58";"7,4"
"2024-01-01 08:00";"0,000";"5,91";"4,000";"4,97";"8,9"
"2024-01-01 09:00";"0,000";"4,31";"4,000";"4,66";"8,9"
"2024-01-01 10:00";"0,000";"5,1";"4,1";"8,57";"8,6"
"2024-01-01 11:00";"0,000";"4,9";"4,1";"11,77";"8,8"
"2024-01-01 12:00";"0,000";"4,95";"4,1";"17,39";"9,2"
"2024-01-01 13:00";"0,000";"4,59";"4,000";"12,64";"8,9"
"2024-01-01 14:00";"0,000";"4,86";"4,1";"15,48";"8,9"
"2024-01-01 15:00";"0,000";"5,08";"4,4";"8,42";"8,6"
"2024-01-01 16:00";"0,000";"6,43";"4,3";"7,37";"7,8"
"2024-01-01 17:00";"0,000";"11,81";"3,9";"23,09";"7,9"
"2024-01-01 18:00";"0,000";"11,04";"3,4";"18,86";"7,4"
"2024-01-01 19:00";"0,000";"10,45";"3,2";"15,94";"7,4"
"2024-01-01 20:00";"0,000";"12,2";"3,000";"12,14";"7,6"
"2024-01-01 21:00";"0,000";"13,49";"2,9";"9,56";"7,7"
"2024-01-01 22:00";"0,000";"13,49";"2,7";"9,68";"7,8"
"2024-01-01 23:00";"0,000";"13,48";"2,7";"13,03";"7,4"
"2024-01-02 00:00";"0,000";"12,72";"2,9";"13,09";"6,7"
"2024-01-02 01:00";"0,000";"13,28";"2,8";"12,56";"6,2"
"2024-01-02 02:00";"0,000";"12,83";"2,6";"10,53";"6,3"
"2024-01-02 03:00";"0,000";"13,48";"2,5";"9,16";"6,1"
"2024-01-02 04:00";"0,000";"12,84";"2,5";"9,81";"6,1"
"2024-01-02 05:00";"0,000";"13,71";"2,4";"9,23";"5,9"
"2024-01-02 06:00";"0,000";"12,91";"2,4";"9,83";"5,000"
"2024-01-02 07:00";"0,000";"11,66";"2,3";"11,43";"4,2"
"2024-01-02 08:00";"0,000";"16,55";"2,2";"11,59";"3,9"
"2024-01-02 09:00";"0,000";"24,38";"2,1";"10,94";"4,2"
"2024-01-02 10:00";"0,000";"8,74";"2,000";"11,7";"4,9"
"2024-01-02 11:00";"0,000";"9,55";"1,7";"9,91";"5,7"
"2024-01-02 12:00";"0,000";"17,05";"1,5";"8,43";"6,000"
"2024-01-02 13:00";"0,000";"18,93";"1,4";"7,87";"6,1"
"2024-01-02 14:00";"0,000";"14,37";"1,4";"9,87";"6,000"
"2024-01-02 15:00";"0,000";"17,29";"1,3";"13,23";"5,6"
"2024-01-02 16:00";"0,000";"39,03";"1,000";"13,83";"5,7"
"2024-01-02 17:00";"0,000";"28,9";"1,2";"18,24";"4,1"
"2024-01-02 18:00";"0,000";"37,58";"1,3";"13,79";"4,3"
"2024-01-02 19:00";"0,000";"23,39";"1,2";"6,6";"4,8"
"2024-01-02 20:00";"0,000";"30,08";"0,8";"9,82";"5,1"
"2024-01-02 21:00";"0,000";"25,67";"1,000";"19,83";"5,4"
"2024-01-02 22:00";"0,000";"17,08";"1,000";"18,65";"6,000"
"2024-01-02 23:00";"0,000";"14,82";"1,000";"14,36";"6,4"
"2024-01-03 00:00";"0,000";"14,4";"0,5";"11,38";"6,1"
"2024-01-03 01:00";"0,000";"14,24";"0,5";"9,3";"5,7"
"2024-01-03 02:00";"0,000";"14,53";"0,6";"10,08";"5,1"
"2024-01-03 03:00";"0,000";"13,38";"0,5";"9,67";"5,1"
"2024-01-03 04:00";"0,000";"11,03";"0,4";"10,16";"5,2"
"2024-01-03 05:00";"0,000";"11,13";"-0,2";"9,72";"4,9"
"2024-01-03 06:00";"0,000";"11,44";"-0,4";"10,35";"5,1"
"2024-01-03 07:00";"0,000";"14,8";"-0,4";"12,94";"5,1"
"2024-01-03 08:00";"0,000";"11,11";"-0,4";"11,5";"4,8"
"2024-01-03 09:00";"0,000";"20,83";"0,5";"8,17";"4,7"
"2024-01-03 10:00";"0,000";"17,73";"0,5";"8,17";"4,4"
"2024-01-03 11:00";"0,000";"15,28";"0,6";"5,14";"5,2"
"2024-01-03 12:00";"0,000";"16,75";"0,6";"0,94";"6,1"
"2024-01-03 13:00";"0,000";"11,78";"0,6";"5,04";"6,1"
"2024-01-03 14:00";"0,000";"12,27";"0,7";"6,3";"5,9"
"2024-01-03 15:00";"0,000";"9,74";"0,5";"8,36";"5,6"
"2024-01-03 16:00";"0,000";"13,7";"-0,3";"12,63";"4,9"
"2024-01-03 17:00";"0,000";"18,24";"-1,000";"37,76";"4,5"
"2024-01-03 18:00";"0,000";"28,35";"-1,8";"24,66";"3,6"
"2024-01-03 19:00";"0,000";"16,52";"-2,5";"20,78";"3,000"
"2024-01-03 20:00";"0,000";"9,5";"-3,3";"18,62";"2,1"
"2024-01-03 21:00";"0,000";"8,41";"-3,6";"17,66";"0,9"
"2024-01-03 22:00";"0,000";"11,78";"-3,1";"10,83";"-0,1"
"2024-01-03 23:00";"0,000";"11,79";"-1,8";"10,31";"-0,7"
"2024-01-04 00:00";"0,000";"12,18";"-1,3";"10,72";"-0,1"
"2024-01-04 01:00";"0,000";"12,34";"-1,4";"10,16";"2,000"
"2024-01-04 02:00";"0,000";"12,35";"-1,6";"10,89";"3,000"
"2024-01-04 03:00";"0,000";"12,48";"-1,7";"10,21";"2,7"
"2024-01-04 04:00";"0,000";"12,69";"-2,5";"10,87";"2,3"
"2024-01-04 05:00";"0,000";"12,44";"-2,8";"10,25";"2,1"
"2024-01-04 06:00";"0,000";"12,46";"-3,000";"10,18";"2,000"
"2024-01-04 07:00";"0,000";"15,02";"-2,9";"11,9";"2,6"
"2024-01-04 08:00";"0,000";"13,74";"-3,1";"8,74";"3,000"
"2024-01-04 09:00";"0,000";"15,66";"-3,3";"8,52";"2,9"
"2024-01-04 10:00";"0,000";"16,4";"-3,3";"10,44";"2,7"
"2024-01-04 11:00";"0,000";"24,03";"-3,4";"7,84";"2,7"
"2024-01-04 12:00";"0,000";"23,54";"-3,5";"11,71";"3,2"
"2024-01-04 13:00";"0,000";"17,88";"-3,8";"22,71";"4,2"
"2024-01-04 14:00";"0,000";"13,07";"-4,000";"16,92";"4,4"
"2024-01-04 15:00";"0,000";"9,26";"-4,3";"18,57";"4,7"
"2024-01-04 16:00";"0,000";"9,81";"-5,3";"21,81";"5,2"
"2024-01-04 17:00";"0,000";"12,26";"-5,2";"23,69";"4,9"
"2024-01-04 18:00";"0,000";"20,95";"-6,5";"32,4";"4,7"
"2024-01-04 19:00";"0,000";"21,1";"-7,3";"16,72";"4,8"
"2024-01-04 20:00";"0,000";"15,87";"-7,5";"19,74";"5,8"
"2024-01-04 21:00";"0,000";"13,6";"-7,8";"20,05";"5,2"
"2024-01-04 22:00";"0,000";"13,73";"-8,2";"19,65";"5,000"
"2024-01-04 23:00";"0,000";"13,78";"-8,9";"17,79";"6,2"
"2024-01-05 00:00";"0,000";"14,04";"-9,7";"13,81";"5,7"
"2024-01-05 01:00";"0,000";"14,05";"-10,3";"13,6";"7,1"
"2024-01-05 02:00";"0,000";"13,38";"-10,6";"12,91";"7,1"
"2024-01-05 03:00";"0,000";"11,92";"-10,6";"10,3";"6,2"
"2024-01-05 04:00";"0,000";"10,31";"-11,000";"9,7";"6,000"
"2024-01-05 05:00";"0,000";"10,47";"-11,000";"9,65";"5,4"
"2024-01-05 06:00";"0,000";"10,65";"-11,3";"9,97";"3,9"
"2024-01-05 07:00";"0,000";"11,43";"-11,8";"11,43";"2,8"
"2024-01-05 08:00";"0,000";"11,61";"-12,000";"13,41";"2,1"
"2024-01-05 09:00";"0,000";"11,65";"-11,4";"22,96";"2,000"
"2024-01-05 10:00";"0,000";"11,27";"-11,2";"17,49";"1,8"
"2024-01-05 11:00";"0,000";"11,63";"-10,7";"10,07";"1,000"
"2024-01-05 12:00";"0,000";"13,32";"-10,4";"9,03";"0,9"
"2024-01-05 13:00";"0,000";"18,96";"-10,1";"18,58";"2,9"
"2024-01-05 14:00";"0,000";"20,98";"-10,1";"18,12";"3,1"
"2024-01-05 15:00";"0,000";"43,35";"-10,2";"14,15";"3,1"
"2024-01-05 16:00";"0,000";"31,22";"-9,7";"11,2";"2,5"
"2024-01-05 17:00";"0,000";"29,39";"-10,3";"15,04";"2,5"
"2024-01-05 18:00";"0,000";"30,86";"-9,8";"21,31";"2,5"
"2024-01-05 19:00";"0,000";"24,13";"-8,8";"17,58";"2,3"
"2024-01-05 20:00";"0,000";"26,64";"-8,4";"13,41";"1,6"
"2024-01-05 21:00";"0,000";"30,81";"-7,8";"10,82";"1,2"
"2024-01-05 22:00";"0,000";"22,05";"-6,8";"9,38";"1,2"
"2024-01-05 23:00";"0,000";"20,28";"-6,6";"7,78";"1,000"
"2024-01-06 00:00";"0,000";"19,01";"-6,4";"7,67";"0,9"
"2024-01-06 01:00";"0,000";"16,8";"-6,5";"7,77";"1,000"
"2024-01-06 02:00";"0,000";"17,18";"-7,000";"7,35";"1,1"
"2024-01-06 03:00";"0,000";"17,16";"-7,1";"7,94";"1,2"
"2024-01-06 04:00";"0,000";"16,91";"-8,3";"7,4";"1,2"
"2024-01-06 05:00";"0,000";"14,86";"-9,1";"7,88";"1,6"
"2024-01-06 06:00";"0,000";"10,79";"-9,000";"7,41";"2,000"
"2024-01-06 07:00";"0,000";"10,62";"-9,1";"7,67";"1,8"
"2024-01-06 08:00";"0,000";"11,55";"-9,4";"10,76";"1,2"
"2024-01-06 09:00";"0,000";"12,68";"-10,000";"15,11";"1,1"
"2024-01-06 10:00";"0,000";"13,86";"-9,8";"8,21";"0,9"
"2024-01-06 11:00";"0,000";"13,29";"-8,7";"10,43";"0,6"
"2024-01-06 12:00";"0,000";"19,22";"-8,2";"16,82";"0,000"
"2024-01-06 13:00";"0,000";"26,87";"-7,6";"9,72";"0,5"
"2024-01-06 14:00";"0,000";"27,36";"-7,3";"10,99";"1,4"
"2024-01-06 15:00";"0,000";"28,37";"-7,7";"16,76";"1,9"
"2024-01-06 16:00";"0,000";"42,29";"-8,4";"28,82";"2,2"
"2024-01-06 17:00";"0,000";"24,32";"-8,4";"24,58";"3,4"
"2024-01-06 18:00";"0,000";"19,02";"-8,4";"15,59";"4,7"
"2024-01-06 19:00";"0,000";"20,3";"-8,9";"12,2";"4,9"
"2024-01-06 20:00";"0,000";"20,91";"-9,7";"15,56";"4,1"
"2024-01-06 21:00";"0,000";"14,54";"-10,000";"11,2";"4,7"
"2024-01-06 22:00";"0,000";"17,84";"-10,2";"10,84";"5,1"
"2024-01-06 23:00";"0,000";"16,34";"-10,2";"8,68";"5,2"
"2024-01-07 00:00";"0,000";"16,13";"-10,2";"7,26";"5,2"
"2024-01-07 01:00";"0,000";"16,43";"-10,6";"6,71";"5,7"
"2024-01-07 02:00";"0,000";"15,74";"-10,6";"7,2";"5,9"
"2024-01-07 03:00";"0,000";"13,02";"-10,9";"6,73";"5,3"
"2024-01-07 04:00";"0,000";"13,05";"-11,3";"6,83";"4,000"
"2024-01-07 05:00";"0,000";"13,01";"-11,2";"7,43";"3,000"
"2024-01-07 06:00";"0,000";"13,11";"-11,5";"6,65";"2,4"
"2024-01-07 07:00";"0,000";"13,13";"-11,7";"6,6";"1,8"
"2024-01-07 08:00";"0,000";"14,77";"-10,1";"7,02";"1,2"
"2024-01-07 09:00";"0,000";"19,67";"-8,4";"4,66";"1,000"
"2024-01-07 10:00";"0,000";"24,88";"-8,000";"2,46";"1,3"
"2024-01-07 11:00";"0,000";"21,52";"-7,1";"8,97";"1,7"
"2024-01-07 12:00";"0,000";"15,83";"-5,5";"8,79";"2,000"
"2024-01-07 13:00";"0,000";"29,19";"-5,000";"9,6";"2,3"
"2024-01-07 14:00";"0,000";"22,32";"-4,7";"15,52";"2,6"
"2024-01-07 15:00";"0,000";"19,3";"-4,5";"11,76";"3,000"
"2024-01-07 16:00";"0,000";"26,24";"-5,2";"9,67";"3,3"
"2024-01-07 17:00";"0,000";"28,47";"-6,4";"18,17";"3,8"
"2024-01-07 18:00";"0,000";"26,44";"-6,5";"19,53";"4,3"
"2024-01-07 19:00";"0,000";"22,64";"-6,5";"21,7";"4,4"
"2024-01-07 20:00";"0,000";"27,32";"-6,4";"26,94";"4,3"
"2024-01-07 21:00";"0,000";"25,06";"-7,2";"18,67";"4,1"
"2024-01-07 22:00";"0,000";"16,42";"-7,1";"15,7";"4,1"
"2024-01-07 23:00";"0,000";"15,62";"-6,7";"14,2";"4,7"
"2024-01-08 00:00";"0,000";"15,21";"-6,4";"13,99";"6,6"
"2024-01-08 01:00";"0,000";"15,63";"-6,5";"12,76";"6,9"
"2024-01-08 02:00";"0,000";"15,38";"-6,6";"9,12";"6,7"
"2024-01-08 03:00";"0,000";"13,68";"-7,000";"6,01";"6,3"
"2024-01-08 04:00";"0,000";"12,42";"-7,2";"6,13";"6,1"
"2024-01-08 05:00";"0,000";"12,11";"-7,6";"6,79";"6,000"
"2024-01-08 06:00";"0,000";"13,24";"-7,6";"6,19";"5,6"
"2024-01-08 07:00";"0,000";"14,77";"-8,1";"6,09";"5,6"
"2024-01-08 08:00";"0,000";"13,73";"-8,6";"6,75";"4,8"
"2024-01-08 09:00";"0,000";"15,1";"-8,1";"5,96";"3,6"
"2024-01-08 10:00";"0,000";"17,6";"-7,5";"7,77";"3,2"
"2024-01-08 11:00";"0,000";"14,45";"-6,4";"10,45";"3,1"
"2024-01-08 12:00";"0,000";"13,3";"-5,8";"12,67";"3,2"
"2024-01-08 13:00";"0,000";"17,23";"-5,2";"10,78";"3,1"
"2024-01-08 14:00";"0,000";"22,000";"-5,6";"15,71";"3,1"
"2024-01-08 15:00";"0,000";"22,42";"-5,8";"16,88";"3,2"
"2024-01-08 16:00";"0,000";"17,77";"-7,1";"16,4";"3,4"
"2024-01-08 17:00";"0,000";"17,48";"-9,1";"26,81";"3,5"
"2024-01-08 18:00";"0,000";"22,02";"-9,7";"25,83";"3,6"
"2024-01-08 19:00";"0,000";"27,67";"-8,9";"30,13";"3,6"
"2024-01-08 20:00";"0,000";"33,06";"-7,8";"15,44";"3,4"
"2024-01-08 21:00";"0,000";"37,53";"-6,2";"14,04";"3,4"
"2024-01-08 22:00";"0,000";"36,12";"-5,1";"14,99";"3,3"
"2024-01-08 23:00";"0,000";"35,28";"-5,4";"15,12";"3,1"
"2024-01-09 00:00";"0,000";"31,19";"-5,6";"13,54";"3,000"
"2024-01-09 01:00";"0,000";"27,76";"-4,7";"9,39";"2,9"
"2024-01-09 02:00";"0,000";"20,68";"-3,8";"9,3";"3,000"
"2024-01-09 03:00";"0,000";"18,59";"-3,2";"8,72";"3,1"
"2024-01-09 04:00";"0,000";"16,53";"-2,9";"8,77";"2,9"
"2024-01-09 05:00";"0,000";"14,86";"-2,8";"9,42";"2,7"
"2024-01-09 06:00";"0,000";"11,71";"-3,1";"9,57";"2,4"
"2024-01-09 07:00";"0,000";"14,39";"-3,3";"12,62";"2,2"
"2024-01-09 08:00";"0,000";"15,58";"-3,000";"15,68";"2,000"
"2024-01-09 09:00";"0,000";"14,09";"-2,9";"15,92";"1,8"
"2024-01-09 10:00";"0,000";"13,43";"-2,7";"20,47";"2,000"
"2024-01-09 11:00";"0,000";"14,51";"-2,4";"12,88";"2,3"
"2024-01-09 12:00";"0,000";"21,36";"-1,9";"9,71";"2,2"
"2024-01-09 13:00";"0,000";"26,36";"-1,6";"10,87";"2,2"
"2024-01-09 14:00";"0,000";"15,73";"-1,7";"7,73";"1,8"
"2024-01-09 15:00";"0,000";"26,12";"-1,7";"7,56";"3,000"
"2024-01-09 16:00";"0,000";"24,53";"-1,6";"9,35";"2,6"
"2024-01-09 17:00";"0,000";"33,82";"-1,5";"13,06";"3,000"
"2024-01-09 18:00";"0,000";"20,11";"-2,1";"13,71";"3,4"
"2024-01-09 19:00";"0,000";"13,92";"-2,000";"16,95";"3,3"
"2024-01-09 20:00";"0,000";"10,55";"-1,7";"21,38";"3,9"
"2024-01-09 21:00";"0,000";"12,6";"-1,5";"20,29";"3,8"
"2024-01-09 22:00";"0,000";"12,87";"-1,3";"21,35";"3,5"
"2024-01-09 23:00";"0,000";"11,45";"-1,3";"18,61";"3,1"
"2024-01-10 00:00";"0,000";"9,87";"-1,1";"15,94";"3,5"
"2024-01-10 01:00";"0,000";"9,94";"-1,1";"13,52";"2,8"
"2024-01-10 02:00";"0,000";"9,58";"-1,2";"11,37";"1,8"
"2024-01-10 03:00";"0,000";"10,27";"-1,3";"10,14";"2,9"
"2024-01-10 04:00";"0,000";"9,8";"-1,1";"9,72";"3,8"
"2024-01-10 05:00";"0,000";"10,33";"-1,2";"10,14";"3,3"
"2024-01-10 06:00";"0,000";"9,96";"-1,5";"10,3";"3,1"
"2024-01-10 07:00";"0,000";"11,93";"-1,9";"12,48";"3,7"
"2024-01-10 08:00";"0,000";"11,59";"-2,4";"11,15";"3,8"
"2024-01-10 09:00";"0,000";"12,64";"-2,8";"11,51";"4,2"
"2024-01-10 10:00";"0,000";"17,61";"-3,000";"13,86";"4,4"
"2024-01-10 11:00";"0,000";"21,62";"-3,3";"13,24";"4,8"
"2024-01-10 12:00";"0,000";"23,81";"-3,3";"5,87";"5,3"
"2024-01-10 13:00";"0,000";"31,29";"-3,1";"1,11";"5,7"
"2024-01-10 14:00";"0,000";"32,73";"-3,2";"3,68";"5,5"
"2024-01-10 15:00";"0,000";"30,11";"-3,3";"7,41";"5,000"
"2024-01-10 16:00";"0,000";"17,15";"-3,7";"10,05";"4,8"
"2024-01-10 17:00";"0,000";"24,61";"-4,1";"18,56";"4,5"
"2024-01-10 18:00";"0,000";"25,34";"-4,2";"33,2";"4,4"
"2024-01-10 19:00";"0,000";"29,71";"-4,3";"18,4";"4,5"
"2024-01-10 20:00";"0,000";"24,78";"-4,4";"18,83";"4,5"
"2024-01-10 21:00";"0,000";"24,08";"-4,4";"18,97";"4,5"
"2024-01-10 22:00";"0,000";"18,47";"-4,6";"19,34";"4,4"
"2024-01-10 23:00";"0,000";"16,92";"-4,6";"13,89";"4,000"
"2024-01-11 00:00";"0,000";"17,31";"-4,6";"13,07";"4,5"
"2024-01-11 01:00";"0,000";"16,6";"-4,1";"13,18";"4,8"
"2024-01-11 02:00";"0,000";"17,15";"-3,7";"13,35";"4,2"
"2024-01-11 03:00";"0,000";"16,68";"-3,1";"11,81";"3,6"
"2024-01-11 04:00";"0,000";"13,16";"-2,8";"10,01";"3,3"
"2024-01-11 05:00";"0,000";"13,5";"-2,8";"9,57";"2,8"
"2024-01-11 06:00";"0,000";"13,37";"-2,8";"9,62";"2,7"
"2024-01-11 07:00";"0,000";"11,24";"-3,2";"13,34";"2,8"
"2024-01-11 08:00";"0,000";"12,18";"-3,8";"9,6";"3,4"
"2024-01-11 09:00";"0,000";"14,92";"-4,2";"7,89";"3,8"
"2024-01-11 10:00";"0,000";"17,04";"-4,000";"10,27";"3,6"
"2024-01-11 11:00";"0,000";"12,26";"-3,3";"5,72";"3,8"
"2024-01-11 12:00";"0,000";"20,24";"-2,1";"6,43";"4,2"
"2024-01-11 13:00";"0,000";"14,27";"-1,2";"9,45";"4,9"
"2024-01-11 14:00";"0,000";"12,99";"-1,1";"8,46";"5,4"
"2024-01-11 15:00";"0,000";"14,35";"-1,4";"11,1";"5,3"
"2024-01-11 16:00";"0,000";"13,14";"-1,8";"6,81";"5,4"
"2024-01-11 17:00";"0,000";"14,44";"-2,7";"7,9";"5,9"
"2024-01-11 18:00";"0,000";"16,89";"-3,2";"23,82";"5,7"
"2024-01-11 19:00";"0,000";"15,42";"-3,1";"14,59";"5,2"
"2024-01-11 20:00";"0,000";"15,85";"-4,7";"16,93";"4,5"
"2024-01-11 21:00";"0,000";"15,53";"-5,1";"9,15";"5,000"
"2024-01-11 22:00";"0,000";"15,12";"-6,1";"7,09";"5,3"
"2024-01-11 23:00";"0,000";"14,2";"-6,2";"6,42";"4,7"
"2024-01-12 00:00";"0,000";"13,85";"-5,9";"6,01";"4,5"
"2024-01-12 01:00";"0,000";"13,89";"-6,7";"6,41";"4,3"
"2024-01-12 02:00";"0,000";"13,25";"-7,4";"5,85";"4,5"
"2024-01-12 03:00";"0,000";"13,61";"-6,9";"6,32";"4,7"
"2024-01-12 04:00";"0,000";"13,68";"-5,2";"5,8";"5,1"
"2024-01-12 05:00";"0,000";"13,4";"-5,000";"6,47";"4,8"
"2024-01-12 06:00";"0,000";"11,67";"-4,4";"5,95";"5,1"
"2024-01-12 07:00";"0,000";"13,7";"-3,2";"9,07";"5,3"
"2024-01-12 08:00";"0,000";"13,29";"-2,9";"7,52";"5,1"
"2024-01-12 09:00";"0,000";"16,95";"-3,3";"8,75";"5,4"
"2024-01-12 10:00";"0,000";"21,4";"-2,8";"14,14";"5,4"
"2024-01-12 11:00";"0,000";"15,1";"-3,1";"11,6";"5,000"
"2024-01-12 12:00";"0,000";"17,62";"-3,000";"8,58";"4,6"
"2024-01-12 13:00";"0,000";"23,07";"-2,6";"10,76";"4,5"
"2024-01-12 14:00";"0,000";"26,22";"-2,6";"13,05";"4,6"
"2024-01-12 15:00";"0,000";"16,57";"-2,3";"10,1";"4,9"
"2024-01-12 16:00";"0,000";"18,54";"-1,2";"12,95";"4,7"
"2024-01-12 17:00";"0,000";"20,15";"-1,1";"15,28";"5,3"
"2024-01-12 18:00";"0,000";"27,56";"-1,5";"13,41";"5,8"
"2024-01-12 19:00";"0,000";"17,5";"-2,3";"10,29";"5,3"
"2024-01-12 20:00";"0,000";"18,43";"-2,8";"10,87";"5,3"
"2024-01-12 21:00";"0,000";"12,62";"-3,3";"15,65";"4,8"
"2024-01-12 22:00";"0,000";"9,82";"-3,4";"19,2";"4,5"
"2024-01-12 23:00";"0,000";"9,37";"-3,6";"19,29";"4,4"
"2024-01-13 00:00";"0,000";"9,23";"-3,8";"14,86";"4,1"
"2024-01-13 01:00";"0,000";"10,02";"-3,8";"12,93";"3,7"
"2024-01-13 02:00";"0,000";"9,28";"-4,1";"12,44";"4,6"
"2024-01-13 03:00";"0,000";"9,86";"-4,2";"12,84";"5,7"
"2024-01-13 04:00";"0,000";"9,97";"-3,8";"12,85";"7,1"
"2024-01-13 05:00";"0,000";"9,3";"-2,2";"12,46";"7,000"
"2024-01-13 06:00";"0,000";"9,52";"-1,8";"13,38";"6,5"
"2024-01-13 07:00";"0,000";"9,03";"-1,7";"16,09";"5,7"
"2024-01-13 08:00";"0,000";"9,25";"-1,9";"14,59";"5,9"
"2024-01-13 09:00";"0,000";"8,52";"-1,8";"15,25";"6,2"
"2024-01-13 10:00";"0,000";"9,42";"-1,8";"13,29";"7,1"
"2024-01-13 11:00";"0,000";"13,21";"-1,5";"1,45";"7,2"
"2024-01-13 12:00";"0,000";"25,46";"-0,6";"3,14";"7,3"
"2024-01-13 13:00";"0,000";"20,39";"0,3";"4,03";"7,2"
"2024-01-13 14:00";"0,000";"17,92";"2,8";"8,51";"7,2"
"2024-01-13 15:00";"0,000";"29,09";"3,2";"11,19";"6,7"
"2024-01-13 16:00";"0,000";"33,78";"3,2";"18,93";"6,4"
"2024-01-13 17:00";"0,000";"31,12";"3,000";"22,73";"6,4"
"2024-01-13 18:00";"0,000";"33,35";"2,8";"14,54";"6,3"
"2024-01-13 19:00";"0,000";"28,48";"2,7";"23,26";"6,5"
"2024-01-13 20:00";"0,000";"17,79";"2,3";"20,89";"6,4"
"2024-01-13 21:00";"0,000";"15,15";"2,2";"19,97";"6,000"
"2024-01-13 22:00";"0,000";"11,78";"1,9";"20,1";"5,5"
"2024-01-13 23:00";"0,000";"12,19";"1,7";"14,69";"5,3"
"2024-01-14 00:00";"0,000";"12,29";"1,3";"9,43";"5,000"
"2024-01-14 01:00";"0,000";"12,18";"1,1";"9,62";"5,5"
"2024-01-14 02:00";"0,000";"11,77";"1,1";"9,59";"5,9"
"2024-01-14 03:00";"0,000";"12,55";"0,8";"9,77";"5,9"
"2024-01-14 04:00";"0,000";"11,73";"0,6";"7,58";"5,9"
"2024-01-14 05:00";"0,000";"9,38";"0,2";"5,94";"5,5"
"2024-01-14 06:00";"0,000";"8,83";"0,000";"6,39";"5,7"
"2024-01-14 07:00";"0,000";"9,21";"-0,2";"5,74";"5,4"
"2024-01-14 08:00";"0,000";"8,92";"-0,4";"5,88";"5,2"
"2024-01-14 09:00";"0,000";"17,17";"0,1";"4,78";"5,4"
"2024-01-14 10:00";"0,000";"26,44";"0,7";"14,94";"5,6"
"2024-01-14 11:00";"0,000";"15,36";"1,3";"6,11";"6,2"
"2024-01-14 12:00";"0,000";"9,21";"1,9";"12,85";"5,9"
"2024-01-14 13:00";"0,000";"5,89";"2,6";"3,73";"5,9"
"2024-01-14 14:00";"0,000";"9,25";"2,4";"15,41";"5,5"
"2024-01-14 15:00";"0,000";"14,24";"2,4";"10,65";"5,1"
"2024-01-14 16:00";"0,000";"16,42";"2,4";"11,43";"5,000"
"2024-01-14 17:00";"0,000";"28,81";"2,1";"6,84";"4,9"
"2024-01-14 18:00";"0,000";"31,33";"1,9";"14,67";"4,4"
"2024-01-14 19:00";"0,000";"23,82";"1,6";"30,7";"4,2"
"2024-01-14 20:00";"0,000";"25,51";"1,2";"21,1";"4,2"
"2024-01-14 21:00";"0,000";"16,18";"0,2";"16,94";"4,4"
"2024-01-14 22:00";"0,000";"15,74";"0,1";"11,36";"4,000"
"2024-01-14 23:00";"0,000";"15,59";"0,6";"11,28";"4,1"
"2024-01-15 00:00";"0,000";"15,54";"0,6";"15,91";"4,7"
"2024-01-15 01:00";"0,000";"15,26";"0,6";"17,03";"5,000"
"2024-01-15 02:00";"0,000";"15,79";"0,7";"16,77";"5,5"
"2024-01-15 03:00";"0,000";"15,26";"0,6";"16,88";"5,3"
"2024-01-15 04:00";"0,000";"15,7";"-0,3";"16,79";"5,2"
"2024-01-15 05:00";"0,000";"12,44";"-0,8";"13,68";"5,4"
"2024-01-15 06:00";"0,000";"12,84";"-0,5";"13,44";"5,3"
"2024-01-15 07:00";"0,000";"12,67";"-1,3";"13,52";"5,1"
"2024-01-15 08:00";"0,000";"15,93";"-2,000";"15,37";"5,5"
"2024-01-15 09:00";"0,000";"10,39";"-2,000";"20,94";"5,7"
"2024-01-15 10:00";"0,000";"13,66";"-1,8";"13,84";"5,6"
"2024-01-15 11:00";"0,000";"10,02";"-2,9";"3,15";"6,000"
"2024-01-15 12:00";"0,000";"11,95";"-3,3";"1,4";"6,3"
"2024-01-15 13:00";"0,000";"9,15";"-3,5";"7,95";"6,1"
"2024-01-15 14:00";"0,000";"12,36";"-3,9";"20,000";"6,1"
"2024-01-15 15:00";"0,000";"14,77";"-4,5";"16,31";"5,9"
"2024-01-15 16:00";"0,000";"12,71";"-5,5";"15,88";"5,7"
"2024-01-15 17:00";"0,000";"12,66";"-6,5";"21,48";"4,6"
"2024-01-15 18:00";"0,000";"18,11";"-8,000";"25,05";"4,8"
"2024-01-15 19:00";"0,000";"13,19";"-8,2";"26,45";"4,6"
"2024-01-15 20:00";"0,000";"15,47";"-8,000";"24,11";"5,1"
"2024-01-15 21:00";"0,000";"21,82";"-9,3";"19,98";"5,2"
"2024-01-15 22:00";"0,000";"19,4";"-10,4";"18,44";"5,2"
"2024-01-15 23:00";"0,000";"21,33";"-10,8";"14,000";"5,6"
"2024-01-16 00:00";"0,000";"17,7";"-11,3";"13,96";"5,4"
"2024-01-16 01:00";"0,000";"18,68";"-11,6";"13,61";"4,8"
"2024-01-16 02:00";"0,000";"15,97";"-11,7";"14,1";"4,8"
"2024-01-16 03:00";"0,000";"15,68";"-11,6";"13,63";"4,5"
"2024-01-16 04:00";"0,000";"15,82";"-11,2";"14,28";"4,2"
"2024-01-16 05:00";"0,000";"15,19";"-11,8";"13,78";"3,8"
"2024-01-16 06:00";"0,000";"19,04";"-12,5";"13,89";"3,7"
"2024-01-16 07:00";"0,000";"19,23";"-12,1";"16,96";"3,5"
"2024-01-16 08:00";"0,000";"17,05";"-12,1";"13,03";"3,1"
"2024-01-16 09:00";"0,000";"17,1";"-10,3";"18,63";"3,9"
"2024-01-16 10:00";"0,000";"16,47";"-8,2";"11,69";"4,7"
"2024-01-16 11:00";"0,000";"13,86";"-6,9";"9,42";"4,8"
"2024-01-16 12:00";"0,000";"23,04";"-6,6";"8,47";"4,8"
"2024-01-16 13:00";"0,000";"17,04";"-5,9";"5,76";"4,9"
"2024-01-16 14:00";"0,000";"14,97";"-5,7";"7,81";"4,9"
"2024-01-16 15:00";"0,000";"18,12";"-6,000";"12,92";"4,5"
"2024-01-16 16:00";"0,000";"19,85";"-6,3";"14,15";"3,3"
"2024-01-16 17:00";"0,000";"28,48";"-6,4";"10,95";"3,5"
"2024-01-16 18:00";"0,000";"37,55";"-5,7";"7,78";"3,8"
"2024-01-16 19:00";"0,000";"28,69";"-4,000";"18,1";"4,1"
"2024-01-16 20:00";"0,000";"36,81";"-2,2";"15,96";"4,5"
"2024-01-16 21:00";"0,000";"35,89";"-1,9";"18,3";"4,7"
"2024-01-16 22:00";"0,000";"28,04";"-1,2";"15,58";"4,6"
"2024-01-16 23:00";"0,000";"23,07";"-1,2";"14,59";"4,4"
"2024-01-17 00:00";"0,000";"22,03";"-0,6";"13,53";"4,000"
"2024-01-17 01:00";"0,000";"19,41";"0,2";"7,98";"4,000"
"2024-01-17 02:00";"0,000";"17,14";"0,2";"7,25";"4,2"
"2024-01-17 03:00";"0,000";"17,63";"0,000";"6,63";"3,9"
"2024-01-17 04:00";"0,000";"17,07";"0,1";"7,34";"3,8"
"2024-01-17 05:00";"0,000";"17,35";"-0,2";"6,98";"3,8"
"2024-01-17 06:00";"0,000";"12,38";"-0,4";"6,97";"3,4"
"2024-01-17 07:00";"0,000";"15,35";"-1,1";"11,36";"2,7"
"2024-01-17 08:00";"0,000";"16,01";"-1,7";"8,79";"2,5"
"2024-01-17 09:00";"0,000";"21,45";"-2,2";"11,83";"2,000"
"2024-01-17 10:00";"0,000";"27,01";"-2,7";"13,56";"1,9"
"2024-01-17 11:00";"0,000";"17,07";"-3,000";"13,73";"2,4"
"2024-01-17 12:00";"0,000";"17,36";"-3,1";"15,4";"3,000"
"2024-01-17 13:00";"0,000";"14,83";"-1,5";"17,34";"3,2"
"2024-01-17 14:00";"0,000";"13,2";"-0,6";"17,55";"2,6"
"2024-01-17 15:00";"0,000";"14,1";"-0,7";"16,08";"2,2"
"2024-01-17 16:00";"0,000";"15,04";"-0,7";"20,13";"2,4"
"2024-01-17 17:00";"0,000";"27,45";"-0,7";"14,08";"3,1"
"2024-01-17 18:00";"0,000";"25,37";"-0,8";"21,04";"2,9"
"2024-01-17 19:00";"0,000";"25,76";"-0,8";"26,08";"2,4"
"2024-01-17 20:00";"0,000";"15,12";"-0,7";"16,83";"2,6"
"2024-01-17 21:00";"0,000";"13,77";"-0,9";"19,26";"2,5"
"2024-01-17 22:00";"0,000";"21,31";"-1,4";"16,35";"2,4"
"2024-01-17 23:00";"0,000";"13,84";"-2,000";"26,08";"2,3"
"2024-01-18 00:00";"0,000";"13,45";"-2,5";"15,72";"2,3"
"2024-01-18 01:00";"0,000";"12,42";"-3,5";"11,33";"2,3"
"2024-01-18 02:00";"0,000";"9,49";"-4,7";"11,59";"2,4"
"2024-01-18 03:00";"0,000";"10,23";"-4,4";"11,61";"2,6"
"2024-01-18 04:00";"0,000";"9,94";"-3,9";"11,53";"2,6"
"2024-01-18 05:00";"0,000";"10,72";"-4,3";"11,14";"2,3"
"2024-01-18 06:00";"0,000";"11,07";"-4,3";"11,79";"2,1"
"2024-01-18 07:00";"0,000";"12,59";"-2,7";"17,17";"1,7"
"2024-01-18 08:00";"0,000";"13,47";"-1,8";"25,03";"1,1"
"2024-01-18 09:00";"0,000";"13,29";"-1,4";"22,44";"1,000"
"2024-01-18 10:00";"0,000";"23,63";"-1,3";"19,07";"1,8"
"2024-01-18 11:00";"0,000";"18,66";"-1,2";"8,59";"2,1"
"2024-01-18 12:00";"0,000";"10,95";"-1,1";"9,1";"2,5"
"2024-01-18 13:00";"0,000";"12,36";"-1,2";"12,31";"2,5"
"2024-01-18 14:00";"0,000";"20,05";"-1,7";"8,78";"2,4"
"2024-01-18 15:00";"0,000";"13,02";"-2,000";"9,47";"1,9"
"2024-01-18 16:00";"0,000";"20,39";"-3,000";"9,21";"2,000"
"2024-01-18 17:00";"0,000";"21,56";"-2,1";"8,9";"1,7"
"2024-01-18 18:00";"0,000";"21,01";"-2,3";"23,31";"0,5"
"2024-01-18 19:00";"0,000";"27,73";"-1,2";"18,78";"-0,4"
"2024-01-18 20:00";"0,000";"22,45";"-1,5";"18,48";"-0,7"
"2024-01-18 21:00";"0,000";"19,71";"-1,6";"19,1";"-0,8"
"2024-01-18 22:00";"0,000";"15,62";"-1,2";"15,67";"-1,3"
"2024-01-18 23:00";"0,000";"17,14";"-1,000";"17,25";"-1,3"
"2024-01-19 00:00";"0,000";"16,86";"-0,7";"15,46";"-1,2"
"2024-01-19 01:00";"0,000";"16,31";"-0,5";"12,66";"-1,000"
"2024-01-19 02:00";"0,000";"16,25";"-0,2";"12,06";"-1,000"
"2024-01-19 03:00";"0,000";"14,19";"0,4";"12,44";"-1,000"
"2024-01-19 04:00";"0,000";"12,18";"0,3";"11,99";"-1,000"
"2024-01-19 05:00";"0,000";"9,33";"-0,8";"12,43";"-0,5"
"2024-01-19 06:00";"0,000";"10,07";"-0,7";"11,71";"-0,3"
"2024-01-19 07:00";"0,000";"11,42";"-0,7";"14,34";"-0,6"
"2024-01-19 08:00";"0,000";"10,13";"-0,8";"12,87";"0,1"
"2024-01-19 09:00";"0,000";"10,08";"-0,6";"13,32";"0,5"
"2024-01-19 10:00";"0,000";"12,05";"-0,2";"15,72";"0,8"
"2024-01-19 11:00";"0,000";"12,78";"0,1";"23,79";"0,9"
"2024-01-19 12:00";"0,000";"10,27";"0,5";"17,87";"1,1"
"2024-01-19 13:00";"0,000";"13,34";"0,7";"18,89";"1,6"
"2024-01-19 14:00";"0,000";"12,16";"0,9";"13,02";"1,7"
"2024-01-19 15:00";"0,000";"15,21";"0,8";"16,96";"1,7"
"2024-01-19 16:00";"0,000";"18,86";"0,9";"17,69";"2,4"
"2024-01-19 17:00";"0,000";"34,72";"0,8";"14,78";"2,9"
"2024-01-19 18:00";"0,000";"26,54";"0,000";"26,71";"3,000"
"2024-01-19 19:00";"0,000";"33,36";"0,1";"18,24";"2,6"
"2024-01-19 20:00";"0,000";"24,89";"-0,3";"14,98";"2,3"
"2024-01-19 21:00";"0,000";"14,54";"-0,2";"17,6";"2,4"
"2024-01-19 22:00";"0,000";"15,01";"-0,2";"24,26";"1,9"
"2024-01-19 23:00";"0,000";"9,35";"-0,8";"28,49";"1,6"
"2024-01-20 00:00";"0,000";"9,17";"-0,5";"24,79";"1,6"
"2024-01-20 01:00";"0,000";"8,97";"2,3";"22,35";"1,1"
"2024-01-20 02:00";"0,000";"8,89";"3,3";"19,24";"-0,2"
"2024-01-20 03:00";"0,000";"8,78";"3,1";"18,55";"-1,000"
"2024-01-20 04:00";"0,000";"9,22";"3,2";"18,04";"-0,7"
"2024-01-20 05:00";"0,000";"8,69";"3,3";"18,69";"-0,2"
"2024-01-20 06:00";"0,000";"9,22";"3,2";"18,35";"0,6"
"2024-01-20 07:00";"0,000";"11,69";"2,8";"21,33";"0,3"
"2024-01-20 08:00";"0,000";"8,25";"2,6";"16,46";"0,000"
"2024-01-20 09:00";"0,000";"8,84";"2,000";"17,93";"-0,3"
"2024-01-20 10:00";"0,000";"7,14";"1,6";"18,97";"-0,2"
"2024-01-20 11:00";"0,000";"10,38";"1,4";"10,47";"0,6"
"2024-01-20 12:00";"0,000";"8,53";"1,1";"8,06";"1,1"
"2024-01-20 13:00";"0,000";"7,91";"0,9";"10,29";"1,5"
"2024-01-20 14:00";"0,000";"9,93";"0,7";"8,84";"1,5"
"2024-01-20 15:00";"0,000";"21,5";"0,6";"10,54";"2,1"
"2024-01-20 16:00";"0,000";"15,69";"0,3";"22,22";"0,9"
"2024-01-20 17:00";"0,000";"33,81";"0,1";"13,56";"-0,3"
"2024-01-20 18:00";"0,000";"23,97";"-0,1";"14,03";"-1,6"
"2024-01-20 19:00";"0,000";"23,38";"-0,2";"18,64";"-2,5"
"2024-01-20 20:00";"0,000";"9,93";"0,000";"16,92";"-2,7"
"2024-01-20 21:00";"0,000";"9,06";"1,000";"16,000";"-3,5"
"2024-01-20 22:00";"0,000";"11,15";"1,6";"13,9";"-4,000"
"2024-01-20 23:00";"0,000";"12,55";"1,9";"11,94";"-4,1"
"2024-01-21 00:00";"0,000";"15,15";"1,7";"11,65";"-3,5"
"2024-01-21 01:00";"0,000";"15,75";"1,6";"10,46";"-3,9"
"2024-01-21 02:00";"0,000";"16,23";"1,2";"8,36";"-4,4"
"2024-01-21 03:00";"0,000";"15,74";"0,7";"7,97";"-4,6"
"2024-01-21 04:00";"0,000";"16,51";"0,6";"8,65";"-4,000"
"2024-01-21 05:00";"0,000";"16,02";"1,000";"8,12";"-3,1"
"2024-01-21 06:00";"0,000";"15,99";"1,4";"8,78";"-3,000"
"2024-01-21 07:00";"0,000";"16,94";"1,4";"8,05";"-2,9"
"2024-01-21 08:00";"0,000";"16,7";"1,4";"9,32";"-3,000"
"2024-01-21 09:00";"0,000";"11,77";"1,9";"10,36";"-2,9"
"2024-01-21 10:00";"0,000";"9,77";"2,7";"10,53";"-2,6"
"2024-01-21 11:00";"0,000";"7,09";"2,8";"7,84";"-2,5"
"2024-01-21 12:00";"0,000";"12,39";"3,000";"2,11";"-2,5"
"2024-01-21 13:00";"0,000";"21,8";"3,000";"7,88";"-2,5"
"2024-01-21 14:00";"0,000";"29,9";"2,9";"5,74";"-0,3"
"2024-01-21 15:00";"0,000";"24,33";"1,9";"6,49";"-0,1"
"2024-01-21 16:00";"0,000";"24,33";"1,8";"9,54";"-0,9"
"2024-01-21 17:00";"0,000";"39,58";"1,7";"7,9";"-1,3"
"2024-01-21 18:00";"0,000";"41,18";"2,000";"8,08";"-1,2"
"2024-01-21 19:00";"0,000";"35,03";"2,9";"10,41";"-1,2"
"2024-01-21 20:00";"0,000";"24,31";"3,2";"10,3";"-1,000"
"2024-01-21 21:00";"0,000";"19,38";"3,000";"8,72";"-0,9"
"2024-01-21 22:00";"0,000";"8,94";"3,000";"10,41";"-1,1"
"2024-01-21 23:00";"0,000";"8,72";"3,000";"8,78";"-1,4"
"2024-01-22 00:00";"0,000";"8,54";"2,8";"10,3";"-1,2"
"2024-01-22 01:00";"0,000";"8,74";"3,1";"11,91";"-1,4"
"2024-01-22 02:00";"0,000";"8,74";"3,2";"12,63";"-2,1"
"2024-01-22 03:00";"0,000";"8,36";"3,000";"12,2";"-2,5"
"2024-01-22 04:00";"0,000";"8,89";"3,5";"12,5";"-2,8"
"2024-01-22 05:00";"0,000";"8,29";"3,8";"12,37";"-2,8"
"2024-01-22 06:00";"0,000";"9,73";"4,1";"12,09";"-1,8"
"2024-01-22 07:00";"0,000";"12,29";"4,4";"12,09";"-1,4"
"2024-01-22 08:00";"0,000";"11,64";"4,6";"13,87";"-1,000"
"2024-01-22 09:00";"0,000";"11,32";"4,9";"13,29";"-0,4"
"2024-01-22 10:00";"0,000";"14,36";"5,6";"15,32";"0,2"
"2024-01-22 11:00";"0,000";"14,59";"6,2";"11,02";"0,6"
"2024-01-22 12:00";"0,000";"14,06";"7,000";"8,88";"0,9"
"2024-01-22 13:00";"0,000";"22,77";"7,000";"8,36";"1,000"
"2024-01-22 14:00";"0,000";"16,07";"6,7";"8,47";"1,2"
"2024-01-22 15:00";"0,000";"15,47";"6,5";"24,67";"1,000"
"2024-01-22 16:00";"0,000";"15,6";"6,2";"21,05";"0,8"
"2024-01-22 17:00";"0,000";"11,57";"5,8";"29,39";"0,7"
"2024-01-22 18:00";"0,000";"14,19";"5,5";"29,57";"0,7"
"2024-01-22 19:00";"0,000";"14,85";"5,000";"36,12";"0,5"
"2024-01-22 20:00";"0,000";"18,34";"4,9";"30,99";"0,3"
"2024-01-22 21:00";"0,000";"22,84";"4,7";"21,32";"0,3"
"2024-01-22 22:00";"0,000";"20,39";"4,8";"15,49";"0,3"
"2024-01-22 23:00";"0,000";"16,26";"4,7";"15,75";"0,5"
"2024-01-23 00:00";"0,000";"14,84";"4,4";"15,14";"0,6"
"2024-01-23 01:00";"0,000";"14,64";"4,4";"15,32";"0,5"
"2024-01-23 02:00";"0,000";"15,42";"4,2";"15,69";"0,7"
"2024-01-23 03:00";"0,000";"14,52";"4,3";"13,44";"0,6"
"2024-01-23 04:00";"0,000";"12,05";"4,2";"12,06";"0,6"
"2024-01-23 05:00";"0,000";"11,27";"3,8";"11,41";"0,7"
"2024-01-23 06:00";"0,000";"12,68";"3,8";"12,29";"0,6"
"2024-01-23 07:00";"0,000";"13,9";"3,9";"14,84";"0,3"
"2024-01-23 08:00";"0,000";"14,79";"4,000";"14,73";"0,5"
"2024-01-23 09:00";"0,000";"13,45";"4,2";"17,55";"0,9"
"2024-01-23 10:00";"0,000";"17,55";"4,8";"16,61";"1,000"
"2024-01-23 11:00";"0,71";"5,51";"5,7";"6,42";"1,6"
"2024-01-23 12:00";"1,77";"2,76";"6,1";"18,57";"2,1"
"2024-01-23 13:00";"0,000";"10,1";"6,000";"10,9";"1,7"
"2024-01-23 14:00";"0,000";"12,7";"6,1";"10,16";"2,000"
"2024-01-23 15:00";"0,000";"32,02";"5,7";"14,35";"2,1"
"2024-01-23 16:00";"0,000";"27,66";"5,2";"12,77";"2,000"
"2024-01-23 17:00";"0,000";"21,91";"4,6";"12,58";"1,7"
"2024-01-23 18:00";"0,000";"23,03";"4,1";"9,07";"1,4"
"2024-01-23 19:00";"0,000";"20,88";"3,9";"9,67";"1,3"
"2024-01-23 20:00";"0,000";"23,64";"4,000";"14,24";"1,5"
"2024-01-23 21:00";"0,000";"19,22";"4,1";"19,93";"1,3"
"2024-01-23 22:00";"0,000";"19,79";"4,1";"14,99";"1,3"
"2024-01-23 23:00";"0,000";"18,74";"4,1";"14,74";"1,2"
"2024-01-24 00:00";"0,000";"17,74";"3,9";"13,49";"1,1"
"2024-01-24 01:00";"0,000";"18,25";"3,7";"11,52";"1,1"
"2024-01-24 02:00";"0,000";"13,06";"3,5";"11,9";"1,3"
"2024-01-24 03:00";"0,000";"11,26";"4,000";"11,88";"1,1"
"2024-01-24 04:00";"0,000";"10,48";"4,8";"11,52";"1,1"
"2024-01-24 05:00";"0,000";"10,93";"5,2";"11,86";"1,1"
"2024-01-24 06:00";"0,000";"12,23";"5,8";"11,82";"0,9"
"2024-01-24 07:00";"0,000";"11,96";"5,9";"15,13";"0,6"
"2024-01-24 08:00";"0,000";"17,4";"6,7";"11,82";"0,4"
"2024-01-24 09:00";"0,000";"25,5";"7,000";"9,5";"0,6"
"2024-01-24 10:00";"0,000";"20,07";"6,8";"8,57";"1,1"
"2024-01-24 11:00";"0,000";"15,98";"6,6";"5,79";"1,3"
"2024-01-24 12:00";"0,000";"11,94";"6,8";"6,89";"1,5"
"2024-01-24 13:00";"0,000";"7,66";"6,4";"11,74";"1,4"
"2024-01-24 14:00";"0,000";"7,92";"6,7";"13,3";"1,5"
"2024-01-24 15:00";"0,000";"11,02";"7,1";"13,95";"1,5"
"2024-01-24 16:00";"0,000";"18,44";"6,8";"14,000";"1,3"
"2024-01-24 17:00";"0,000";"18,2";"6,2";"30,16";"0,9"
"2024-01-24 18:00";"0,000";"12,61";"6,7";"24,09";"0,9"
"2024-01-24 19:00";"0,000";"11,93";"6,7";"17,17";"0,5"
"2024-01-24 20:00";"0,000";"26,14";"6,4";"31,95";"0,3"
"2024-01-24 21:00";"0,000";"19,89";"6,6";"26,92";"0,4"
"2024-01-24 22:00";"0,000";"10,66";"6,6";"21,34";"0,1"
"2024-01-24 23:00";"0,000";"11,000";"6,6";"16,12";"-0,3"
"2024-01-25 00:00";"0,000";"10,73";"6,5";"13,55";"-0,2"
"2024-01-25 01:00";"0,000";"10,41";"6,3";"11,97";"-0,1"
"2024-01-25 02:00";"0,000";"10,77";"6,2";"12,05";"0,000"
"2024-01-25 03:00";"0,000";"10,42";"6,2";"12,12";"-0,1"
"2024-01-25 04:00";"0,000";"7,2";"5,7";"11,75";"-0,1"
"2024-01-25 05:00";"0,000";"7,72";"5,8";"12,14";"-0,2"
"2024-01-25 06:00";"0,000";"8,06";"5,4";"12,34";"-0,3"
"2024-01-25 07:00";"0,000";"10,25";"5,6";"14,42";"-0,4"
"2024-01-25 08:00";"0,000";"11,54";"5,6";"15,3";"-0,5"
"2024-01-25 09:00";"0,000";"10,5";"5,000";"16,95";"-0,5"
"2024-01-25 10:00";"0,46";"8,98";"4,3";"16,57";"-0,3"
"2024-01-25 11:00";"1,29";"4,24";"4,4";"12,74";"-0,2"
"2024-01-25 12:00";"3,74";"1,95";"4,8";"24,47";"0,000"
"2024-01-25 13:00";"5,17";"0,22";"4,7";"15,14";"-0,1"
"2024-01-25 14:00";"1,000";"1,78";"4,8";"12,51";"0,000"
"2024-01-25 15:00";"0,07";"6,72";"4,1";"15,58";"0,1"
"2024-01-25 16:00";"0,000";"14,92";"2,9";"12,77";"0,2"
"2024-01-25 17:00";"0,000";"11,92";"2,000";"26,89";"0,1"
"2024-01-25 18:00";"0,000";"10,56";"1,1";"23,98";"0,1"
"2024-01-25 19:00";"0,000";"16,16";"0,9";"19,06";"0,000"
"2024-01-25 20:00";"0,000";"11,99";"0,6";"16,68";"-0,3"
"2024-01-25 21:00";"0,000";"10,81";"0,000";"10,76";"-0,9"
"2024-01-25 22:00";"0,000";"12,73";"-0,1";"11,73";"-1,5"
"2024-01-25 23:00";"0,000";"11,56";"-0,1";"11,63";"-2,2"
"2024-01-26 00:00";"0,000";"15,29";"-0,2";"9,74";"-2,3"
"2024-01-26 01:00";"0,000";"12,57";"-0,2";"8,83";"-2,2"
"2024-01-26 02:00";"0,000";"11,72";"-0,3";"8,56";"-2,1"
"2024-01-26 03:00";"0,000";"11,61";"-0,3";"8,55";"-2,1"
"2024-01-26 04:00";"0,000";"11,67";"-0,4";"8,56";"-2,1"
"2024-01-26 05:00";"0,000";"11,26";"-0,4";"8,19";"-2,1"
"2024-01-26 06:00";"0,000";"12,03";"-0,5";"8,72";"-2,1"
"2024-01-26 07:00";"0,000";"13,66";"-0,8";"11,38";"-2,1"
"2024-01-26 08:00";"0,000";"9,81";"-0,5";"10,94";"-2,1"
"2024-01-26 09:00";"0,000";"19,84";"-0,1";"9,58";"-1,5"
"2024-01-26 10:00";"0,000";"13,11";"0,8";"15,28";"-0,8"
"2024-01-26 11:00";"0,000";"8,66";"2,2";"7,45";"-0,8"
"2024-01-26 12:00";"0,000";"15,23";"3,2";"12,21";"-0,8"
"2024-01-26 13:00";"0,000";"29,14";"3,9";"12,76";"-0,8"
"2024-01-26 14:00";"0,000";"22,6";"4,6";"8,7";"-0,2"
"2024-01-26 15:00";"0,000";"16,2";"5,4";"16,78";"0,7"
"2024-01-26 16:00";"0,000";"13,29";"5,8";"10,45";"0,7"
"2024-01-26 17:00";"0,000";"18,03";"5,4";"11,15";"3,4"
"2024-01-26 18:00";"0,000";"16,17";"5,2";"16,84";"4,1"
"2024-01-26 19:00";"0,000";"12,65";"5,4";"24,57";"3,2"
"2024-01-26 20:00";"0,000";"11,35";"5,4";"26,05";"3,1"
"2024-01-26 21:00";"0,000";"11,35";"5,3";"17,69";"3,6"
"2024-01-26 22:00";"0,000";"10,7";"5,2";"17,67";"3,2"
"2024-01-26 23:00";"0,000";"10,91";"5,1";"13,76";"2,1"
"2024-01-27 00:00";"0,000";"11,11";"5,000";"14,72";"2,000"
"2024-01-27 01:00";"0,000";"11,24";"5,000";"12,57";"1,000"
"2024-01-27 02:00";"0,000";"11,35";"4,8";"11,93";"0,1"
"2024-01-27 03:00";"0,000";"11,02";"4,7";"12,05";"-0,5"
"2024-01-27 04:00";"0,000";"11,24";"4,4";"12,13";"-1,1"
"2024-01-27 05:00";"0,000";"11,05";"4,2";"12,31";"-1,4"
"2024-01-27 06:00";"0,000";"11,63";"4,1";"12,34";"-1,8"
"2024-01-27 07:00";"0,000";"12,27";"3,6";"15,53";"-2,6"
"2024-01-27 08:00";"0,000";"12,5";"3,6";"14,14";"-2,7"
"2024-01-27 09:00";"0,000";"11,76";"3,7";"12,67";"-1,9"
"2024-01-27 10:00";"0,000";"6,52";"4,5";"15,37";"-0,6"
"2024-01-27 11:00";"0,000";"7,45";"5,3";"0,35";"0,6"
"2024-01-27 12:00";"0,000";"8,43";"5,6";"0,3";"1,6"
"2024-01-27 13:00";"0,000";"11,2";"5,7";"0,81";"2,2"
"2024-01-27 14:00";"0,000";"23,61";"5,8";"8,45";"2,1"
"2024-01-27 15:00";"0,000";"17,57";"5,3";"14,36";"1,8"
"2024-01-27 16:00";"0,000";"19,7";"5,000";"13,1";"0,6"
"2024-01-27 17:00";"0,000";"23,81";"5,1";"25,81";"-0,5"
"2024-01-27 18:00";"0,000";"13,88";"5,000";"14,74";"-1,9"
"2024-01-27 19:00";"0,000";"9,76";"4,8";"19,88";"-2,8"
"2024-01-27 20:00";"0,000";"8,69";"4,4";"14,68";"-3,4"
"2024-01-27 21:00";"0,000";"11,65";"4,8";"11,87";"-3,9"
"2024-01-27 22:00";"0,000";"11,3";"4,7";"12,53";"-4,2"
"2024-01-27 23:00";"0,000";"11,33";"4,1";"14,38";"-4,8"
"2024-01-28 00:00";"0,000";"11,51";"3,7";"13,74";"-4,7"
"2024-01-28 01:00";"0,000";"11,000";"3,1";"12,98";"-5,000"
"2024-01-28 02:00";"0,000";"11,66";"2,6";"12,4";"-4,7"
"2024-01-28 03:00";"0,000";"11,34";"2,3";"15,26";"-4,8"
"2024-01-28 04:00";"0,000";"11,86";"2,2";"16,51";"-5,1"
"2024-01-28 05:00";"0,000";"11,31";"2,000";"16,3";"-4,3"
"2024-01-28 06:00";"0,000";"11,76";"1,9";"16,51";"-3,7"
"2024-01-28 07:00";"0,000";"11,36";"1,5";"17,22";"-2,5"
"2024-01-28 08:00";"0,000";"13,38";"1,7";"17,92";"-1,6"
"2024-01-28 09:00";"0,000";"13,03";"2,5";"20,28";"-0,6"
"2024-01-28 10:00";"0,000";"15,85";"3,000";"10,79";"-0,1"
"2024-01-28 11:00";"0,000";"6,51";"3,3";"11,73";"0,2"
"2024-01-28 12:00";"4,28";"0,23";"4,4";"7,73";"0,9"
"2024-01-28 13:00";"4,14";"0,23";"5,3";"6,54";"1,2"
"2024-01-28 14:00";"3,07";"0,15";"5,7";"9,65";"1,1"
"2024-01-28 15:00";"0,01";"7,11";"4,2";"12,04";"1,4"
"2024-01-28 16:00";"0,000";"18,64";"3,000";"9,55";"1,2"
"2024-01-28 17:00";"0,000";"30,23";"2,4";"10,06";"0,9"
"2024-01-28 18:00";"0,000";"29,87";"2,3";"11,14";"0,1"
"2024-01-28 19:00";"0,000";"19,06";"2,8";"20,45";"0,1"
"2024-01-28 20:00";"0,000";"28,52";"3,4";"25,23";"0,3"
"2024-01-28 21:00";"0,000";"15,46";"3,6";"18,47";"1,1"
"2024-01-28 22:00";"0,000";"15,29";"3,8";"19,19";"2,000"
"2024-01-28 23:00";"0,000";"15,22";"3,8";"15,27";"2,000"
"2024-01-29 00:00";"0,000";"15,21";"3,6";"13,25";"1,7"
"2024-01-29 01:00";"0,000";"15,15";"3,7";"11,84";"1,9"
"2024-01-29 02:00";"0,000";"14,73";"3,9";"9,99";"2,4"
"2024-01-29 03:00";"0,000";"15,33";"3,5";"8,3";"2,6"
"2024-01-29 04:00";"0,000";"14,9";"3,3";"10,08";"2,7"
"2024-01-29 05:00";"0,000";"15,64";"2,9";"10,71";"2,4"
"2024-01-29 06:00";"0,000";"14,63";"2,7";"10,69";"2,3"
"2024-01-29 07:00";"0,000";"13,73";"2,4";"11,47";"2,6"
"2024-01-29 08:00";"0,000";"16,46";"2,2";"15,31";"2,4"
"2024-01-29 09:00";"0,000";"28,46";"3,4";"16,34";"2,7"
"2024-01-29 10:00";"0,000";"19,96";"5,000";"10,75";"3,000"
"2024-01-29 11:00";"0,61";"7,66";"6,1";"13,21";"3,2"
"2024-01-29 12:00";"0,94";"6,75";"6,5";"13,57";"3,7"
"2024-01-29 13:00";"1,000";"5,37";"6,8";"11,84";"3,7"
"2024-01-29 14:00";"2,13";"2,94";"6,6";"19,34";"3,8"
"2024-01-29 15:00";"0,04";"7,13";"5,6";"22,31";"4,3"
"2024-01-29 16:00";"0,000";"10,72";"4,3";"21,89";"4,8"
"2024-01-29 17:00";"0,000";"22,35";"3,1";"23,14";"4,8"
"2024-01-29 18:00";"0,000";"17,61";"2,6";"13,6";"4,000"
"2024-01-29 19:00";"0,000";"16,55";"2,7";"18,99";"3,9"
"2024-01-29 20:00";"0,000";"19,92";"2,6";"13,36";"4,2"
"2024-01-29 21:00";"0,000";"19,8";"2,1";"20,24";"4,3"
"2024-01-29 22:00";"0,000";"19,43";"1,9";"14,54";"3,8"
"2024-01-29 23:00";"0,000";"14,88";"2,1";"13,8";"3,8"
"2024-01-30 00:00";"0,000";"11,25";"1,7";"12,19";"2,7"
"2024-01-30 01:00";"0,000";"11,37";"1,9";"10,7";"1,7"
"2024-01-30 02:00";"0,000";"11,64";"2,4";"10,16";"1,8"
"2024-01-30 03:00";"0,000";"10,54";"2,4";"10,69";"3,9"
"2024-01-30 04:00";"0,000";"8,28";"2,000";"10,24";"4,1"
"2024-01-30 05:00";"0,000";"8,07";"1,9";"10,54";"3,7"
"2024-01-30 06:00";"0,000";"8,64";"1,9";"11,04";"3,9"
"2024-01-30 07:00";"0,000";"10,61";"1,7";"12,98";"3,6"
"2024-01-30 08:00";"0,000";"12,13";"1,5";"11,66";"4,000"
"2024-01-30 09:00";"0,000";"26,89";"1,3";"16,9";"4,2"
"2024-01-30 10:00";"0,000";"22,72";"1,2";"17,84";"4,3"
"2024-01-30 11:00";"0,000";"13,96";"1,5";"6,03";"4,4"
"2024-01-30 12:00";"0,000";"19,32";"1,6";"4,78";"4,7"
"2024-01-30 13:00";"0,000";"18,03";"2,000";"2,59";"4,9"
"2024-01-30 14:00";"0,000";"15,75";"2,1";"5,11";"5,1"
"2024-01-30 15:00";"0,000";"18,55";"1,7";"9,82";"5,4"
"2024-01-30 16:00";"0,000";"27,98";"1,1";"19,66";"4,9"
"2024-01-30 17:00";"0,000";"20,82";"2,3";"11,13";"4,7"
"2024-01-30 18:00";"0,000";"19,36";"3,7";"8,68";"4,5"
"2024-01-30 19:00";"0,000";"29,05";"4,6";"9,33";"4,2"
"2024-01-30 20:00";"0,000";"37,01";"4,8";"17,41";"4,1"
"2024-01-30 21:00";"0,000";"29,71";"5,8";"20,26";"3,8"
"2024-01-30 22:00";"0,000";"16,86";"6,4";"17,64";"3,4"
"2024-01-30 23:00";"0,000";"14,01";"6,000";"14,78";"3,1"
"2024-01-31 00:00";"0,000";"10,53";"5,4";"11,59";"2,7"
"2024-01-31 01:00";"0,000";"10,35";"4,9";"10,64";"2,8"
"2024-01-31 02:00";"0,000";"10,56";"4,2";"11,3";"2,6"
"2024-01-31 03:00";"0,000";"10,7";"3,4";"10,47";"2,000"
"2024-01-31 04:00";"0,000";"10,1";"2,7";"11,09";"1,8"
"2024-01-31 05:00";"0,000";"7,06";"3,4";"10,78";"1,8"
"2024-01-31 06:00";"0,000";"8,85";"3,9";"8,27";"1,6"
"2024-01-31 07:00";"0,000";"9,55";"3,7";"10,54";"1,5"
"2024-01-31 08:00";"0,000";"8,53";"3,6";"8,14";"1,7"
"2024-01-31 09:00";"0,000";"11,09";"3,5";"7,99";"2,1"
"2024-01-31 10:00";"0,19";"8,21";"3,9";"9,61";"2,3"
"2024-01-31 11:00";"5,14";"1,06";"4,5";"12,38";"2,1"
"2024-01-31 12:00";"2,94";"3,14";"4,8";"17,53";"2,3"
"2024-01-31 13:00";"0,000";"8,46";"4,6";"15,92";"2,000"
"2024-01-31 14:00";"0,000";"15,13";"4,8";"28,95";"2,000"
"2024-01-31 15:00";"0,000";"15,99";"4,5";"11,84";"2,4"
"2024-01-31 16:00";"0,000";"12,31";"4,1";"7,05";"3,000"
"2024-01-31 17:00";"0,000";"16,42";"3,8";"6,39";"3,8"
"2024-01-31 18:00";"0,000";"20,64";"3,6";"19,23";"3,8"
"2024-01-31 19:00";"0,000";"23,6";"3,8";"12,74";"3,6"
"2024-01-31 20:00";"0,000";"18,37";"3,9";"18,76";"3,7"
"2024-01-31 21:00";"0,000";"11,56";"4,1";"11,15";"3,6"
"2024-01-31 22:00";"0,000";"9,15";"4,5";"14,83";"3,6"
"2024-01-31 23:00";"0,000";"6,72";"4,5";"16,76";"3,7"
"2024-02-01 00:00";"0,000";"7,13";"4,1";"16,73";"4,000"
"2024-02-01 01:00";"0,000";"6,66";"4,000";"16,88";"3,9"
"2024-02-01 02:00";"0,000";"6,49";"3,9";"16,44";"4,000"
"2024-02-01 03:00";"0,000";"6,73";"4,1";"16,75";"4,1"
"2024-02-01 04:00";"0,000";"6,35";"4,2";"12,96";"4,1"
"2024-02-01 05:00";"0,000";"6,94";"3,8";"13,32";"3,9"
"2024-02-01 06:00";"0,000";"7,07";"3,9";"12,93";"3,7"
"2024-02-01 07:00";"0,000";"9,07";"4,2";"14,79";"3,5"
"2024-02-01 08:00";"0,000";"11,14";"4,2";"14,15";"3,3"
"2024-02-01 09:00";"0,03";"9,09";"4,7";"19,17";"3,4"
"2024-02-01 10:00";"0,2";"7,88";"5,2";"28,18";"3,7"
"2024-02-01 11:00";"3,67";"1,61";"5,6";"10,05";"4,4"
"2024-02-01 12:00";"3,38";"2,83";"5,5";"14,2";"5,000"
"2024-02-01 13:00";"5,43";"1,73";"6,1";"9,03";"4,5"
"2024-02-01 14:00";"3,5";"0,98";"6,000";"5,92";"3,2"
"2024-02-01 15:00";"0,44";"3,000";"5,6";"10,63";"3,4"
"2024-02-01 16:00";"0,000";"12,44";"5,1";"12,93";"3,9"
"2024-02-01 17:00";"0,000";"10,25";"4,6";"11,57";"4,6"
"2024-02-01 18:00";"0,000";"10,29";"4,5";"7,76";"4,4"
"2024-02-01 19:00";"0,000";"13,17";"4,2";"7,51";"4,2"
"2024-02-01 20:00";"0,000";"15,76";"3,9";"22,37";"4,6"
"2024-02-01 21:00";"0,000";"18,33";"3,8";"8,92";"4,5"
"2024-02-01 22:00";"0,000";"17,49";"3,6";"6,82";"3,7"
"2024-02-01 23:00";"0,000";"17,53";"3,4";"6,62";"2,7"
"2024-02-02 00:00";"0,000";"17,48";"3,3";"6,27";"2,6"
"2024-02-02 01:00";"0,000";"17,36";"3,3";"6,63";"2,4"
"2024-02-02 02:00";"0,000";"16,55";"3,4";"6,76";"2,5"
"2024-02-02 03:00";"0,000";"17,15";"3,2";"6,75";"2,000"
"2024-02-02 04:00";"0,000";"16,88";"3,4";"6,37";"1,3"
"2024-02-02 05:00";"0,000";"17,32";"3,7";"7,05";"1,2"
"2024-02-02 06:00";"0,000";"17,56";"3,6";"7,25";"1,1"
"2024-02-02 07:00";"0,000";"20,46";"4,000";"9,48";"0,9"
"2024-02-02 08:00";"0,000";"16,9";"3,9";"10,1";"0,2"
"2024-02-02 09:00";"0,000";"26,2";"3,8";"6,5";"0,3"
"2024-02-02 10:00";"0,000";"20,64";"4,000";"7,37";"0,9"
"2024-02-02 11:00";"0,000";"11,31";"3,9";"1,06";"1,9"
"2024-02-02 12:00";"0,000";"13,01";"3,8";"0,14";"2,8"
"2024-02-02 13:00";"0,000";"20,76";"3,7";"0,05";"2,8"
"2024-02-02 14:00";"0,000";"15,44";"3,4";"8,31";"2,8"
"2024-02-02 15:00";"0,000";"16,01";"3,000";"14,04";"2,000"
"2024-02-02 16:00";"0,000";"18,13";"3,000";"9,26";"0,6"
"2024-02-02 17:00";"0,000";"30,58";"5,2";"13,32";"-0,1"
"2024-02-02 18:00";"0,000";"24,71";"6,2";"12,92";"-1,000"
"2024-02-02 19:00";"0,000";"13,74";"6,2";"13,83";"-1,8"
"2024-02-02 20:00";"0,000";"28,91";"6,2";"14,9";"-2,3"
"2024-02-02 21:00";"0,000";"15,74";"6,6";"14,17";"-1,8"
"2024-02-02 22:00";"0,000";"10,98";"6,7";"14,64";"-1,4"
"2024-02-02 23:00";"0,000";"10,07";"6,5";"14,11";"-1,000"
"2024-02-03 00:00";"0,000";"10,38";"6,000";"14,89";"-0,5"
"2024-02-03 01:00";"0,000";"11,05";"5,8";"11,04";"0,000"
"2024-02-03 02:00";"0,000";"9,62";"7,000";"10,56";"-0,1"
"2024-02-03 03:00";"0,000";"9,85";"6,2";"10,48";"-1,000"
"2024-02-03 04:00";"0,000";"9,66";"5,6";"12,75";"-1,9"
"2024-02-03 05:00";"0,000";"6,73";"5,000";"10,48";"-2,4"
"2024-02-03 06:00";"0,000";"6,41";"6,7";"12,26";"-2,3"
"2024-02-03 07:00";"0,000";"5,73";"7,000";"20,43";"-1,6"
"2024-02-03 08:00";"0,000";"4,72";"7,000";"17,01";"-0,5"
"2024-02-03 09:00";"0,000";"3,75";"6,9";"20,71";"0,9"
"2024-02-03 10:00";"0,78";"6,3";"7,3";"20,89";"3,2"
"2024-02-03 11:00";"4,55";"0,47";"7,6";"8,88";"5,1"
"2024-02-03 12:00";"0,2";"10,17";"7,1";"5,4";"4,7"
"2024-02-03 13:00";"2,85";"3,98";"7,4";"5,91";"3,6"
"2024-02-03 14:00";"0,4";"6,98";"7,8";"6,62";"2,6"
"2024-02-03 15:00";"0,29";"6,17";"7,6";"21,36";"1,3"
"2024-02-03 16:00";"0,000";"7,53";"7,3";"19,76";"0,5"
"2024-02-03 17:00";"0,000";"6,32";"6,6";"15,83";"1,2"
"2024-02-03 18:00";"0,000";"21,8";"5,7";"15,74";"1,4"
"2024-02-03 19:00";"0,000";"23,71";"5,4";"17,36";"1,4"
"2024-02-03 20:00";"0,000";"13,57";"5,000";"20,21";"1,000"
"2024-02-03 21:00";"0,000";"11,74";"4,7";"13,67";"0,8"
"2024-02-03 22:00";"0,000";"14,72";"4,6";"15,49";"0,3"
"2024-02-03 23:00";"0,000";"13,91";"4,8";"14,99";"-0,2"
"2024-02-04 00:00";"0,000";"14,41";"4,8";"14,5";"-0,5"
"2024-02-04 01:00";"0,000";"13,84";"4,7";"14,29";"-1,000"
"2024-02-04 02:00";"0,000";"14,34";"4,7";"14,4";"-1,4"
"2024-02-04 03:00";"0,000";"13,84";"4,8";"14,6";"-1,8"
"2024-02-04 04:00";"0,000";"11,31";"5,2";"11,19";"-2,2"
"2024-02-04 05:00";"0,000";"10,99";"5,2";"11,59";"-2,5"
"2024-02-04 06:00";"0,000";"10,19";"5,3";"11,19";"-2,8"
"2024-02-04 07:00";"0,000";"10,26";"5,3";"11,7";"-3,2"
"2024-02-04 08:00";"0,000";"10,56";"5,5";"13,05";"-3,5"
"2024-02-04 09:00";"0,000";"12,05";"5,8";"11,95";"-3,2"
"2024-02-04 10:00";"0,000";"18,25";"6,3";"8,6";"-2,7"
"2024-02-04 11:00";"0,000";"11,7";"6,7";"0,16";"-2,000"
"2024-02-04 12:00";"0,000";"7,73";"6,8";"0,000";"-1,2"
"2024-02-04 13:00";"0,000";"17,42";"6,9";"0,000";"-0,6"
"2024-02-04 14:00";"0,000";"20,000";"6,9";"0,17";"-0,2"
"2024-02-04 15:00";"0,000";"17,79";"6,7";"2,87";"-0,3"
"2024-02-04 16:00";"0,000";"34,27";"6,3";"30,62";"-1,1"
"2024-02-04 17:00";"0,000";"23,41";"5,4";"33,52";"-2,5"
"2024-02-04 18:00";"0,000";"22,87";"4,7";"26,14";"-3,4"
"2024-02-04 19:00";"0,000";"15,93";"5,2";"29,62";"-3,7"
"2024-02-04 20:00";"0,000";"19,73";"6,000";"14,41";"-3,7"
"2024-02-04 21:00";"0,000";"10,89";"5,3";"16,28";"-4,3"
"2024-02-04 22:00";"0,000";"10,52";"4,5";"15,27";"-3,7"
"2024-02-04 23:00";"0,000";"12,21";"4,6";"13,93";"-3,2"
"2024-02-05 00:00";"0,000";"13,67";"4,9";"11,58";"-3,1"
"2024-02-05 01:00";"0,000";"13,93";"4,7";"10,2";"-3,3"
"2024-02-05 02:00";"0,000";"14,05";"4,7";"8,29";"-3,6"
"2024-02-05 03:00";"0,000";"14,1";"4,5";"8,16";"-3,3"
"2024-02-05 04:00";"0,000";"13,48";"4,6";"8,31";"-3,1"
"2024-02-05 05:00";"0,000";"14,1";"4,7";"8,46";"-2,6"
"2024-02-05 06:00";"0,000";"14,54";"4,7";"9,01";"-2,1"
"2024-02-05 07:00";"0,000";"15,57";"4,7";"8,09";"-1,8"
"2024-02-05 08:00";"0,000";"12,27";"4,7";"10,61";"-1,4"
"2024-02-05 09:00";"0,000";"15,41";"5,000";"15,32";"-0,6"
"2024-02-05 10:00";"0,000";"17,43";"5,3";"11,86";"0,3"
"2024-02-05 11:00";"0,07";"7,89";"5,4";"4,63";"0,6"
"2024-02-05 12:00";"0,07";"7,85";"5,4";"3,04";"0,9"
"2024-02-05 13:00";"0,000";"7,55";"5,4";"1,18";"1,4"
"2024-02-05 14:00";"0,000";"10,89";"5,000";"1,03";"1,5"
"2024-02-05 15:00";"0,000";"14,62";"4,3";"7,71";"1,2"
"2024-02-05 16:00";"0,000";"12,47";"3,6";"11,01";"1,000"
"2024-02-05 17:00";"0,000";"14,25";"2,8";"29,31";"1,000"
"2024-02-05 18:00";"0,000";"13,6";"2,2";"26,71";"0,4"
"2024-02-05 19:00";"0,000";"14,61";"1,4";"17,95";"-0,5"
"2024-02-05 20:00";"0,000";"18,58";"0,000";"27,54";"-1,000"
"2024-02-05 21:00";"0,000";"18,75";"-0,4";"17,65";"-1,4"
"2024-02-05 22:00";"0,000";"16,92";"-0,5";"11,54";"-1,7"
"2024-02-05 23:00";"0,000";"16,47";"-0,6";"11,01";"-1,8"
"2024-02-06 00:00";"0,000";"13,13";"-0,6";"11,76";"-2,2"
"2024-02-06 01:00";"0,000";"11,38";"-0,7";"11,24";"-2,1"
"2024-02-06 02:00";"0,000";"11,29";"-0,5";"11,9";"-0,6"
"2024-02-06 03:00";"0,000";"11,52";"-0,3";"11,16";"-1,000"
"2024-02-06 04:00";"0,000";"11,61";"-0,2";"11,81";"-1,3"
"2024-02-06 05:00";"0,000";"11,08";"0,2";"11,36";"-1,7"
"2024-02-06 06:00";"0,000";"9,23";"0,4";"11,62";"-2,5"
"2024-02-06 07:00";"0,000";"11,24";"1,000";"14,39";"-3,3"
"2024-02-06 08:00";"0,000";"12,34";"2,7";"16,69";"-4,1"
"2024-02-06 09:00";"0,000";"15,28";"3,2";"15,88";"-4,6"
"2024-02-06 10:00";"0,000";"19,46";"3,4";"15,85";"-4,8"
"2024-02-06 11:00";"0,000";"15,15";"3,9";"7,03";"-4,7"
"2024-02-06 12:00";"0,000";"15,11";"4,7";"3,96";"-4,4"
"2024-02-06 13:00";"0,000";"13,68";"5,1";"9,98";"-4,1"
"2024-02-06 14:00";"0,000";"7,66";"5,000";"11,1";"-4,1"
"2024-02-06 15:00";"0,000";"7,79";"4,8";"12,67";"-4,000"
"2024-02-06 16:00";"0,000";"12,21";"4,6";"15,94";"-3,9"
"2024-02-06 17:00";"0,000";"14,33";"4,3";"14,08";"-4,000"
"2024-02-06 18:00";"0,000";"27,02";"3,8";"9,65";"-4,4"
"2024-02-06 19:00";"0,000";"31,04";"5,2";"12,25";"-4,6"
"2024-02-06 20:00";"0,000";"25,77";"4,8";"19,38";"-5,3"
"2024-02-06 21:00";"0,000";"30,72";"4,4";"20,04";"-4,6"
"2024-02-06 22:00";"0,000";"22,39";"3,7";"21,88";"-4,000"
"2024-02-06 23:00";"0,000";"18,58";"3,5";"17,23";"-4,000"
"2024-02-07 00:00";"0,000";"18,35";"3,3";"15,02";"-4,000"
"2024-02-07 01:00";"0,000";"17,97";"3,2";"9,57";"-3,6"
"2024-02-07 02:00";"0,000";"18,17";"2,7";"8,75";"-3,5"
"2024-02-07 03:00";"0,000";"18,2";"3,1";"8,42";"-3,2"
"2024-02-07 04:00";"0,000";"18,26";"2,8";"8,74";"-2,4"
"2024-02-07 05:00";"0,000";"17,71";"2,5";"8,3";"-2,000"
"2024-02-07 06:00";"0,000";"18,41";"1,1";"8,88";"-1,8"
"2024-02-07 07:00";"0,000";"17,78";"0,6";"10,11";"-1,8"
"2024-02-07 08:00";"0,000";"17,39";"0,3";"10,000";"-1,4"
"2024-02-07 09:00";"0,000";"23,19";"0,000";"9,04";"-0,9"
"2024-02-07 10:00";"0,000";"18,21";"-0,1";"7,79";"-0,5"
"2024-02-07 11:00";"4,78";"4,83";"0,3";"6,97";"-0,2"
"2024-02-07 12:00";"0,92";"3,36";"0,8";"15,22";"0,3"
"2024-02-07 13:00";"0,000";"8,59";"0,9";"14,22";"-0,4"
"2024-02-07 14:00";"0,04";"16,88";"1,1";"9,06";"-0,4"
"2024-02-07 15:00";"0,000";"15,000";"0,6";"7,95";"0,2"
"2024-02-07 16:00";"0,000";"19,31";"-0,4";"10,95";"0,3"
"2024-02-07 17:00";"0,000";"18,05";"0,1";"17,76";"0,000"
"2024-02-07 18:00";"0,000";"36,56";"0,4";"13,6";"-0,9"
"2024-02-07 19:00";"0,000";"36,67";"0,000";"8,17";"-1,6"
"2024-02-07 20:00";"0,000";"34,68";"-0,5";"8,81";"-2,4"
"2024-02-07 21:00";"0,000";"27,91";"-1,5";"11,52";"-2,8"
"2024-02-07 22:00";"0,000";"22,6";"-1,3";"10,53";"-2,7"
"2024-02-07 23:00";"0,000";"20,65";"-1,6";"9,24";"-2,2"
"2024-02-08 00:00";"0,000";"19,66";"-0,8";"9,05";"-1,8"
"2024-02-08 01:00";"0,000";"19,09";"0,000";"8,68";"-1,5"
"2024-02-08 02:00";"0,000";"19,09";"0,7";"8,13";"-1,5"
"2024-02-08 03:00";"0,000";"18,99";"1,3";"8,52";"-1,6"
"2024-02-08 04:00";"0,000";"18,8";"1,5";"8,1";"-1,9"
"2024-02-08 05:00";"0,000";"18,3";"1,5";"8,47";"-2,1"
"2024-02-08 06:00";"0,000";"18,97";"1,5";"8,17";"-1,9"
"2024-02-08 07:00";"0,000";"20,4";"1,5";"10,91";"-1,9"
"2024-02-08 08:00";"0,000";"20,25";"1,4";"10,16";"-2,1"
"2024-02-08 09:00";"0,000";"18,62";"1,3";"7,91";"-1,000"
"2024-02-08 10:00";"0,000";"19,27";"1,6";"3,26";"1,6"
"2024-02-08 11:00";"3,58";"4,13";"2,4";"6,33";"3,3"
"2024-02-08 12:00";"5,54";"3,96";"3,2";"0,000";"4,2"
"2024-02-08 13:00";"5,47";"4,14";"3,4";"0,000";"4,1"
"2024-02-08 14:00";"1,61";"2,29";"3,4";"0,13";"3,7"
"2024-02-08 15:00";"0,000";"17,58";"2,2";"1,52";"3,1"
"2024-02-08 16:00";"0,000";"16,41";"1,1";"5,99";"1,8"
"2024-02-08 17:00";"0,000";"17,13";"0,000";"12,83";"1,000"
"2024-02-08 18:00";"0,000";"22,29";"-0,6";"19,08";"0,6"
"2024-02-08 19:00";"0,000";"13,5";"-0,2";"8,78";"0,9"
"2024-02-08 20:00";"0,000";"13,44";"-0,1";"15,43";"0,8"
"2024-02-08 21:00";"0,000";"9,44";"-0,6";"27,87";"0,7"
"2024-02-08 22:00";"0,000";"8,69";"-1,1";"18,2";"0,6"
"2024-02-08 23:00";"0,000";"9,02";"-1,4";"16,64";"0,6"
"2024-02-09 00:00";"0,000";"9,01";"-1,2";"14,37";"0,5"
"2024-02-09 01:00";"0,000";"8,42";"-0,9";"13,82";"0,3"
"2024-02-09 02:00";"0,000";"8,6";"-0,5";"13,97";"0,000"
"2024-02-09 03:00";"0,000";"8,7";"-0,4";"13,81";"-0,1"
"2024-02-09 04:00";"0,000";"8,8";"-0,6";"11,52";"0,000"
"2024-02-09 05:00";"0,000";"8,34";"-0,9";"10,83";"0,000"
"2024-02-09 06:00";"0,000";"8,91";"-1,1";"11,03";"-0,2"
"2024-02-09 07:00";"0,000";"10,55";"-0,3";"15,03";"0,1"
"2024-02-09 08:00";"0,000";"14,4";"0,000";"7,06";"0,4"
"2024-02-09 09:00";"0,000";"15,81";"0,1";"5,29";"0,8"
"2024-02-09 10:00";"0,000";"22,27";"0,4";"4,74";"1,4"
"2024-02-09 11:00";"0,000";"7,36";"0,5";"1,79";"1,7"
"2024-02-09 12:00";"0,000";"9,29";"0,5";"6,03";"1,8"
"2024-02-09 13:00";"0,000";"11,82";"0,3";"12,35";"1,8"
"2024-02-09 14:00";"0,000";"10,12";"0,8";"8,02";"2,000"
"2024-02-09 15:00";"0,000";"15,34";"0,8";"9,04";"1,9"
"2024-02-09 16:00";"0,000";"23,5";"0,4";"11,57";"1,8"
"2024-02-09 17:00";"0,000";"43,18";"0,000";"18,83";"2,000"
"2024-02-09 18:00";"0,000";"38,65";"0,1";"12,01";"1,9"
"2024-02-09 19:00";"0,000";"27,64";"0,000";"11,81";"2,000"
"2024-02-09 20:00";"0,000";"34,23";"0,3";"16,22";"1,8"
"2024-02-09 21:00";"0,000";"35,93";"0,2";"20,93";"1,9"
"2024-02-09 22:00";"0,000";"28,07";"0,2";"19,77";"2,1"
"2024-02-09 23:00";"0,000";"23,27";"0,2";"18,18";"2,5"
"2024-02-10 00:00";"0,000";"20,15";"-0,3";"17,81";"3,000"
"2024-02-10 01:00";"0,000";"18,54";"-0,2";"17,83";"3,2"
"2024-02-10 02:00";"0,000";"18,99";"0,6";"18,42";"3,3"
"2024-02-10 03:00";"0,000";"18,89";"0,8";"17,66";"3,000"
"2024-02-10 04:00";"0,000";"18,05";"1,2";"17,81";"3,3"
"2024-02-10 05:00";"0,000";"15,9";"1,3";"18,09";"3,1"
"2024-02-10 06:00";"0,000";"14,74";"1,3";"18,03";"3,3"
"2024-02-10 07:00";"0,000";"14,93";"1,3";"21,3";"2,000"
"2024-02-10 08:00";"0,000";"14,85";"1,5";"12,41";"2,1"
"2024-02-10 09:00";"0,000";"14,06";"1,5";"13,81";"3,000"
"2024-02-10 10:00";"0,000";"16,54";"1,7";"10,86";"3,6"
"2024-02-10 11:00";"0,000";"14,69";"2,000";"3,93";"4,4"
"2024-02-10 12:00";"0,000";"19,12";"2,000";"10,83";"5,1"
"2024-02-10 13:00";"0,000";"24,67";"2,1";"3,66";"5,8"
"2024-02-10 14:00";"0,000";"10,79";"1,9";"7,11";"5,3"
"2024-02-10 15:00";"0,000";"17,02";"1,7";"10,37";"5,2"
"2024-02-10 16:00";"0,000";"21,63";"1,4";"15,37";"4,8"
"2024-02-10 17:00";"0,000";"21,96";"1,1";"12,44";"4,6"
"2024-02-10 18:00";"0,000";"25,53";"1,1";"18,18";"4,3"
"2024-02-10 19:00";"0,000";"29,31";"1,2";"25,16";"4,1"
"2024-02-10 20:00";"0,000";"23,49";"1,2";"16,93";"3,8"
"2024-02-10 21:00";"0,000";"22,32";"1,2";"21,8";"3,2"
"2024-02-10 22:00";"0,000";"14,61";"1,1";"19,29";"3,5"
"2024-02-10 23:00";"0,000";"17,34";"1,1";"20,06";"3,6"
"2024-02-11 00:00";"0,000";"18,63";"1,000";"18,97";"2,5"
"2024-02-11 01:00";"0,000";"16,06";"0,9";"12,49";"1,8"
"2024-02-11 02:00";"0,000";"14,63";"0,8";"9,52";"2,000"
"2024-02-11 03:00";"0,000";"12,3";"0,7";"8,82";"3,000"
"2024-02-11 04:00";"0,000";"11,93";"0,6";"8,92";"5,5"
"2024-02-11 05:00";"0,000";"11,52";"0,6";"9,22";"6,3"
"2024-02-11 06:00";"0,000";"11,79";"0,8";"8,92";"6,6"
"2024-02-11 07:00";"0,000";"11,85";"1,000";"9,3";"6,1"
"2024-02-11 08:00";"0,000";"12,88";"1,000";"10,28";"6,1"
"2024-02-11 09:00";"0,000";"16,66";"1,4";"13,51";"7,000"
"2024-02-11 10:00";"0,000";"13,75";"1,4";"8,14";"7,6"
"2024-02-11 11:00";"0,000";"19,18";"1,6";"0,44";"8,5"
"2024-02-11 12:00";"0,000";"15,41";"1,9";"0,01";"8,8"
"2024-02-11 13:00";"0,000";"13,84";"1,8";"0,000";"8,6"
"2024-02-11 14:00";"0,000";"15,43";"1,5";"2,85";"8,8"
"2024-02-11 15:00";"0,000";"16,35";"1,4";"7,82";"8,4"
"2024-02-11 16:00";"0,000";"18,39";"1,4";"5,58";"6,9"
"2024-02-11 17:00";"0,000";"26,61";"1,5";"16,63";"5,3"
"2024-02-11 18:00";"0,000";"22,49";"1,7";"6,01";"4,000"
"2024-02-11 19:00";"0,000";"21,34";"1,8";"5,31";"2,9"
"2024-02-11 20:00";"0,000";"25,62";"1,8";"5,41";"2,1"
"2024-02-11 21:00";"0,000";"18,75";"1,7";"5,65";"1,2"
"2024-02-11 22:00";"0,000";"12,14";"1,5";"5,69";"0,3"
"2024-02-11 23:00";"0,000";"12,03";"1,4";"6,68";"-1,000"
"2024-02-12 00:00";"0,000";"12,05";"1,4";"6,46";"-1,3"
"2024-02-12 01:00";"0,000";"11,97";"1,4";"5,79";"-1,6"
"2024-02-12 02:00";"0,000";"11,84";"1,6";"6,86";"-2,3"
"2024-02-12 03:00";"0,000";"11,95";"1,7";"7,96";"-1,4"
"2024-02-12 04:00";"0,000";"11,92";"1,7";"7,94";"-0,9"
"2024-02-12 05:00";"0,000";"10,36";"1,7";"8,2";"0,1"
"2024-02-12 06:00";"0,000";"8,000";"1,5";"6,33";"0,8"
"2024-02-12 07:00";"0,000";"10,92";"1,4";"5,69";"1,4"
"2024-02-12 08:00";"0,000";"9,22";"1,4";"6,19";"1,8"
"2024-02-12 09:00";"0,000";"13,11";"1,4";"13,39";"2,2"
"2024-02-12 10:00";"0,000";"20,86";"1,4";"6,91";"2,7"
"2024-02-12 11:00";"0,000";"23,22";"1,000";"2,88";"3,000"
"2024-02-12 12:00";"0,000";"15,44";"0,7";"4,74";"6,5"
"2024-02-12 13:00";"0,000";"15,91";"0,7";"3,48";"7,8"
"2024-02-12 14:00";"0,000";"14,79";"0,9";"0,97";"8,4"
"2024-02-12 15:00";"0,000";"24,52";"1,000";"4,49";"8,8"
"2024-02-12 16:00";"0,000";"15,67";"0,9";"7,31";"8,5"
"2024-02-12 17:00";"0,000";"14,42";"0,7";"23,94";"7,000"
"2024-02-12 18:00";"0,000";"15,48";"0,4";"26,69";"5,8"
"2024-02-12 19:00";"0,000";"14,54";"0,2";"20,36";"5,000"
"2024-02-12 20:00";"0,000";"15,16";"0,2";"19,74";"5,6"
"2024-02-12 21:00";"0,000";"14,73";"0,1";"9,97";"5,3"
"2024-02-12 22:00";"0,000";"15,06";"0,2";"14,55";"5,8"
"2024-02-12 23:00";"0,000";"8,21";"0,4";"12,25";"5,9"
"2024-02-13 00:00";"0,000";"8,49";"0,5";"12,29";"5,5"
"2024-02-13 01:00";"0,000";"8,31";"0,7";"11,32";"5,5"
"2024-02-13 02:00";"0,000";"8,52";"0,7";"9,38";"5,1"
"2024-02-13 03:00";"0,000";"8,42";"0,7";"9,16";"5,000"
"2024-02-13 04:00";"0,000";"8,37";"1,1";"9,54";"5,2"
"2024-02-13 05:00";"0,000";"7,98";"2,1";"9,22";"5,4"
"2024-02-13 06:00";"0,000";"8,39";"2,3";"9,59";"5,1"
"2024-02-13 07:00";"0,000";"14,14";"2,4";"11,45";"5,1"
"2024-02-13 08:00";"0,000";"9,23";"2,4";"10,4";"5,1"
"2024-02-13 09:00";"0,000";"8,77";"2,9";"10,91";"5,8"
"2024-02-13 10:00";"0,000";"17,8";"3,4";"4,49";"6,8"
"2024-02-13 11:00";"0,05";"6,73";"4,1";"0,84";"7,7"
"2024-02-13 12:00";"0,000";"9,45";"4,3";"0,69";"8,2"
"2024-02-13 13:00";"0,000";"9,71";"5,000";"0,12";"8,5"
"2024-02-13 14:00";"0,000";"15,67";"5,1";"0,27";"8,4"
"2024-02-13 15:00";"0,000";"20,04";"5,000";"2,03";"8,000"
"2024-02-13 16:00";"0,000";"17,18";"5,000";"4,92";"6,8"
"2024-02-13 17:00";"0,000";"20,61";"4,5";"8,24";"5,000"
"2024-02-13 18:00";"0,000";"24,61";"4,4";"10,64";"3,6"
"2024-02-13 19:00";"0,000";"25,63";"4,3";"6,52";"2,4"
"2024-02-13 20:00";"0,000";"21,89";"4,2";"11,06";"3,1"
"2024-02-13 21:00";"0,000";"18,6";"4,2";"9,22";"2,2"
"2024-02-13 22:00";"0,000";"16,24";"4,4";"16,28";"2,4"
"2024-02-13 23:00";"0,000";"15,65";"4,2";"13,34";"3,4"
"2024-02-14 00:00";"0,000";"14,77";"3,9";"10,73";"3,8"
"2024-02-14 01:00";"0,000";"14,67";"3,8";"8,94";"2,000"
"2024-02-14 02:00";"0,000";"12,36";"3,6";"9,94";"1,000"
"2024-02-14 03:00";"0,000";"10,97";"3,4";"9,23";"0,8"
"2024-02-14 04:00";"0,000";"11,04";"3,2";"9,23";"1,3"
"2024-02-14 05:00";"0,000";"7,98";"2,9";"9,3";"1,9"
"2024-02-14 06:00";"0,000";"7,95";"2,8";"9,44";"2,6"
"2024-02-14 07:00";"0,000";"10,02";"2,8";"12,76";"2,8"
"2024-02-14 08:00";"0,000";"8,35";"2,6";"8,52";"3,1"
"2024-02-14 09:00";"0,000";"9,31";"2,9";"17,43";"3,5"
"2024-02-14 10:00";"0,000";"11,06";"3,7";"7,29";"4,1"
"2024-02-14 11:00";"1,13";"5,82";"4,8";"6,48";"4,4"
"2024-02-14 12:00";"0,77";"5,04";"5,6";"9,24";"4,4"
"2024-02-14 13:00";"0,000";"15,94";"5,9";"19,89";"4,000"
"2024-02-14 14:00";"0,06";"10,14";"5,8";"21,2";"3,9"
"2024-02-14 15:00";"0,000";"13,66";"5,6";"17,88";"3,7"
"2024-02-14 16:00";"0,000";"14,2";"5,2";"7,59";"3,5"
"2024-02-14 17:00";"0,000";"15,8";"4,4";"15,29";"3,2"
"2024-02-14 18:00";"0,000";"19,05";"4,000";"20,02";"3,2"
"2024-02-14 19:00";"0,000";"24,29";"3,4";"18,42";"3,1"
"2024-02-14 20:00";"0,000";"14,19";"3,000";"17,82";"3,000"
"2024-02-14 21:00";"0,000";"21,53";"2,6";"20,67";"2,8"
"2024-02-14 22:00";"0,000";"12,88";"2,000";"17,58";"2,6"
"2024-02-14 23:00";"0,000";"11,58";"1,6";"16,54";"2,4"
"2024-02-15 00:00";"0,000";"10,67";"1,3";"12,99";"2,6"
"2024-02-15 01:00";"0,000";"9,14";"1,000";"12,81";"2,6"
"2024-02-15 02:00";"0,000";"7,51";"1,000";"12,39";"2,6"
"2024-02-15 03:00";"0,000";"7,41";"1,3";"13,14";"2,6"
"2024-02-15 04:00";"0,000";"7,33";"1,3";"12,45";"2,6"
"2024-02-15 05:00";"0,000";"7,47";"1,6";"12,45";"2,6"
"2024-02-15 06:00";"0,000";"8,91";"1,9";"13,02";"2,5"
"2024-02-15 07:00";"0,000";"7,86";"2,1";"13,51";"2,4"
"2024-02-15 08:00";"0,000";"10,83";"2,5";"7,98";"2,4"
"2024-02-15 09:00";"0,000";"10,79";"2,7";"9,55";"2,4"
"2024-02-15 10:00";"0,000";"9,45";"2,9";"8,15";"2,5"
"2024-02-15 11:00";"0,02";"8,57";"3,3";"10,97";"3,5"
"2024-02-15 12:00";"0,000";"10,12";"3,6";"4,66";"4,2"
"2024-02-15 13:00";"0,000";"6,81";"4,000";"1,98";"4,000"
"2024-02-15 14:00";"0,000";"8,35";"4,2";"2,000";"3,8"
"2024-02-15 15:00";"0,000";"12,76";"4,1";"4,05";"3,3"
"2024-02-15 16:00";"0,000";"19,02";"4,3";"6,18";"2,5"
"2024-02-15 17:00";"0,000";"18,39";"4,5";"16,8";"0,6"
"2024-02-15 18:00";"0,000";"17,77";"4,6";"22,33";"-0,9"
"2024-02-15 19:00";"0,000";"19,000";"4,4";"12,93";"-1,6"
"2024-02-15 20:00";"0,000";"23,87";"4,5";"18,1";"-1,5"
"2024-02-15 21:00";"0,000";"19,88";"4,6";"31,28";"-1,2"
"2024-02-15 22:00";"0,000";"18,19";"5,1";"24,22";"-0,9"
"2024-02-15 23:00";"0,000";"18,2";"5,6";"14,000";"-1,1"
"2024-02-16 00:00";"0,000";"18,14";"5,9";"11,76";"-1,2"
"2024-02-16 01:00";"0,000";"18,16";"5,8";"9,89";"-1,1"
"2024-02-16 02:00";"0,000";"18,19";"5,7";"10,08";"-1,000"
"2024-02-16 03:00";"0,000";"18,02";"5,9";"9,59";"-0,8"
"2024-02-16 04:00";"0,000";"13,000";"6,1";"10,09";"-0,6"
"2024-02-16 05:00";"0,000";"10,17";"5,8";"10,000";"-0,5"
"2024-02-16 06:00";"0,000";"9,42";"5,6";"8,88";"-0,3"
"2024-02-16 07:00";"0,000";"14,13";"5,5";"10,99";"-0,4"
"2024-02-16 08:00";"0,000";"11,57";"5,4";"12,42";"-0,2"
"2024-02-16 09:00";"0,000";"15,26";"5,2";"8,57";"0,1"
"2024-02-16 10:00";"0,000";"17,27";"5,2";"9,31";"0,6"
"2024-02-16 11:00";"0,56";"6,13";"9,3";"7,02";"0,8"
"2024-02-16 12:00";"0,82";"6,03";"10,4";"8,31";"1,3"
"2024-02-16 13:00";"0,33";"9,58";"9,9";"14,5";"1,8"
"2024-02-16 14:00";"0,66";"3,19";"10,000";"8,53";"2,000"
"2024-02-16 15:00";"0,000";"7,73";"10,000";"8,9";"2,1"
"2024-02-16 16:00";"0,000";"12,25";"9,7";"9,96";"1,9"
"2024-02-16 17:00";"0,000";"12,16";"9,8";"20,25";"1,7"
"2024-02-16 18:00";"0,000";"16,5";"10,1";"14,01";"1,5"
"2024-02-16 19:00";"0,000";"19,11";"9,2";"15,83";"1,6"
"2024-02-16 20:00";"0,000";"17,62";"7,4";"8,37";"1,7"
"2024-02-16 21:00";"0,000";"17,95";"7,000";"20,54";"1,6"
"2024-02-16 22:00";"0,000";"9,74";"6,7";"8,5";"1,4"
"2024-02-16 23:00";"0,000";"8,95";"7,2";"9,18";"1,2"
"2024-02-17 00:00";"0,000";"8,83";"6,5";"9,45";"1,000"
"2024-02-17 01:00";"0,000";"9,28";"5,9";"9,09";"1,000"
"2024-02-17 02:00";"0,000";"9,51";"5,9";"9,58";"1,1"
"2024-02-17 03:00";"0,000";"9,1";"5,7";"9,000";"1,3"
"2024-02-17 04:00";"0,000";"9,7";"4,8";"9,35";"1,6"
"2024-02-17 05:00";"0,000";"9,72";"4,8";"7,15";"2,000"
"2024-02-17 06:00";"0,000";"9,35";"3,9";"6,01";"2,4"
"2024-02-17 07:00";"0,000";"9,82";"3,8";"10,91";"2,7"
"2024-02-17 08:00";"0,000";"8,87";"3,5";"11,18";"3,1"
"2024-02-17 09:00";"0,000";"7,69";"3,9";"15,32";"3,2"
"2024-02-17 10:00";"3,94";"1,62";"4,4";"13,65";"3,4"
"2024-02-17 11:00";"9,79";"0,29";"5,000";"12,47";"3,5"
"2024-02-17 12:00";"11,43";"0,51";"5,7";"26,58";"3,7"
"2024-02-17 13:00";"6,23";"0,25";"5,9";"25,84";"3,4"
"2024-02-17 14:00";"10,85";"0,04";"6,000";"10,32";"3,7"
"2024-02-17 15:00";"4,57";"2,11";"5,3";"18,83";"4,1"
"2024-02-17 16:00";"0,000";"7,53";"4,6";"12,05";"8,2"
"2024-02-17 17:00";"0,000";"8,9";"2,9";"14,41";"8,1"
"2024-02-17 18:00";"0,000";"10,16";"1,7";"20,88";"7,7"
"2024-02-17 19:00";"0,000";"8,63";"0,9";"29,66";"7,2"
"2024-02-17 20:00";"0,000";"9,58";"0,6";"19,12";"7,1"
"2024-02-17 21:00";"0,000";"11,28";"0,000";"15,11";"7,1"
"2024-02-17 22:00";"0,000";"11,16";"-1,1";"9,67";"6,9"
"2024-02-17 23:00";"0,000";"10,75";"-1,2";"9,67";"6,4"
"2024-02-18 00:00";"0,000";"11,02";"-1,1";"8,6";"6,2"
"2024-02-18 01:00";"0,000";"11,14";"-2,1";"7,07";"5,9"
"2024-02-18 02:00";"0,000";"11,3";"-1,9";"6,75";"5,5"
"2024-02-18 03:00";"0,000";"11,46";"0,5";"7,12";"5,2"
"2024-02-18 04:00";"0,000";"11,5";"0,4";"7,26";"4,9"
"2024-02-18 05:00";"0,000";"11,43";"0,000";"6,79";"4,8"
"2024-02-18 06:00";"0,000";"11,39";"0,1";"7,38";"4,6"
"2024-02-18 07:00";"0,000";"13,59";"0,3";"6,07";"4,7"
"2024-02-18 08:00";"0,000";"7,45";"0,9";"6,68";"4,6"
"2024-02-18 09:00";"0,000";"5,44";"1,6";"8,35";"5,4"
"2024-02-18 10:00";"0,05";"3,39";"2,7";"8,36";"5,8"
"2024-02-18 11:00";"0,000";"10,05";"3,6";"6,58";"5,6"
"2024-02-18 12:00";"0,01";"13,13";"3,8";"1,28";"6,2"
"2024-02-18 13:00";"0,000";"11,61";"3,6";"5,77";"6,2"
"2024-02-18 14:00";"0,000";"9,64";"3,2";"10,09";"6,000"
"2024-02-18 15:00";"0,000";"10,46";"2,9";"17,78";"5,8"
"2024-02-18 16:00";"0,000";"11,1";"3,1";"28,11";"5,000"
"2024-02-18 17:00";"0,000";"20,44";"3,5";"15,74";"3,9"
"2024-02-18 18:00";"0,000";"20,63";"3,8";"12,9";"3,3"
"2024-02-18 19:00";"0,000";"19,13";"3,9";"9,92";"2,9"
"2024-02-18 20:00";"0,000";"16,73";"3,9";"19,64";"2,7"
"2024-02-18 21:00";"0,000";"15,42";"3,8";"12,3";"2,1"
"2024-02-18 22:00";"0,000";"10,000";"3,7";"6,89";"1,6"
"2024-02-18 23:00";"0,000";"8,4";"3,6";"7,87";"1,5"
"2024-02-19 00:00";"0,000";"6,54";"3,2";"10,31";"1,1"
"2024-02-19 01:00";"0,000";"7,31";"2,8";"10,31";"1,000"
"2024-02-19 02:00";"0,000";"6,63";"2,7";"10,24";"1,4"
"2024-02-19 03:00";"0,000";"7,36";"2,5";"9,99";"1,1"
"2024-02-19 04:00";"0,000";"6,83";"2,3";"10,62";"0,6"
"2024-02-19 05:00";"0,000";"7,32";"2,4";"10,13";"0,5"
"2024-02-19 06:00";"0,000";"7,15";"2,4";"10,82";"0,000"
"2024-02-19 07:00";"0,000";"8,4";"2,000";"9,76";"-0,2"
"2024-02-19 08:00";"0,000";"7,73";"1,5";"7,8";"0,5"
"2024-02-19 09:00";"0,000";"10,29";"0,9";"4,98";"1,9"
"2024-02-19 10:00";"0,000";"14,79";"0,7";"6,58";"3,6"
"2024-02-19 11:00";"0,000";"9,34";"1,7";"0,85";"4,1"
"2024-02-19 12:00";"0,000";"11,8";"2,7";"1,86";"4,8"
"2024-02-19 13:00";"0,000";"10,61";"3,1";"0,04";"5,000"
"2024-02-19 14:00";"0,000";"13,11";"3,1";"0,03";"5,2"
"2024-02-19 15:00";"0,000";"15,5";"3,1";"0,19";"5,4"
"2024-02-19 16:00";"0,000";"14,34";"2,7";"16,27";"5,000"
"2024-02-19 17:00";"0,000";"21,44";"2,5";"26,46";"4,6"
"2024-02-19 18:00";"0,000";"20,35";"2,6";"20,95";"4,5"
"2024-02-19 19:00";"0,000";"20,22";"3,5";"18,6";"4,1"
"2024-02-19 20:00";"0,000";"22,31";"4,5";"15,51";"3,7"
"2024-02-19 21:00";"0,000";"18,02";"4,8";"12,52";"3,4"
"2024-02-19 22:00";"0,000";"17,94";"4,9";"11,6";"3,000"
"2024-02-19 23:00";"0,000";"17,16";"5,2";"13,41";"2,7"
"2024-02-20 00:00";"0,000";"15,47";"5,2";"14,16";"2,7"
"2024-02-20 01:00";"0,000";"12,05";"4,9";"13,53";"2,5"
"2024-02-20 02:00";"0,000";"9,8";"4,5";"13,45";"2,1"
"2024-02-20 03:00";"0,000";"10,31";"4,000";"11,35";"2,1"
"2024-02-20 04:00";"0,000";"10,49";"3,5";"9,92";"1,9"
"2024-02-20 05:00";"0,000";"10,03";"3,2";"9,78";"1,6"
"2024-02-20 06:00";"0,000";"10,62";"3,1";"9,81";"2,000"
"2024-02-20 07:00";"0,000";"9,41";"2,8";"12,52";"3,7"
"2024-02-20 08:00";"0,000";"7,9";"4,8";"11,000";"6,2"
"2024-02-20 09:00";"0,000";"7,58";"5,000";"13,55";"6,7"
"2024-02-20 10:00";"0,000";"9,67";"5,3";"21,92";"6,6"
"2024-02-20 11:00";"0,000";"5,24";"5,7";"17,46";"5,6"
"2024-02-20 12:00";"0,01";"7,65";"6,4";"10,92";"3,6"
"2024-02-20 13:00";"0,01";"8,3";"6,7";"16,61";"3,9"
"2024-02-20 14:00";"0,000";"8,61";"6,9";"10,5";"6,8"
"2024-02-20 15:00";"0,000";"11,64";"6,9";"12,57";"7,3"
"2024-02-20 16:00";"0,000";"15,63";"6,2";"7,12";"7,000"
"2024-02-20 17:00";"0,000";"19,54";"5,2";"21,49";"6,6"
"2024-02-20 18:00";"0,000";"18,39";"4,7";"15,88";"6,3"
"2024-02-20 19:00";"0,000";"17,28";"5,5";"21,93";"6,2"
"2024-02-20 20:00";"0,000";"13,94";"5,6";"13,42";"6,000"
"2024-02-20 21:00";"0,000";"16,9";"5,4";"13,03";"6,1"
"2024-02-20 22:00";"0,000";"17,16";"5,2";"14,98";"6,000"
"2024-02-20 23:00";"0,000";"17,42";"6,1";"16,34";"5,8"
"2024-02-21 00:00";"0,000";"18,65";"5,7";"16,45";"5,6"
"2024-02-21 01:00";"0,000";"20,09";"5,7";"16,09";"5,6"
"2024-02-21 02:00";"0,000";"22,31";"5,2";"15,63";"6,000"
"2024-02-21 03:00";"0,000";"17,35";"4,8";"12,74";"5,9"
"2024-02-21 04:00";"0,000";"16,86";"4,9";"13,31";"5,8"
"2024-02-21 05:00";"0,000";"16,85";"4,5";"12,97";"5,7"
"2024-02-21 06:00";"0,000";"17,24";"4,7";"12,4";"5,4"
"2024-02-21 07:00";"0,000";"17,81";"4,8";"11,43";"5,1"
"2024-02-21 08:00";"0,000";"19,92";"5,5";"11,38";"5,3"
"2024-02-21 09:00";"0,000";"17,89";"5,8";"11,77";"5,9"
"2024-02-21 10:00";"0,000";"19,71";"4,6";"6,05";"6,7"
"2024-02-21 11:00";"0,000";"11,99";"5,2";"9,16";"7,3"
"2024-02-21 12:00";"0,000";"9,48";"6,3";"0,08";"7,6"
"2024-02-21 13:00";"0,17";"4,31";"6,7";"1,9";"8,1"
"2024-02-21 14:00";"0,63";"3,000";"7,4";"0,49";"7,9"
"2024-02-21 15:00";"3,54";"7,85";"7,5";"0,36";"7,8"
"2024-02-21 16:00";"0,000";"16,55";"6,7";"2,76";"6,8"
"2024-02-21 17:00";"0,000";"13,25";"5,1";"5,39";"5,1"
"2024-02-21 18:00";"0,000";"25,92";"5,000";"8,12";"3,4"
"2024-02-21 19:00";"0,000";"21,93";"4,3";"23,7";"2,1"
"2024-02-21 20:00";"0,000";"28,42";"4,6";"16,01";"1,9"
"2024-02-21 21:00";"0,000";"20,53";"4,8";"8,44";"2,2"
"2024-02-21 22:00";"0,000";"16,37";"4,7";"17,08";"2,4"
"2024-02-21 23:00";"0,000";"14,97";"5,4";"12,01";"2,000"
"2024-02-22 00:00";"0,000";"10,83";"5,9";"10,96";"1,5"
"2024-02-22 01:00";"0,000";"9,26";"5,8";"10,33";"0,9"
"2024-02-22 02:00";"0,000";"9,16";"6,000";"10,49";"0,7"
"2024-02-22 03:00";"0,000";"9,15";"5,8";"10,46";"0,3"
"2024-02-22 04:00";"0,000";"9,36";"5,5";"7,6";"0,5"
"2024-02-22 05:00";"0,000";"9,33";"5,8";"8,16";"0,9"
"2024-02-22 06:00";"0,000";"9,49";"5,6";"8,73";"0,9"
"2024-02-22 07:00";"0,000";"10,88";"5,2";"9,23";"0,8"
"2024-02-22 08:00";"0,000";"13,63";"5,000";"11,31";"1,8"
"2024-02-22 09:00";"0,000";"17,14";"5,1";"14,39";"2,5"
"2024-02-22 10:00";"0,000";"12,67";"5,2";"8,28";"3,3"
"2024-02-22 11:00";"0,000";"7,8";"5,1";"4,78";"4,3"
"2024-02-22 12:00";"0,000";"13,62";"5,000";"9,43";"4,2"
"2024-02-22 13:00";"0,000";"8,77";"4,9";"6,53";"4,9"
"2024-02-22 14:00";"0,000";"5,42";"4,5";"2,94";"4,8"
"2024-02-22 15:00";"0,000";"6,96";"4,4";"11,1";"4,4"
"2024-02-22 16:00";"0,000";"16,57";"4,000";"5,87";"3,8"
"2024-02-22 17:00";"0,000";"7,96";"3,6";"6,38";"3,000"
"2024-02-22 18:00";"0,000";"8,6";"3,1";"7,04";"2,6"
"2024-02-22 19:00";"0,000";"17,3";"2,8";"17,8";"2,4"
"2024-02-22 20:00";"0,000";"16,83";"2,8";"17,61";"2,2"
"2024-02-22 21:00";"0,000";"16,78";"2,8";"9,12";"2,1"
"2024-02-22 22:00";"0,000";"16,69";"2,8";"10,43";"2,1"
"2024-02-22 23:00";"0,000";"17,2";"3,1";"10,08";"2,2"
"2024-02-23 00:00";"0,000";"16,65";"3,7";"7,55";"2,4"
"2024-02-23 01:00";"0,000";"16,56";"3,8";"7,62";"3,2"
"2024-02-23 02:00";"0,000";"15,08";"4,9";"6,77";"3,1"
"2024-02-23 03:00";"0,000";"14,64";"7,8";"6,73";"2,8"
"2024-02-23 04:00";"0,000";"12,76";"8,1";"7,26";"2,7"
"2024-02-23 05:00";"0,000";"12,27";"6,3";"6,75";"2,6"
"2024-02-23 06:00";"0,000";"12,71";"5,8";"7,31";"2,5"
"2024-02-23 07:00";"0,000";"13,03";"5,5";"8,81";"2,5"
"2024-02-23 08:00";"0,000";"15,87";"5,7";"7,86";"2,5"
"2024-02-23 09:00";"0,000";"14,56";"6,2";"5,54";"2,8"
"2024-02-23 10:00";"0,01";"15,82";"6,3";"7,63";"3,2"
"2024-02-23 11:00";"3,34";"6,52";"6,2";"4,41";"3,2"
"2024-02-23 12:00";"0,58";"8,35";"6,3";"9,5";"3,000"
"2024-02-23 13:00";"4,62";"4,47";"6,7";"12,08";"2,6"
"2024-02-23 14:00";"9,1";"0,22";"7,4";"14,99";"1,8"
"2024-02-23 15:00";"4,52";"0,46";"7,4";"9,52";"1,1"
"2024-02-23 16:00";"0,000";"12,16";"7,000";"9,26";"0,9"
"2024-02-23 17:00";"0,000";"8,55";"6,5";"8,42";"0,8"
"2024-02-23 18:00";"0,000";"15,89";"6,5";"6,14";"0,9"
"2024-02-23 19:00";"0,000";"24,99";"5,8";"6,69";"1,1"
"2024-02-23 20:00";"0,000";"18,44";"6,000";"6,68";"1,3"
"2024-02-23 21:00";"0,000";"20,98";"6,000";"8,38";"1,1"
"2024-02-23 22:00";"0,000";"21,74";"6,000";"10,48";"0,4"
"2024-02-23 23:00";"0,000";"19,38";"5,6";"10,01";"0,8"
"2024-02-24 00:00";"0,000";"15,52";"4,9";"10,6";"2,2"
"2024-02-24 01:00";"0,000";"12,53";"4,1";"10,11";"1,9"
"2024-02-24 02:00";"0,000";"9,25";"3,2";"10,27";"1,8"
"2024-02-24 03:00";"0,000";"9,59";"3,000";"10,87";"1,7"
"2024-02-24 04:00";"0,000";"9,36";"2,6";"10,43";"2,1"
"2024-02-24 05:00";"0,000";"10,01";"2,5";"10,46";"2,4"
"2024-02-24 06:00";"0,000";"9,74";"2,5";"11,11";"2,6"
"2024-02-24 07:00";"0,000";"9,72";"2,2";"10,66";"1,8"
"2024-02-24 08:00";"0,000";"7,47";"2,5";"10,84";"1,3"
"2024-02-24 09:00";"0,01";"4,37";"3,5";"16,95";"0,5"
"2024-02-24 10:00";"2,65";"1,21";"5,4";"14,43";"0,3"
"2024-02-24 11:00";"12,2";"0,02";"7,1";"10,87";"0,7"
"2024-02-24 12:00";"14,000";"0,000";"8,8";"17,58";"1,4"
"2024-02-24 13:00";"14,36";"0,000";"9,000";"26,79";"1,7"
"2024-02-24 14:00";"8,71";"3,000";"8,8";"21,27";"3,3"
"2024-02-24 15:00";"0,36";"7,11";"8,2";"9,59";"2,4"
"2024-02-24 16:00";"0,000";"13,7";"7,1";"4,78";"2,000"
"2024-02-24 17:00";"0,000";"22,61";"6,2";"9,42";"2,1"
"2024-02-24 18:00";"0,000";"16,96";"5,4";"23,5";"1,9"
"2024-02-24 19:00";"0,000";"17,1";"5,3";"15,12";"1,3"
"2024-02-24 20:00";"0,000";"17,94";"4,9";"14,52";"0,4"
"2024-02-24 21:00";"0,000";"12,57";"4,5";"13,94";"-0,3"
"2024-02-24 22:00";"0,000";"8,22";"4,5";"14,46";"-0,2"
"2024-02-24 23:00";"0,000";"8,16";"4,3";"19,27";"0,5"
"2024-02-25 00:00";"0,000";"8,31";"4,000";"21,66";"0,7"
"2024-02-25 01:00";"0,000";"8,41";"2,6";"21,3";"-0,1"
"2024-02-25 02:00";"0,000";"8,55";"2,2";"21,86";"-0,4"
"2024-02-25 03:00";"0,000";"8,79";"2,8";"21,38";"-0,9"
"2024-02-25 04:00";"0,000";"8,63";"3,4";"21,03";"-0,7"
"2024-02-25 05:00";"0,000";"8,87";"3,1";"18,22";"-0,9"
"2024-02-25 06:00";"0,000";"11,15";"2,3";"15,64";"-1,000"
"2024-02-25 07:00";"0,000";"8,3";"2,2";"14,45";"-0,6"
"2024-02-25 08:00";"0,06";"3,43";"3,3";"15,02";"-0,4"
"2024-02-25 09:00";"1,35";"0,36";"4,5";"15,88";"-0,3"
"2024-02-25 10:00";"1,58";"0,78";"5,1";"9,47";"-0,2"
"2024-02-25 11:00";"2,93";"1,07";"6,1";"10,39";"0,2"
"2024-02-25 12:00";"9,04";"0,74";"7,000";"6,06";"0,4"
"2024-02-25 13:00";"8,56";"0,73";"7,6";"6,34";"0,5"
"2024-02-25 14:00";"9,12";"0,000";"7,6";"5,95";"0,7"
"2024-02-25 15:00";"1,25";"2,41";"7,3";"6,98";"0,8"
"2024-02-25 16:00";"0,000";"11,57";"6,2";"7,89";"0,9"
"2024-02-25 17:00";"0,000";"22,91";"5,7";"8,07";"0,6"
"2024-02-25 18:00";"0,000";"22,6";"5,3";"11,11";"0,3"
"2024-02-25 19:00";"0,000";"19,3";"4,7";"12,88";"0,2"
"2024-02-25 20:00";"0,000";"17,68";"4,3";"12,07";"-0,2"
"2024-02-25 21:00";"0,000";"14,62";"4,4";"12,22";"-0,7"
"2024-02-25 22:00";"0,000";"12,45";"3,8";"13,77";"-0,9"
"2024-02-25 23:00";"0,000";"12,4";"3,4";"15,74";"-1,2"
"2024-02-26 00:00";"0,000";"13,04";"3,2";"15,54";"-1,6"
"2024-02-26 01:00";"0,000";"12,35";"3,4";"15,48";"-2,1"
"2024-02-26 02:00";"0,000";"11,81";"3,4";"16,12";"-2,2"
"2024-02-26 03:00";"0,000";"12,000";"2,6";"15,68";"-2,5"
"2024-02-26 04:00";"0,000";"12,04";"2,1";"15,74";"-2,8"
"2024-02-26 05:00";"0,000";"10,07";"0,8";"16,6";"-2,8"
"2024-02-26 06:00";"0,000";"9,55";"1,6";"13,68";"-2,8"
"2024-02-26 07:00";"0,000";"11,9";"1,6";"12,06";"-2,5"
"2024-02-26 08:00";"0,000";"7,53";"1,3";"11,89";"-1,4"
"2024-02-26 09:00";"0,5";"4,42";"2,1";"8,09";"-0,3"
"2024-02-26 10:00";"1,52";"3,3";"3,5";"2,16";"0,9"
"2024-02-26 11:00";"4,33";"1,22";"5,5";"0,65";"1,9"
"2024-02-26 12:00";"2,38";"3,44";"7,1";"1,53";"2,7"
"2024-02-26 13:00";"1,47";"4,51";"7,7";"0,29";"3,3"
"2024-02-26 14:00";"0,35";"4,7";"7,8";"0,000";"3,2"
"2024-02-26 15:00";"0,18";"4,95";"8,1";"19,07";"3,000"
"2024-02-26 16:00";"0,000";"4,8";"7,5";"9,77";"2,5"
"2024-02-26 17:00";"0,000";"5,05";"5,6";"21,43";"1,4"
"2024-02-26 18:00";"0,000";"8,19";"4,000";"19,18";"0,6"
"2024-02-26 19:00";"0,000";"11,82";"3,000";"25,12";"0,4"
"2024-02-26 20:00";"0,000";"10,98";"1,8";"27,24";"-0,1"
"2024-02-26 21:00";"0,000";"16,64";"1,000";"24,46";"-0,8"
"2024-02-26 22:00";"0,000";"16,86";"0,5";"21,98";"-1,7"
"2024-02-26 23:00";"0,000";"15,24";"-1,2";"17,83";"-2,4"
"2024-02-27 00:00";"0,000";"10,67";"-1,4";"16,16";"-2,5"
"2024-02-27 01:00";"0,000";"10,99";"-1,2";"13,84";"-2,9"
"2024-02-27 02:00";"0,000";"8,64";"-1,6";"11,5";"-3,1"
"2024-02-27 03:00";"0,000";"7,89";"-1,9";"8,36";"-2,7"
"2024-02-27 04:00";"0,000";"7,76";"-2,000";"8,49";"-3,8"
"2024-02-27 05:00";"0,000";"7,8";"-2,4";"8,64";"-3,7"
"2024-02-27 06:00";"0,000";"8,67";"-2,7";"11,04";"-2,6"
"2024-02-27 07:00";"0,000";"9,28";"-3,1";"10,68";"-2,1"
"2024-02-27 08:00";"0,000";"5,77";"-3,1";"11,01";"-1,4"
"2024-02-27 09:00";"0,02";"4,46";"-3,2";"12,52";"0,1"
"2024-02-27 10:00";"0,11";"3,51";"-3,4";"7,76";"1,3"
"2024-02-27 11:00";"0,3";"3,19";"-3,2";"1,39";"3,000"
"2024-02-27 12:00";"0,15";"4,61";"-3,000";"1,01";"4,7"
"2024-02-27 13:00";"0,04";"3,2";"-2,9";"2,76";"4,8"
"2024-02-27 14:00";"0,02";"4,07";"-2,7";"7,29";"4,2"
"2024-02-27 15:00";"0,000";"8,31";"-2,5";"8,91";"4,5"
"2024-02-27 16:00";"0,000";"14,8";"-2,4";"10,12";"4,3"
"2024-02-27 17:00";"0,000";"16,87";"-2,3";"18,66";"2,9"
"2024-02-27 18:00";"0,000";"32,8";"-2,1";"12,08";"2,4"
"2024-02-27 19:00";"0,000";"19,64";"-2,2";"12,33";"1,7"
"2024-02-27 20:00";"0,000";"19,69";"-2,2";"21,87";"1,4"
"2024-02-27 21:00";"0,000";"15,81";"-2,4";"18,55";"0,4"
"2024-02-27 22:00";"0,000";"16,96";"-2,7";"20,28";"-0,3"
"2024-02-27 23:00";"0,000";"13,31";"-3,000";"22,55";"-0,9"
"2024-02-28 00:00";"0,000";"7,93";"-3,1";"16,02";"-1,4"
"2024-02-28 01:00";"0,000";"7,82";"-3,000";"11,18";"-1,8"
"2024-02-28 02:00";"0,000";"7,35";"-2,9";"11,42";"-2,8"
"2024-02-28 03:00";"0,000";"6,89";"-2,8";"10,77";"-3,6"
"2024-02-28 04:00";"0,000";"7,42";"-2,6";"10,97";"-3,4"
"2024-02-28 05:00";"0,000";"7,29";"-2,2";"11,88";"-3,3"
"2024-02-28 06:00";"0,000";"7,4";"-2,1";"11,71";"-3,8"
"2024-02-28 07:00";"0,000";"7,89";"-2,000";"12,97";"-3,4"
"2024-02-28 08:00";"0,000";"8,6";"-1,8";"6,85";"-3,3"
"2024-02-28 09:00";"0,000";"8,5";"1,2";"4,24";"-2,9"
"2024-02-28 10:00";"1,62";"4,24";"2,9";"4,3";"-1,4"
"2024-02-28 11:00";"3,7";"1,27";"3,9";"14,74";"0,5"
"2024-02-28 12:00";"0,62";"4,59";"4,000";"1,93";"3,5"
"2024-02-28 13:00";"0,75";"5,44";"3,8";"0,000";"5,6"
"2024-02-28 14:00";"0,01";"7,58";"4,2";"0,000";"6,3"
"2024-02-28 15:00";"0,000";"10,22";"4,5";"0,01";"6,5"
"2024-02-28 16:00";"0,000";"16,35";"4,3";"4,49";"5,9"
"2024-02-28 17:00";"0,000";"14,26";"4,3";"13,08";"3,9"
"2024-02-28 18:00";"0,000";"21,68";"4,2";"15,64";"1,5"
"2024-02-28 19:00";"0,000";"19,75";"4,000";"15,48";"0,2"
"2024-02-28 20:00";"0,000";"35,26";"3,8";"17,26";"-1,000"
"2024-02-28 21:00";"0,000";"23,74";"3,5";"13,48";"-2,3"
"2024-02-28 22:00";"0,000";"18,17";"3,3";"12,01";"-2,8"
"2024-02-28 23:00";"0,000";"17,59";"3,5";"10,66";"-3,4"
"2024-02-29 00:00";"0,000";"17,51";"3,6";"-";"-"
"2024-02-29 01:00";"0,000";"17,58";"3,5";"-";"-"
"2024-02-29 02:00";"0,000";"17,57";"3,6";"-";"-"
"2024-02-29 03:00";"0,000";"17,54";"3,8";"-";"-"
"2024-02-29 04:00";"0,000";"17,6";"4,000";"-";"-"
"2024-02-29 05:00";"0,000";"17,5";"3,9";"-";"-"
"2024-02-29 06:00";"0,000";"17,59";"3,7";"-";"-"
"2024-02-29 07:00";"0,000";"17,03";"3,3";"-";"-"
"2024-02-29 08:00";"0,01";"9,96";"3,7";"-";"-"
"2024-02-29 09:00";"1,02";"1,56";"4,8";"-";"-"
"2024-02-29 10:00";"0,05";"7,68";"5,5";"-";"-"
"2024-02-29 11:00";"1,55";"4,71";"5,9";"-";"-"
"2024-02-29 12:00";"13,77";"0,000";"6,7";"-";"-"
"2024-02-29 13:00";"12,47";"0,000";"7,2";"-";"-"
"2024-02-29 14:00";"12,14";"0,000";"6,9";"-";"-"
"2024-02-29 15:00";"3,2";"1,5";"6,3";"-";"-"
"2024-02-29 16:00";"0,000";"8,95";"5,2";"-";"-"
"2024-02-29 17:00";"0,000";"12,4";"4,2";"-";"-"
"2024-02-29 18:00";"0,000";"13,45";"3,8";"-";"-"
"2024-02-29 19:00";"0,000";"15,9";"3,9";"-";"-"
"2024-02-29 20:00";"0,000";"15,96";"4,3";"-";"-"
"2024-02-29 21:00";"0,000";"15,12";"4,6";"-";"-"
"2024-02-29 22:00";"0,000";"12,65";"4,3";"-";"-"
"2024-02-29 23:00";"0,000";"12,83";"3,9";"-";"-"
"2024-03-01 00:00";"0,000";"13,53";"3,7";"10,29";"-3,7"
"2024-03-01 01:00";"0,000";"14,58";"4,1";"10,5";"-3,4"
"2024-03-01 02:00";"0,000";"12,59";"4,5";"8,38";"-3,3"
"2024-03-01 03:00";"0,000";"12,69";"4,7";"7,26";"-3,5"
"2024-03-01 04:00";"0,000";"12,25";"5,1";"7,43";"-4,4"
"2024-03-01 05:00";"0,000";"9,64";"5,3";"7,59";"-5,4"
"2024-03-01 06:00";"0,000";"9,56";"5,4";"7,75";"-5,1"
"2024-03-01 07:00";"0,000";"12,87";"5,6";"8,45";"-5,000"
"2024-03-01 08:00";"0,000";"10,33";"5,3";"8,97";"-4,7"
"2024-03-01 09:00";"0,000";"13,47";"4,4";"1,86";"-4,000"
"2024-03-01 10:00";"0,000";"16,62";"4,4";"0,61";"-2,4"
"2024-03-01 11:00";"0,000";"10,38";"5,3";"0,11";"-8,000"
"2024-03-01 12:00";"0,000";"11,1";"5,8";"0,000";"0,1"
"2024-03-01 13:00";"0,000";"13,8";"5,9";"0,000";"5,2"
"2024-03-01 14:00";"0,000";"7,52";"6,000";"0,000";"12,3"
"2024-03-01 15:00";"0,000";"8,11";"6,000";"0,000";"7,8"
"2024-03-01 16:00";"0,000";"20,84";"6,4";"2,64";"7,000"
"2024-03-01 17:00";"0,000";"18,91";"6,1";"9,22";"5,000"
"2024-03-01 18:00";"0,000";"16,1";"5,5";"30,13";"2,6"
"2024-03-01 19:00";"0,000";"8,24";"5,000";"16,39";"1,000"
"2024-03-01 20:00";"0,000";"18,75";"4,5";"19,000";"0,4"
"2024-03-01 21:00";"0,000";"18,76";"4,8";"21,2";"-1,2"
"2024-03-01 22:00";"0,000";"15,57";"5,2";"18,57";"-2,4"
"2024-03-01 23:00";"0,000";"8,62";"5,6";"20,81";"-2,9"
"2024-03-02 00:00";"0,000";"8,77";"5,5";"20,37";"-3,6"
"2024-03-02 01:00";"0,000";"8,72";"5,3";"18,73";"-4,2"
"2024-03-02 02:00";"0,000";"6,01";"5,3";"16,96";"-4,6"
"2024-03-02 03:00";"0,000";"4,85";"5,9";"17,1";"-5,000"
"2024-03-02 04:00";"0,000";"5,33";"6,4";"17,13";"-5,4"
"2024-03-02 05:00";"0,000";"4,78";"6,1";"17,21";"-6,1"
"2024-03-02 06:00";"0,000";"5,5";"5,9";"17,17";"-6,1"
"2024-03-02 07:00";"0,000";"4,74";"5,7";"17,25";"-5,9"
"2024-03-02 08:00";"0,000";"7,46";"5,8";"10,000";"-6,000"
"2024-03-02 09:00";"0,000";"13,12";"6,1";"11,91";"-2,000"
"2024-03-02 10:00";"0,000";"11,04";"6,3";"0,94";"2,9"
"2024-03-02 11:00";"0,000";"11,52";"6,000";"0,22";"5,2"
"2024-03-02 12:00";"0,000";"15,79";"5,5";"0,5";"6,4"
"2024-03-02 13:00";"0,000";"16,82";"5,3";"1,04";"6,5"
"2024-03-02 14:00";"0,000";"10,6";"4,5";"0,000";"7,6"
"2024-03-02 15:00";"0,000";"8,56";"3,7";"0,88";"7,7"
"2024-03-02 16:00";"0,000";"4,16";"3,6";"1,5";"6,000"
"2024-03-02 17:00";"0,000";"5,88";"3,7";"5,49";"3,6"
"2024-03-02 18:00";"0,000";"5,4";"4,1";"18,37";"2,8"
"2024-03-02 19:00";"0,000";"4,79";"3,9";"24,98";"1,4"
"2024-03-02 20:00";"0,000";"11,33";"3,9";"16,26";"-0,1"
"2024-03-02 21:00";"0,000";"8,8";"4,4";"9,95";"-0,8"
"2024-03-02 22:00";"0,000";"13,43";"7,2";"11,64";"-1,7"
"2024-03-02 23:00";"0,000";"11,71";"7,8";"14,36";"-2,7"
"2024-03-03 00:00";"0,000";"11,47";"7,1";"20,62";"-3,4"
"2024-03-03 01:00";"0,000";"11,01";"6,8";"18,58";"-3,2"
"2024-03-03 02:00";"0,000";"7,86";"6,3";"11,01";"-3,3"
"2024-03-03 03:00";"0,000";"8,52";"5,4";"10,44";"-4,4"
"2024-03-03 04:00";"0,000";"7,98";"4,6";"10,47";"-4,4"
"2024-03-03 05:00";"0,000";"8,71";"4,6";"10,62";"-4,8"
"2024-03-03 06:00";"0,000";"8,09";"4,8";"11,93";"-5,3"
"2024-03-03 07:00";"0,000";"7,89";"4,8";"13,94";"-4,3"
"2024-03-03 08:00";"0,000";"6,85";"5,2";"9,53";"-2,7"
"2024-03-03 09:00";"0,000";"9,07";"5,4";"16,09";"-2,1"
"2024-03-03 10:00";"0,000";"12,72";"6,000";"7,61";"-1,4"
"2024-03-03 11:00";"0,000";"10,33";"6,3";"4,42";"-1,2"
"2024-03-03 12:00";"0,09";"5,13";"6,7";"5,33";"-0,8"
"2024-03-03 13:00";"0,12";"12,29";"6,8";"24,28";"-0,8"
"2024-03-03 14:00";"0,000";"17,99";"6,6";"14,9";"-1,000"
"2024-03-03 15:00";"0,09";"9,28";"6,9";"9,43";"2,2"
"2024-03-03 16:00";"0,03";"13,08";"6,8";"5,81";"3,2"
"2024-03-03 17:00";"0,000";"15,9";"6,8";"10,25";"2,9"
"2024-03-03 18:00";"0,000";"27,94";"5,7";"18,12";"2,8"
"2024-03-03 19:00";"0,000";"18,24";"5,1";"15,42";"3,1"
"2024-03-03 20:00";"0,000";"17,13";"4,7";"8,8";"3,6"
"2024-03-03 21:00";"0,000";"16,77";"4,5";"7,77";"3,2"
"2024-03-03 22:00";"0,000";"13,68";"4,3";"10,95";"2,3"
"2024-03-03 23:00";"0,000";"6,9";"4,2";"10,88";"2,000"
"2024-03-04 00:00";"0,000";"5,68";"4,1";"12,09";"1,4"
"2024-03-04 01:00";"0,000";"5,47";"4,1";"14,24";"1,1"
"2024-03-04 02:00";"0,000";"5,58";"3,9";"12,16";"0,7"
"2024-03-04 03:00";"0,000";"5,8";"3,8";"11,06";"-0,3"
"2024-03-04 04:00";"0,000";"5,23";"3,6";"10,93";"-1,3"
"2024-03-04 05:00";"0,000";"5,82";"3,6";"11,73";"-1,000"
"2024-03-04 06:00";"0,000";"6,19";"3,5";"11,07";"-1,1"
"2024-03-04 07:00";"0,000";"5,56";"3,7";"10,06";"-2,000"
"2024-03-04 08:00";"0,04";"4,14";"4,2";"7,03";"-0,9"
"2024-03-04 09:00";"0,44";"3,26";"4,7";"3,83";"2,4"
"2024-03-04 10:00";"5,36";"0,74";"5,3";"1,27";"2,7"
"2024-03-04 11:00";"15,48";"0,000";"6,2";"0,2";"3,3"
"2024-03-04 12:00";"15,02";"0,13";"6,7";"0,02";"3,4"
"2024-03-04 13:00";"16,47";"0,000";"7,1";"0,000";"3,4"
"2024-03-04 14:00";"9,1";"0,14";"6,9";"0,000";"3,4"
"2024-03-04 15:00";"6,86";"0,17";"6,7";"0,99";"3,1"
"2024-03-04 16:00";"0,32";"1,63";"6,3";"3,01";"2,3"
"2024-03-04 17:00";"0,000";"10,34";"5,4";"11,94";"1,1"
"2024-03-04 18:00";"0,000";"14,94";"4,3";"16,36";"-0,2"
"2024-03-04 19:00";"0,000";"16,62";"3,8";"16,94";"-0,8"
"2024-03-04 20:00";"0,000";"18,27";"3,5";"15,4";"-0,9"
"2024-03-04 21:00";"0,000";"19,87";"3,000";"14,04";"-1,2"
"2024-03-04 22:00";"0,000";"18,47";"2,5";"14,22";"-0,2"
"2024-03-04 23:00";"0,000";"15,12";"2,2";"12,59";"0,1"
"2024-03-05 00:00";"0,000";"10,7";"1,3";"10,7";"-0,4"
"2024-03-05 01:00";"0,000";"9,01";"0,8";"10,91";"-1,1"
"2024-03-05 02:00";"0,000";"9,83";"0,9";"10,35";"-1,2"
"2024-03-05 03:00";"0,000";"9,21";"0,8";"7,72";"-0,5"
"2024-03-05 04:00";"0,000";"9,32";"0,4";"7,7";"-1,8"
"2024-03-05 05:00";"0,000";"9,43";"0,3";"7,84";"-2,5"
"2024-03-05 06:00";"0,000";"11,41";"0,7";"7,71";"-3,7"
"2024-03-05 07:00";"0,000";"9,55";"0,9";"6,84";"-4,000"
"2024-03-05 08:00";"0,03";"2,8";"1,5";"3,56";"-1,3"
"2024-03-05 09:00";"0,000";"6,07";"2,5";"0,57";"1,3"
"2024-03-05 10:00";"0,000";"7,27";"2,7";"0,000";"1,9"
"2024-03-05 11:00";"0,000";"5,41";"3,3";"3,9";"2,3"
"2024-03-05 12:00";"0,71";"3,08";"4,3";"1,27";"2,6"
"2024-03-05 13:00";"5,88";"2,88";"6,1";"0,15";"2,6"
"2024-03-05 14:00";"2,55";"2,55";"6,6";"0,95";"2,8"
"2024-03-05 15:00";"2,54";"0,83";"6,4";"0,42";"2,4"
"2024-03-05 16:00";"0,000";"8,78";"5,7";"0,8";"1,8"
"2024-03-05 17:00";"0,000";"8,61";"4,7";"15,62";"0,7"
"2024-03-05 18:00";"0,000";"7,12";"3,2";"30,67";"-0,8"
"2024-03-05 19:00";"0,000";"5,03";"3,000";"23,04";"-1,7"
"2024-03-05 20:00";"0,000";"5,55";"2,9";"14,75";"-2,000"
"2024-03-05 21:00";"0,000";"8,81";"1,6";"14,21";"-1,6"
"2024-03-05 22:00";"0,000";"15,3";"1,2";"16,78";"-2,3"
"2024-03-05 23:00";"0,000";"14,21";"1,3";"17,77";"-2,6"
"2024-03-06 00:00";"0,000";"13,54";"1,5";"17,88";"-3,000"
"2024-03-06 01:00";"0,000";"12,55";"1,8";"17,99";"-3,2"
"2024-03-06 02:00";"0,000";"12,8";"2,4";"18,09";"-4,1"
"2024-03-06 03:00";"0,000";"12,19";"2,8";"15,48";"-5,1"
"2024-03-06 04:00";"0,000";"12,28";"2,8";"15,1";"-5,2"
"2024-03-06 05:00";"0,000";"12,52";"2,7";"15,14";"-5,000"
"2024-03-06 06:00";"0,000";"12,25";"2,8";"15,01";"-4,6"
"2024-03-06 07:00";"0,000";"13,46";"2,9";"16,97";"-3,3"
"2024-03-06 08:00";"0,000";"14,8";"2,8";"5,05";"-0,9"
"2024-03-06 09:00";"0,000";"18,41";"2,8";"1,46";"1,1"
"2024-03-06 10:00";"0,000";"11,57";"3,2";"0,28";"2,000"
"2024-03-06 11:00";"0,01";"7,03";"3,7";"0,01";"2,2"
"2024-03-06 12:00";"0,000";"8,36";"3,8";"0,28";"2,1"
"2024-03-06 13:00";"0,000";"8,74";"4,000";"0,45";"2,1"
"2024-03-06 14:00";"0,13";"2,82";"4,5";"0,01";"2,2"
"2024-03-06 15:00";"3,89";"1,29";"5,2";"0,04";"2,4"
"2024-03-06 16:00";"1,38";"2,47";"5,3";"2,64";"2,2"
"2024-03-06 17:00";"0,000";"11,38";"4,000";"2,98";"1,000"
"2024-03-06 18:00";"0,000";"25,4";"2,6";"6,36";"0,000"
"2024-03-06 19:00";"0,000";"21,2";"1,7";"10,24";"-1,1"
"2024-03-06 20:00";"0,000";"16,000";"1,000";"19,35";"-1,4"
"2024-03-06 21:00";"0,000";"16,84";"0,1";"26,07";"-1,5"
"2024-03-06 22:00";"0,000";"11,37";"-0,5";"22,96";"-1,4"
"2024-03-06 23:00";"0,000";"6,54";"0,6";"18,47";"-1,000"
"2024-03-07 00:00";"0,000";"6,55";"0,3";"16,42";"-0,9"
"2024-03-07 01:00";"0,000";"6,78";"0,4";"14,52";"-1,1"
"2024-03-07 02:00";"0,000";"6,89";"0,2";"14,37";"-0,1"
"2024-03-07 03:00";"0,000";"6,94";"0,1";"14,32";"1,4"
"2024-03-07 04:00";"0,000";"6,56";"0,2";"14,43";"1,4"
"2024-03-07 05:00";"0,000";"7,28";"0,2";"14,42";"-0,9"
"2024-03-07 06:00";"0,000";"6,85";"-0,2";"14,46";"-3,1"
"2024-03-07 07:00";"0,000";"8,27";"-0,4";"11,08";"-3,000"
"2024-03-07 08:00";"0,000";"8,01";"-0,1";"13,62";"-2,2"
"2024-03-07 09:00";"2,26";"3,45";"0,3";"13,66";"-1,9"
"2024-03-07 10:00";"3,71";"2,52";"1,7";"17,13";"0,5"
"2024-03-07 11:00";"8,6";"0,42";"3,8";"4,73";"2,000"
"2024-03-07 12:00";"15,8";"0,000";"5,1";"10,17";"1,4"
"2024-03-07 13:00";"16,9";"0,000";"6,4";"21,55";"2,1"
"2024-03-07 14:00";"12,01";"0,22";"6,6";"12,77";"1,4"
"2024-03-07 15:00";"7,9";"0,000";"7,1";"8,1";"1,000"
"2024-03-07 16:00";"0,85";"3,4";"6,6";"10,27";"0,1"
"2024-03-07 17:00";"0,000";"7,08";"5,8";"21,19";"0,4"
"2024-03-07 18:00";"0,000";"9,82";"3,5";"12,46";"0,5"
"2024-03-07 19:00";"0,000";"11,61";"1,8";"10,64";"-0,2"
"2024-03-07 20:00";"0,000";"14,16";"0,9";"8,85";"-1,1"
"2024-03-07 21:00";"0,000";"15,04";"-0,1";"14,87";"-1,6"
"2024-03-07 22:00";"0,000";"15,7";"-1,2";"13,82";"-1,000"
"2024-03-07 23:00";"0,000";"15,31";"-1,6";"13,22";"-0,8"
"2024-03-08 00:00";"0,000";"15,7";"-2,6";"12,77";"-0,8"
"2024-03-08 01:00";"0,000";"15,98";"-2,8";"12,37";"-1,000"
"2024-03-08 02:00";"0,000";"15,61";"-3,1";"11,73";"-1,4"
"2024-03-08 03:00";"0,000";"15,98";"-3,7";"12,43";"-1,6"
"2024-03-08 04:00";"0,000";"16,39";"-2,9";"12,01";"-1,7"
"2024-03-08 05:00";"0,000";"14,06";"-3,5";"12,11";"-1,6"
"2024-03-08 06:00";"0,000";"13,13";"-3,7";"12,52";"-1,5"
"2024-03-08 07:00";"0,000";"14,97";"-2,6";"12,27";"-1,2"
"2024-03-08 08:00";"0,000";"13,81";"0,1";"7,64";"-0,2"
"2024-03-08 09:00";"0,47";"7,48";"1,5";"2,51";"0,5"
"2024-03-08 10:00";"2,25";"3,37";"2,4";"1,01";"0,9"
"2024-03-08 11:00";"13,89";"0,000";"3,3";"0,29";"1,4"
"2024-03-08 12:00";"17,33";"0,000";"4,7";"0,92";"1,5"
"2024-03-08 13:00";"4,79";"0,97";"3,4";"0,09";"2,3"
"2024-03-08 14:00";"11,93";"0,000";"4,000";"0,03";"2,3"
"2024-03-08 15:00";"6,04";"1,01";"4,4";"0,000";"2,3"
"2024-03-08 16:00";"0,1";"7,21";"4,1";"0,7";"2,000"
"2024-03-08 17:00";"0,000";"12,45";"3,7";"10,54";"1,2"
"2024-03-08 18:00";"0,000";"17,95";"2,5";"13,52";"-0,7"
"2024-03-08 19:00";"0,000";"20,31";"2,8";"25,05";"-1,5"
"2024-03-08 20:00";"0,000";"17,44";"1,9";"21,36";"-2,000"
"2024-03-08 21:00";"0,000";"13,13";"0,7";"15,07";"-2,6"
"2024-03-08 22:00";"0,000";"10,73";"-0,5";"20,98";"-3,6"
"2024-03-08 23:00";"0,000";"13,19";"-0,1";"21,57";"-4,1"
"2024-03-09 00:00";"0,000";"14,17";"0,000";"19,97";"-4,6"
"2024-03-09 01:00";"0,000";"13,32";"0,1";"16,11";"-4,1"
"2024-03-09 02:00";"0,000";"12,41";"-0,1";"15,86";"-3,3"
"2024-03-09 03:00";"0,000";"12,19";"0,000";"16,08";"-3,6"
"2024-03-09 04:00";"0,000";"13,64";"0,1";"16,13";"-3,4"
"2024-03-09 05:00";"0,000";"13,31";"0,1";"14,97";"-3,2"
"2024-03-09 06:00";"0,000";"11,65";"-0,1";"13,07";"-3,000"
"2024-03-09 07:00";"0,000";"7,35";"0,4";"15,93";"-2,3"
"2024-03-09 08:00";"0,01";"7,85";"1,000";"9,77";"-0,8"
"2024-03-09 09:00";"0,67";"9,52";"1,5";"9,19";"1,1"
"2024-03-09 10:00";"4,85";"0,45";"2,1";"3,52";"2,6"
"2024-03-09 11:00";"15,66";"0,000";"2,9";"1,46";"3,000"
"2024-03-09 12:00";"13,06";"0,000";"2,6";"0,12";"3,1"
"2024-03-09 13:00";"20,28";"0,000";"2,8";"0,3";"3,3"
"2024-03-09 14:00";"10,14";"0,000";"2,8";"0,79";"3,2"
"2024-03-09 15:00";"12,16";"0,1";"2,3";"0,03";"3,000"
"2024-03-09 16:00";"1,47";"0,73";"1,8";"1,19";"1,5"
"2024-03-09 17:00";"0,000";"5,29";"1,000";"7,68";"0,4"
"2024-03-09 18:00";"0,000";"15,22";"0,5";"11,6";"-0,1"
"2024-03-09 19:00";"0,000";"18,35";"0,8";"16,64";"-0,5"
"2024-03-09 20:00";"0,000";"15,9";"1,000";"23,68";"-0,8"
"2024-03-09 21:00";"0,000";"16,05";"1,000";"21,82";"-1,1"
"2024-03-09 22:00";"0,000";"10,84";"1,1";"17,91";"-1,6"
"2024-03-09 23:00";"0,000";"9,14";"1,2";"15,26";"-1,5"
"2024-03-10 00:00";"0,000";"8,46";"1,2";"15,06";"-1,2"
"2024-03-10 01:00";"0,000";"8,71";"1,1";"15,18";"-1,4"
"2024-03-10 02:00";"0,000";"8,74";"1,000";"15,3";"-1,7"
"2024-03-10 03:00";"0,000";"8,79";"1,1";"15,37";"-1,4"
"2024-03-10 04:00";"0,000";"9,13";"1,000";"15,49";"-1,1"
"2024-03-10 05:00";"0,000";"8,91";"1,000";"12,9";"-1,000"
"2024-03-10 06:00";"0,000";"8,79";"1,2";"10,58";"-0,8"
"2024-03-10 07:00";"0,000";"8,13";"1,3";"9,9";"-0,5"
"2024-03-10 08:00";"0,000";"12,92";"1,5";"9,19";"0,000"
"2024-03-10 09:00";"0,000";"15,38";"1,7";"9,77";"0,8"
"2024-03-10 10:00";"0,000";"9,19";"2,2";"4,55";"2,1"
"2024-03-10 11:00";"0,01";"4,7";"2,4";"1,69";"2,3"
"2024-03-10 12:00";"0,57";"1,65";"2,7";"2,2";"2,1"
"2024-03-10 13:00";"0,16";"2,64";"3,1";"2,99";"2,3"
"2024-03-10 14:00";"2,76";"0,45";"3,5";"1,59";"2,4"
"2024-03-10 15:00";"4,88";"1,27";"3,6";"0,98";"2,3"
"2024-03-10 16:00";"0,7";"7,79";"3,000";"1,98";"2,000"
"2024-03-10 17:00";"0,000";"15,25";"2,4";"9,21";"1,6"
"2024-03-10 18:00";"0,000";"21,58";"2,4";"15,6";"1,1"
"2024-03-10 19:00";"0,000";"19,87";"2,5";"14,42";"1,1"
"2024-03-10 20:00";"0,000";"20,26";"2,6";"17,23";"0,9"
"2024-03-10 21:00";"0,000";"21,94";"2,7";"15,46";"0,8"
"2024-03-10 22:00";"0,000";"19,77";"2,8";"36,08";"0,7"
"2024-03-10 23:00";"0,000";"18,22";"2,8";"18,44";"0,4"
"2024-03-11 00:00";"0,000";"18,15";"2,8";"14,4";"0,2"
"2024-03-11 01:00";"0,000";"18,16";"2,6";"14,4";"-0,1"
"2024-03-11 02:00";"0,000";"18,1";"2,7";"15,18";"-0,3"
"2024-03-11 03:00";"0,000";"17,12";"2,8";"14,62";"-0,5"
"2024-03-11 04:00";"0,000";"16,37";"2,9";"14,61";"-0,9"
"2024-03-11 05:00";"0,000";"16,05";"2,9";"15,32";"-1,1"
"2024-03-11 06:00";"0,000";"14,29";"2,9";"14,63";"-1,2"
"2024-03-11 07:00";"0,000";"12,09";"3,3";"13,11";"-1,4"
"2024-03-11 08:00";"0,000";"8,4";"4,000";"9,02";"0,000"
"2024-03-11 09:00";"0,29";"5,81";"4,6";"2,79";"0,8"
"2024-03-11 10:00";"0,31";"7,99";"4,7";"9,14";"-0,6"
"2024-03-11 11:00";"0,000";"10,93";"4,6";"2,52";"1,7"
"2024-03-11 12:00";"0,04";"8,14";"4,2";"1,39";"2,4"
"2024-03-11 13:00";"0,000";"12,48";"3,8";"0,07";"2,6"
"2024-03-11 14:00";"0,000";"10,1";"3,5";"0,91";"3,1"
"2024-03-11 15:00";"0,000";"8,35";"3,1";"5,18";"3,1"
"2024-03-11 16:00";"0,000";"14,47";"3,1";"14,14";"3,2"
"2024-03-11 17:00";"0,000";"19,53";"2,8";"20,18";"2,8"
"2024-03-11 18:00";"0,000";"13,19";"2,7";"15,01";"-0,6"
"2024-03-11 19:00";"0,000";"9,47";"2,7";"13,21";"-0,5"
"2024-03-11 20:00";"0,000";"9,74";"2,7";"14,37";"0,7"
"2024-03-11 21:00";"0,000";"12,03";"2,8";"23,29";"0,7"
"2024-03-11 22:00";"0,000";"13,26";"2,8";"18,14";"0,6"
"2024-03-11 23:00";"0,000";"8,71";"2,5";"13,28";"0,4"
"2024-03-12 00:00";"0,000";"8,06";"2,3";"11,2";"0,4"
"2024-03-12 01:00";"0,000";"5,73";"2,2";"10,86";"0,3"
"2024-03-12 02:00";"0,000";"5,94";"2,2";"11,1";"0,2"
"2024-03-12 03:00";"0,000";"5,34";"2,1";"11,14";"-0,1"
"2024-03-12 04:00";"0,000";"5,85";"1,9";"11,3";"-0,2"
"2024-03-12 05:00";"0,000";"5,9";"1,9";"12,24";"0,000"
"2024-03-12 06:00";"0,000";"5,47";"2,2";"13,11";"-0,1"
"2024-03-12 07:00";"0,000";"9,51";"2,3";"12,01";"0,2"
"2024-03-12 08:00";"0,000";"11,97";"2,6";"13,3";"1,1"
"2024-03-12 09:00";"0,000";"18,32";"2,9";"2,64";"1,7"
"2024-03-12 10:00";"0,000";"15,85";"3,1";"0,1";"2,3"
"2024-03-12 11:00";"0,000";"8,47";"3,2";"0,000";"2,7"
"2024-03-12 12:00";"0,000";"16,67";"3,6";"0,000";"3,1"
"2024-03-12 13:00";"0,000";"14,1";"3,9";"0,000";"3,2"
"2024-03-12 14:00";"0,000";"11,95";"4,2";"0,000";"3,2"
"2024-03-12 15:00";"0,000";"13,59";"4,3";"4,57";"3,4"
"2024-03-12 16:00";"0,000";"11,28";"4,2";"10,49";"3,000"
"2024-03-12 17:00";"0,000";"7,97";"3,9";"30,05";"2,5"
"2024-03-12 18:00";"0,000";"6,61";"3,6";"23,51";"1,9"
"2024-03-12 19:00";"0,000";"15,98";"3,4";"23,7";"1,6"
"2024-03-12 20:00";"0,000";"25,57";"3,2";"24,12";"0,1"
"2024-03-12 21:00";"0,000";"23,92";"3,2";"12,78";"-0,9"
"2024-03-12 22:00";"0,000";"24,93";"3,000";"11,12";"-0,7"
"2024-03-12 23:00";"0,000";"19,45";"2,8";"10,39";"-1,3"
"2024-03-13 00:00";"0,000";"19,01";"2,6";"10,62";"-1,8"
"2024-03-13 01:00";"0,000";"18,94";"2,5";"10,61";"-1,8"
"2024-03-13 02:00";"0,000";"18,83";"2,4";"10,51";"-1,3"
"2024-03-13 03:00";"0,000";"19,05";"2,1";"10,3";"-0,2"
"2024-03-13 04:00";"0,000";"19,26";"1,9";"10,33";"0,9"
"2024-03-13 05:00";"0,000";"18,52";"1,7";"10,26";"1,3"
"2024-03-13 06:00";"0,000";"17,65";"1,7";"10,24";"1,5"
"2024-03-13 07:00";"0,000";"17,92";"1,8";"15,49";"1,5"
"2024-03-13 08:00";"0,000";"16,95";"2,2";"15,82";"1,7"
"2024-03-13 09:00";"0,000";"16,88";"2,6";"15,61";"1,7"
"2024-03-13 10:00";"0,000";"13,47";"2,8";"12,3";"2,1"
"2024-03-13 11:00";"0,000";"9,37";"3,000";"9,53";"2,6"
"2024-03-13 12:00";"0,000";"11,92";"3,3";"14,7";"3,1"
"2024-03-13 13:00";"0,01";"9,77";"4,5";"11,56";"4,3"
"2024-03-13 14:00";"0,000";"8,02";"6,000";"8,87";"7,5"
"2024-03-13 15:00";"0,000";"11,63";"6,3";"8,55";"9,5"
"2024-03-13 16:00";"0,000";"17,35";"6,5";"11,72";"9,9"
"2024-03-13 17:00";"0,000";"19,33";"6,000";"14,21";"9,5"
"2024-03-13 18:00";"0,000";"18,75";"3,9";"19,37";"9,1"
"2024-03-13 19:00";"0,000";"20,32";"2,8";"11,33";"8,8"
"2024-03-13 20:00";"0,000";"22,83";"2,9";"11,05";"9,6"
"2024-03-13 21:00";"0,000";"17,13";"4,5";"15,53";"9,4"
"2024-03-13 22:00";"0,000";"15,31";"5,4";"18,44";"10,000"
"2024-03-13 23:00";"0,000";"13,28";"5,9";"13,65";"9,1"
"2024-03-14 00:00";"0,000";"9,36";"5,5";"10,67";"9,3"
"2024-03-14 01:00";"0,000";"9,82";"5,6";"8,67";"8,7"
"2024-03-14 02:00";"0,000";"8,91";"5,1";"9,34";"8,1"
"2024-03-14 03:00";"0,000";"9,26";"4,5";"8,79";"8,1"
"2024-03-14 04:00";"0,000";"9,32";"4,1";"8,83";"8,5"
"2024-03-14 05:00";"0,000";"8,76";"4,5";"9,44";"8,000"
"2024-03-14 06:00";"0,000";"8,64";"7,3";"8,5";"8,2"
"2024-03-14 07:00";"0,000";"6,09";"7,5";"9,1";"7,8"
"2024-03-14 08:00";"0,000";"5,5";"7,4";"4,09";"7,9"
"2024-03-14 09:00";"0,000";"9,65";"-2,000";"4,05";"8,4"
"2024-03-14 10:00";"0,000";"19,08";"9,1";"4,65";"7,6"
"2024-03-14 11:00";"0,000";"16,27";"9,3";"3,62";"2,5"
"2024-03-14 12:00";"0,000";"11,87";"9,7";"5,62";"2,2"
"2024-03-14 13:00";"0,000";"5,99";"9,8";"2,6";"3,2"
"2024-03-14 14:00";"0,000";"7,52";"10,000";"1,8";"4,6"
"2024-03-14 15:00";"0,000";"10,35";"10,000";"7,21";"5,1"
"2024-03-14 16:00";"0,000";"12,31";"9,9";"10,55";"4,9"
"2024-03-14 17:00";"0,000";"10,67";"10,000";"16,01";"4,7"
"2024-03-14 18:00";"0,000";"10,45";"9,6";"9,98";"4,2"
"2024-03-14 19:00";"0,000";"11,96";"8,7";"20,02";"3,5"
"2024-03-14 20:00";"0,000";"12,58";"7,3";"22,89";"3,1"
"2024-03-14 21:00";"0,000";"11,4";"6,9";"19,32";"2,5"
"2024-03-14 22:00";"0,000";"9,33";"7,6";"19,37";"2,2"
"2024-03-14 23:00";"0,000";"8,69";"7,4";"18,33";"0,9"
"2024-03-15 00:00";"0,000";"9,000";"7,3";"17,43";"-0,1"
"2024-03-15 01:00";"0,000";"8,97";"7,6";"17,2";"0,6"
"2024-03-15 02:00";"0,000";"8,57";"7,2";"15,89";"1,000"
"2024-03-15 03:00";"0,000";"9,08";"7,4";"11,8";"1,000"
"2024-03-15 04:00";"0,000";"8,6";"7,3";"10,47";"1,3"
"2024-03-15 05:00";"0,000";"9,19";"7,1";"10,79";"1,4"
"2024-03-15 06:00";"0,000";"9,89";"6,6";"9,54";"1,3"
"2024-03-15 07:00";"0,000";"9,17";"7,4";"10,47";"1,5"
"2024-03-15 08:00";"0,000";"11,08";"8,7";"5,65";"1,9"
"2024-03-15 09:00";"0,000";"14,15";"9,6";"1,96";"2,7"
"2024-03-15 10:00";"0,000";"17,58";"9,7";"0,31";"3,5"
"2024-03-15 11:00";"0,000";"15,72";"10,2";"0,11";"4,3"
"2024-03-15 12:00";"0,14";"5,3";"10,8";"0,25";"4,5"
"2024-03-15 13:00";"0,21";"8,48";"10,7";"0,11";"4,9"
"2024-03-15 14:00";"0,15";"7,99";"11,1";"0,61";"5,3"
"2024-03-15 15:00";"0,000";"11,77";"10,2";"0,02";"5,3"
"2024-03-15 16:00";"0,000";"11,64";"10,3";"0,02";"5,1"
"2024-03-15 17:00";"0,000";"16,27";"10,5";"10,01";"4,000"
"2024-03-15 18:00";"0,000";"14,15";"10,2";"22,87";"2,7"
"2024-03-15 19:00";"0,000";"12,2";"10,1";"24,59";"2,7"
"2024-03-15 20:00";"0,000";"15,46";"9,9";"15,3";"-0,4"
"2024-03-15 21:00";"0,000";"14,75";"10,1";"16,83";"-1,9"
"2024-03-15 22:00";"0,000";"11,55";"10,1";"12,04";"-0,9"
"2024-03-15 23:00";"0,000";"11,76";"9,5";"12,5";"1,2"
"2024-03-16 00:00";"0,000";"11,3";"9,2";"12,19";"1,5"
"2024-03-16 01:00";"0,000";"11,66";"9,4";"10,98";"0,8"
"2024-03-16 02:00";"0,000";"10,94";"9,3";"9,77";"-0,6"
"2024-03-16 03:00";"0,000";"8,26";"9,1";"9,84";"0,000"
"2024-03-16 04:00";"0,000";"7,74";"8,8";"9,94";"-0,5"
"2024-03-16 05:00";"0,000";"8,33";"8,8";"9,96";"-1,7"
"2024-03-16 06:00";"0,000";"7,64";"8,9";"10,29";"-2,000"
"2024-03-16 07:00";"0,000";"5,2";"9,000";"9,9";"-1,4"
"2024-03-16 08:00";"0,000";"2,37";"8,3";"4,82";"0,3"
"2024-03-16 09:00";"0,01";"4,11";"6,4";"2,4";"2,8"
"2024-03-16 10:00";"0,23";"4,14";"6,6";"0,04";"4,4"
"2024-03-16 11:00";"13,01";"0,04";"7,4";"0,000";"5,8"
"2024-03-16 12:00";"23,42";"0,02";"7,8";"0,000";"6,6"
"2024-03-16 13:00";"28,96";"0,000";"8,2";"0,000";"6,6"
"2024-03-16 14:00";"24,49";"0,000";"8,3";"1,45";"6,000"
"2024-03-16 15:00";"6,97";"3,52";"7,8";"0,13";"5,7"
"2024-03-16 16:00";"0,000";"6,77";"7,000";"0,11";"5,2"
"2024-03-16 17:00";"0,000";"3,24";"6,3";"1,79";"4,3"
"2024-03-16 18:00";"0,000";"6,27";"5,8";"6,87";"3,4"
"2024-03-16 19:00";"0,000";"8,02";"5,3";"9,94";"2,8"
"2024-03-16 20:00";"0,000";"8,12";"3,8";"11,64";"3,000"
"2024-03-16 21:00";"0,000";"8,02";"2,9";"14,06";"3,1"
"2024-03-16 22:00";"0,000";"8,66";"2,9";"10,35";"3,1"
"2024-03-16 23:00";"0,000";"11,77";"2,6";"6,52";"3,4"
"2024-03-17 00:00";"0,000";"12,26";"2,4";"9,31";"3,8"
"2024-03-17 01:00";"0,000";"12,32";"2,3";"9,42";"3,8"
"2024-03-17 02:00";"0,000";"12,45";"1,8";"6,35";"3,9"
"2024-03-17 03:00";"0,000";"12,61";"0,9";"6,25";"3,9"
"2024-03-17 04:00";"0,000";"12,85";"0,1";"6,24";"3,9"
"2024-03-17 05:00";"0,000";"12,96";"0,2";"6,43";"4,3"
"2024-03-17 06:00";"0,000";"12,51";"0,7";"6,89";"4,3"
"2024-03-17 07:00";"0,000";"10,59";"0,8";"7,7";"4,4"
"2024-03-17 08:00";"1,48";"4,45";"1,000";"9,5";"4,5"
"2024-03-17 09:00";"6,33";"0,09";"1,7";"19,27";"4,7"
"2024-03-17 10:00";"16,13";"0,03";"2,3";"9,89";"5,5"
"2024-03-17 11:00";"18,23";"0,000";"3,3";"1,21";"6,4"
"2024-03-17 12:00";"19,78";"0,000";"4,5";"0,49";"6,6"
"2024-03-17 13:00";"13,66";"0,000";"5,3";"8,82";"7,000"
"2024-03-17 14:00";"20,1";"0,000";"5,9";"10,92";"7,2"
"2024-03-17 15:00";"17,1";"0,000";"6,4";"7,13";"7,3"
"2024-03-17 16:00";"3,19";"0,64";"5,4";"2,45";"7,2"
"2024-03-17 17:00";"0,000";"18,53";"3,8";"6,76";"7,2"
"2024-03-17 18:00";"0,000";"24,28";"2,2";"11,49";"6,7"
"2024-03-17 19:00";"0,000";"18,75";"1,1";"10,12";"6,7"
"2024-03-17 20:00";"0,000";"26,6";"-0,3";"8,55";"6,6"
"2024-03-17 21:00";"0,000";"19,78";"-0,5";"15,17";"7,000"
"2024-03-17 22:00";"0,000";"15,78";"0,6";"12,2";"6,6"
"2024-03-17 23:00";"0,000";"16,61";"0,7";"5,32";"6,3"
"2024-03-18 00:00";"0,000";"16,73";"0,2";"8,76";"6,2"
"2024-03-18 01:00";"0,000";"13,96";"-0,4";"9,55";"6,2"
"2024-03-18 02:00";"0,000";"13,23";"-0,9";"8,93";"6,1"
"2024-03-18 03:00";"0,000";"13,36";"-1,3";"8,91";"6,000"
"2024-03-18 04:00";"0,000";"13,45";"-1,6";"8,96";"5,5"
"2024-03-18 05:00";"0,000";"13,54";"-1,8";"11,05";"4,4"
"2024-03-18 06:00";"0,000";"13,51";"-2,000";"8,83";"3,2"
"2024-03-18 07:00";"0,000";"13,98";"-1,6";"7,71";"2,4"
"2024-03-18 08:00";"0,01";"7,38";"-0,5";"7,85";"1,8"
"2024-03-18 09:00";"4,85";"1,24";"0,5";"7,04";"1,8"
"2024-03-18 10:00";"11,29";"0,01";"1,5";"12,03";"1,9"
"2024-03-18 11:00";"11,64";"0,5";"2,4";"4,97";"3,9"
"2024-03-18 12:00";"15,54";"0,21";"3,000";"0,16";"6,8"
"2024-03-18 13:00";"22,77";"0,03";"3,000";"0,29";"8,2"
"2024-03-18 14:00";"22,96";"0,000";"3,2";"0,01";"8,4"
"2024-03-18 15:00";"16,84";"0,000";"3,1";"2,71";"8,6"
"2024-03-18 16:00";"1,98";"1,49";"2,4";"16,04";"8,8"
"2024-03-18 17:00";"0,000";"8,47";"1,1";"19,000";"8,4"
"2024-03-18 18:00";"0,000";"10,77";"0,000";"29,18";"7,2"
"2024-03-18 19:00";"0,000";"16,39";"-0,8";"26,52";"4,9"
"2024-03-18 20:00";"0,000";"16,98";"-1,000";"24,15";"3,3"
"2024-03-18 21:00";"0,000";"17,17";"-0,3";"14,79";"2,2"
"2024-03-18 22:00";"0,000";"16,09";"-0,1";"14,72";"1,1"
"2024-03-18 23:00";"0,000";"15,97";"0,000";"6,1";"0,000"
"2024-03-19 00:00";"0,000";"13,18";"0,1";"5,5";"-0,2"
"2024-03-19 01:00";"0,000";"12,67";"0,2";"5,7";"1,2"
"2024-03-19 02:00";"0,000";"12,88";"0,4";"5,55";"1,7"
"2024-03-19 03:00";"0,000";"12,21";"0,1";"6,01";"2,1"
"2024-03-19 04:00";"0,000";"9,84";"0,4";"5,64";"1,9"
"2024-03-19 05:00";"0,000";"9,52";"0,3";"5,67";"1,2"
"2024-03-19 06:00";"0,000";"11,55";"0,5";"5,32";"0,9"
"2024-03-19 07:00";"0,000";"6,07";"1,000";"2,76";"1,5"
"2024-03-19 08:00";"0,03";"5,09";"2,1";"6,25";"1,9"
"2024-03-19 09:00";"2,32";"1,04";"3,000";"16,04";"2,6"
"2024-03-19 10:00";"7,24";"1,18";"4,1";"6,66";"3,3"
"2024-03-19 11:00";"18,4";"0,000";"5,1";"5,77";"4,000"
"2024-03-19 12:00";"8,42";"1,07";"5,1";"3,79";"4,6"
"2024-03-19 13:00";"17,21";"0,31";"4,9";"0,31";"7,8"
"2024-03-19 14:00";"10,23";"0,87";"4,9";"1,66";"9,4"
"2024-03-19 15:00";"1,36";"3,36";"4,6";"0,02";"9,9"
"2024-03-19 16:00";"0,13";"5,96";"4,000";"0,63";"10,4"
"2024-03-19 17:00";"0,01";"12,94";"3,8";"22,11";"9,4"
"2024-03-19 18:00";"0,000";"25,67";"3,5";"29,07";"6,7"
"2024-03-19 19:00";"0,000";"21,13";"3,2";"20,82";"5,000"
"2024-03-19 20:00";"0,000";"19,22";"3,2";"17,57";"3,3"
"2024-03-19 21:00";"0,000";"15,99";"3,3";"18,77";"3,7"
"2024-03-19 22:00";"0,000";"15,94";"3,4";"12,54";"4,000"
"2024-03-19 23:00";"0,000";"10,33";"3,7";"12,14";"3,6"
"2024-03-20 00:00";"0,000";"8,61";"3,9";"12,15";"3,8"
"2024-03-20 01:00";"0,000";"8,97";"4,3";"9,7";"3,9"
"2024-03-20 02:00";"0,000";"8,49";"4,5";"6,12";"3,2"
"2024-03-20 03:00";"0,000";"8,4";"4,2";"5,18";"2,3"
"2024-03-20 04:00";"0,000";"9,36";"3,8";"5,18";"1,9"
"2024-03-20 05:00";"0,000";"6,43";"4,000";"5,23";"2,000"
"2024-03-20 06:00";"0,000";"4,82";"4,3";"5,32";"2,1"
"2024-03-20 07:00";"0,000";"7,8";"4,7";"8,01";"2,1"
"2024-03-20 08:00";"0,000";"8,26";"5,3";"4,96";"2,1"
"2024-03-20 09:00";"0,000";"12,49";"6,1";"6,54";"2,1"
"2024-03-20 10:00";"0,29";"6,78";"6,5";"11,43";"2,1"
"2024-03-20 11:00";"1,05";"6,77";"6,3";"11,09";"2,1"
"2024-03-20 12:00";"0,37";"6,33";"6,9";"6,25";"2,1"
"2024-03-20 13:00";"0,65";"5,28";"7,3";"9,75";"2,2"
"2024-03-20 14:00";"0,45";"6,57";"7,4";"5,68";"2,2"
"2024-03-20 15:00";"0,000";"9,87";"7,7";"6,31";"2,4"
"2024-03-20 16:00";"0,000";"5,09";"7,7";"20,61";"4,6"
"2024-03-20 17:00";"0,000";"11,66";"7,6";"19,2";"4,1"
"2024-03-20 18:00";"0,000";"16,31";"6,7";"12,55";"4,3"
"2024-03-20 19:00";"0,000";"10,56";"6,1";"14,35";"3,6"
"2024-03-20 20:00";"0,000";"20,65";"5,5";"20,97";"3,000"
"2024-03-20 21:00";"0,000";"18,000";"4,4";"20,01";"1,4"
"2024-03-20 22:00";"0,000";"13,94";"3,8";"20,91";"0,3"
"2024-03-20 23:00";"0,000";"13,08";"2,8";"17,88";"-0,8"
"2024-03-21 00:00";"0,000";"11,97";"3,8";"15,67";"-1,3"
"2024-03-21 01:00";"0,000";"12,3";"4,000";"13,82";"-1,6"
"2024-03-21 02:00";"0,000";"11,74";"4,000";"12,7";"-2,000"
"2024-03-21 03:00";"0,000";"12,17";"4,1";"10,14";"-2,4"
"2024-03-21 04:00";"0,000";"8,91";"4,1";"9,8";"-2,5"
"2024-03-21 05:00";"0,000";"8,26";"4,7";"9,46";"-2,9"
"2024-03-21 06:00";"0,000";"8,54";"4,4";"6,18";"-2,5"
"2024-03-21 07:00";"0,000";"7,97";"4,5";"11,14";"-2,000"
"2024-03-21 08:00";"0,000";"7,53";"5,1";"12,53";"-1,1"
"2024-03-21 09:00";"0,4";"4,21";"6,3";"4,05";"0,2"
"2024-03-21 10:00";"0,69";"10,48";"6,9";"3,05";"2,3"
"2024-03-21 11:00";"2,99";"1,88";"8,1";"2,17";"2,000"
"2024-03-21 12:00";"1,39";"2,18";"8,5";"5,67";"2,4"
"2024-03-21 13:00";"1,04";"2,14";"8,6";"10,4";"1,7"
"2024-03-21 14:00";"1,2";"1,4";"8,4";"9,06";"2,1"
"2024-03-21 15:00";"0,16";"3,47";"8,5";"9,98";"2,7"
"2024-03-21 16:00";"1,56";"1,25";"7,9";"11,8";"3,3"
"2024-03-21 17:00";"0,000";"5,4";"7,1";"27,9";"3,2"
"2024-03-21 18:00";"0,000";"11,74";"6,2";"30,62";"3,2"
"2024-03-21 19:00";"0,000";"13,58";"5,2";"15,67";"3,2"
"2024-03-21 20:00";"0,000";"12,93";"4,4";"11,07";"3,5"
"2024-03-21 21:00";"0,000";"11,99";"4,8";"12,02";"3,8"
"2024-03-21 22:00";"0,000";"11,54";"5,8";"11,88";"4,000"
"2024-03-21 23:00";"0,000";"12,14";"6,4";"12,47";"4,1"
"2024-03-22 00:00";"0,000";"11,66";"6,1";"11,97";"3,9"
"2024-03-22 01:00";"0,000";"12,47";"5,7";"12,48";"4,000"
"2024-03-22 02:00";"0,000";"11,44";"5,6";"11,87";"3,8"
"2024-03-22 03:00";"0,000";"8,3";"5,7";"12,42";"3,6"
"2024-03-22 04:00";"0,000";"8,83";"6,000";"11,89";"3,6"
"2024-03-22 05:00";"0,000";"8,18";"6,2";"11,9";"3,6"
"2024-03-22 06:00";"0,000";"6,67";"6,1";"12,16";"3,5"
"2024-03-22 07:00";"0,000";"7,18";"6,4";"10,48";"3,4"
"2024-03-22 08:00";"0,000";"4,86";"6,8";"4,72";"3,9"
"2024-03-22 09:00";"0,000";"5,67";"7,1";"2,87";"7,1"
"2024-03-22 10:00";"0,000";"20,33";"7,4";"5,93";"7,9"
"2024-03-22 11:00";"0,000";"15,13";"7,5";"6,06";"7,4"
"2024-03-22 12:00";"0,000";"12,86";"7,8";"10,36";"6,6"
"2024-03-22 13:00";"0,000";"9,6";"7,8";"11,55";"6,4"
"2024-03-22 14:00";"0,000";"7,45";"7,7";"7,28";"7,1"
"2024-03-22 15:00";"2,91";"4,03";"8,7";"4,62";"7,6"
"2024-03-22 16:00";"2,26";"10,06";"8,9";"3,47";"8,5"
"2024-03-22 17:00";"0,000";"16,49";"8,5";"4,3";"9,1"
"2024-03-22 18:00";"0,000";"10,4";"7,4";"6,66";"8,3"
"2024-03-22 19:00";"0,000";"21,86";"6,5";"22,68";"7,5"
"2024-03-22 20:00";"0,000";"24,67";"6,3";"16,88";"5,8"
"2024-03-22 21:00";"0,000";"25,2";"6,2";"12,17";"4,5"
"2024-03-22 22:00";"0,000";"18,13";"5,4";"8,52";"4,4"
"2024-03-22 23:00";"0,000";"16,81";"4,8";"8,87";"4,1"
"2024-03-23 00:00";"0,000";"16,82";"5,1";"8,64";"4,5"
"2024-03-23 01:00";"0,000";"16,72";"4,7";"8,13";"6,9"
"2024-03-23 02:00";"0,000";"16,02";"4,5";"8,64";"7,3"
"2024-03-23 03:00";"0,000";"14,6";"4,000";"8,19";"6,9"
"2024-03-23 04:00";"0,000";"12,37";"3,9";"8,73";"6,000"
"2024-03-23 05:00";"0,000";"10,83";"3,7";"8,31";"4,9"
"2024-03-23 06:00";"0,000";"8,06";"3,7";"8,67";"4,4"
"2024-03-23 07:00";"0,000";"5,58";"4,4";"9,2";"5,6"
"2024-03-23 08:00";"0,24";"2,48";"5,000";"8,8";"7,1"
"2024-03-23 09:00";"4,86";"1,04";"5,8";"6,46";"9,1"
"2024-03-23 10:00";"2,46";"7,14";"6,5";"8,11";"7,8"
"2024-03-23 11:00";"2,78";"3,42";"7,4";"5,29";"7,6"
"2024-03-23 12:00";"4,04";"0,77";"8,7";"2,96";"10,1"
"2024-03-23 13:00";"11,58";"0,000";"8,3";"0,43";"10,6"
"2024-03-23 14:00";"6,34";"0,15";"6,9";"0,19";"10,6"
"2024-03-23 15:00";"13,3";"0,03";"7,000";"1,55";"11,000"
"2024-03-23 16:00";"1,25";"1,27";"6,4";"2,77";"10,1"
"2024-03-23 17:00";"0,04";"7,1";"6,2";"8,36";"9,4"
"2024-03-23 18:00";"0,000";"11,52";"5,7";"6,9";"8,5"
"2024-03-23 19:00";"0,000";"18,63";"5,4";"8,94";"7,7"
"2024-03-23 20:00";"0,000";"20,29";"4,9";"7,43";"7,1"
"2024-03-23 21:00";"0,000";"16,36";"4,7";"5,5";"6,2"
"2024-03-23 22:00";"0,000";"15,17";"4,5";"7,87";"6,4"
"2024-03-23 23:00";"0,000";"11,94";"4,6";"9,13";"5,9"
"2024-03-24 00:00";"0,000";"12,43";"4,4";"9,17";"5,9"
"2024-03-24 01:00";"0,000";"11,68";"4,3";"9,1";"6,1"
"2024-03-24 02:00";"0,000";"11,35";"4,4";"9,1";"5,9"
"2024-03-24 03:00";"0,000";"8,45";"4,4";"11,59";"5,6"
"2024-03-24 04:00";"0,000";"9,46";"4,2";"9,16";"5,3"
"2024-03-24 05:00";"0,000";"8,67";"4,1";"8,46";"5,6"
"2024-03-24 06:00";"0,000";"8,26";"4,000";"5,44";"5,000"
"2024-03-24 07:00";"0,000";"7,22";"4,1";"4,63";"4,6"
"2024-03-24 08:00";"0,03";"5,81";"4,2";"12,53";"4,5"
"2024-03-24 09:00";"0,14";"3,16";"4,6";"16,48";"4,9"
"2024-03-24 10:00";"0,03";"10,41";"4,6";"20,95";"5,5"
"2024-03-24 11:00";"0,02";"7,41";"4,9";"2,73";"8,4"
"2024-03-24 12:00";"0,59";"5,43";"5,4";"1,94";"9,9"
"2024-03-24 13:00";"0,09";"6,31";"6,2";"6,5";"9,8"
"2024-03-24 14:00";"2,19";"0,46";"6,5";"1,53";"10,3"
"2024-03-24 15:00";"0,31";"9,45";"6,5";"5,16";"10,2"
"2024-03-24 16:00";"0,000";"14,43";"6,4";"2,36";"9,7"
"2024-03-24 17:00";"0,000";"18,97";"6,3";"4,84";"9,1"
"2024-03-24 18:00";"0,000";"24,58";"5,7";"11,4";"8,2"
"2024-03-24 19:00";"0,000";"22,75";"5,2";"12,81";"7,6"
"2024-03-24 20:00";"0,000";"23,89";"5,000";"16,65";"7,3"
"2024-03-24 21:00";"0,000";"15,24";"4,8";"18,43";"7,5"
"2024-03-24 22:00";"0,000";"16,66";"4,5";"18,2";"7,1"
"2024-03-24 23:00";"0,000";"12,95";"4,3";"16,06";"6,7"
"2024-03-25 00:00";"0,000";"11,43";"4,000";"15,57";"6,4"
"2024-03-25 01:00";"0,000";"9,16";"3,8";"12,96";"6,3"
"2024-03-25 02:00";"0,000";"8,74";"3,9";"11,45";"5,6"
"2024-03-25 03:00";"0,000";"9,000";"3,6";"9,48";"5,3"
"2024-03-25 04:00";"0,000";"7,45";"3,7";"9,45";"5,5"
"2024-03-25 05:00";"0,000";"5,25";"3,6";"9,06";"6,000"
"2024-03-25 06:00";"0,000";"5,16";"3,6";"5,000";"5,5"
"2024-03-25 07:00";"0,17";"3,07";"4,3";"5,05";"5,8"
"2024-03-25 08:00";"0,89";"3,08";"5,1";"6,84";"6,3"
"2024-03-25 09:00";"1,62";"4,67";"5,7";"8,16";"7,3"
"2024-03-25 10:00";"4,74";"2,22";"6,7";"7,43";"6,3"
"2024-03-25 11:00";"9,38";"0,88";"6,8";"7,96";"7,5"
"2024-03-25 12:00";"0,45";"5,31";"6,3";"16,45";"8,9"
"2024-03-25 13:00";"1,98";"1,59";"6,3";"2,75";"9,8"
"2024-03-25 14:00";"1,44";"6,73";"6,5";"0,01";"9,7"
"2024-03-25 15:00";"0,03";"13,15";"6,3";"0,19";"9,4"
"2024-03-25 16:00";"0,39";"10,49";"6,1";"1,63";"8,4"
"2024-03-25 17:00";"0,000";"9,52";"6,000";"5,02";"8,000"
"2024-03-25 18:00";"0,000";"17,52";"5,5";"9,22";"7,5"
"2024-03-25 19:00";"0,000";"12,38";"4,3";"17,04";"6,7"
"2024-03-25 20:00";"0,000";"11,29";"3,3";"17,72";"6,5"
"2024-03-25 21:00";"0,000";"16,92";"3,2";"18,11";"6,3"
"2024-03-25 22:00";"0,000";"14,44";"3,1";"12,16";"5,6"
"2024-03-25 23:00";"0,000";"9,000";"2,7";"12,68";"5,000"
"2024-03-26 00:00";"0,000";"9,43";"2,4";"12,84";"4,6"
"2024-03-26 01:00";"0,000";"9,44";"2,5";"12,14";"3,6"
"2024-03-26 02:00";"0,000";"9,64";"2,000";"12,22";"3,5"
"2024-03-26 03:00";"0,000";"9,19";"1,9";"12,38";"3,4"
"2024-03-26 04:00";"0,000";"10,04";"1,9";"13,09";"3,8"
"2024-03-26 05:00";"0,000";"9,19";"2,2";"11,5";"3,4"
"2024-03-26 06:00";"0,000";"10,48";"2,8";"9,23";"4,6"
"2024-03-26 07:00";"0,01";"13,17";"3,4";"5,46";"4,4"
"2024-03-26 08:00";"2,14";"2,9";"4,7";"2,73";"4,4"
"2024-03-26 09:00";"5,9";"1,89";"7,2";"3,1";"4,7"
"2024-03-26 10:00";"11,86";"0,27";"8,7";"5,99";"5,4"
"2024-03-26 11:00";"8,83";"0,38";"8,5";"3,06";"5,4"
"2024-03-26 12:00";"3,69";"4,98";"8,4";"2,88";"5,5"
"2024-03-26 13:00";"5,58";"5,71";"8,7";"8,39";"5,8"
"2024-03-26 14:00";"11,87";"0,85";"8,8";"9,03";"3,8"
"2024-03-26 15:00";"14,26";"0,06";"8,6";"5,23";"3,000"
"2024-03-26 16:00";"3,1";"1,74";"8,2";"8,25";"2,4"
"2024-03-26 17:00";"0,000";"10,44";"7,7";"18,000";"2,5"
"2024-03-26 18:00";"0,000";"15,52";"6,6";"20,94";"1,9"
"2024-03-26 19:00";"0,000";"17,17";"5,6";"31,44";"1,1"
"2024-03-26 20:00";"0,000";"14,77";"5,6";"20,18";"1,1"
"2024-03-26 21:00";"0,000";"15,4";"5,6";"20,29";"1,1"
"2024-03-26 22:00";"0,000";"16,51";"5,9";"20,44";"1,000"
"2024-03-26 23:00";"0,000";"15,1";"7,000";"20,53";"0,6"
"2024-03-27 00:00";"0,000";"14,26";"7,4";"17,42";"0,2"
"2024-03-27 01:00";"0,000";"14,25";"7,6";"18,27";"-0,5"
"2024-03-27 02:00";"0,000";"14,31";"7,1";"18,54";"-0,5"
"2024-03-27 03:00";"0,000";"14,36";"6,5";"16,35";"-0,6"
"2024-03-27 04:00";"0,000";"14,57";"6,000";"16,29";"-0,9"
"2024-03-27 05:00";"0,000";"14,39";"6,1";"14,67";"-1,000"
"2024-03-27 06:00";"0,000";"12,95";"6,2";"11,13";"-1,5"
"2024-03-27 07:00";"0,000";"12,85";"6,9";"7,24";"-1,7"
"2024-03-27 08:00";"0,54";"2,41";"8,1";"7,27";"-0,7"
"2024-03-27 09:00";"6,57";"0,46";"9,7";"4,62";"0,3"
"2024-03-27 10:00";"8,59";"0,63";"10,3";"3,53";"1,1"
"2024-03-27 11:00";"8,7";"1,62";"11,1";"5,5";"1,2"
"2024-03-27 12:00";"15,11";"0,03";"12,1";"2,36";"0,4"
"2024-03-27 13:00";"23,37";"0,000";"12,6";"0,39";"-0,3"
"2024-03-27 14:00";"19,75";"0,000";"13,1";"0,32";"1,9"
"2024-03-27 15:00";"14,000";"0,000";"12,7";"1,66";"2,7"
"2024-03-27 16:00";"3,34";"0,01";"11,6";"2,64";"2,8"
"2024-03-27 17:00";"0,37";"4,21";"10,2";"4,61";"0,3"
"2024-03-27 18:00";"0,000";"21,33";"8,5";"1,38";"-1,8"
"2024-03-27 19:00";"0,000";"18,93";"7,9";"2,43";"-2,7"
"2024-03-27 20:00";"0,000";"19,52";"7,9";"12,42";"-2,3"
"2024-03-27 21:00";"0,000";"17,29";"7,8";"14,86";"-0,3"
"2024-03-27 22:00";"0,000";"16,56";"7,5";"13,84";"-1,000"
"2024-03-27 23:00";"0,000";"16,46";"7,5";"11,48";"-1,5"
"2024-03-28 00:00";"0,000";"16,36";"7,6";"9,09";"-1,6"
"2024-03-28 01:00";"0,000";"16,21";"7,4";"7,27";"-1,8"
"2024-03-28 02:00";"0,000";"13,69";"7,4";"7,44";"-2,000"
"2024-03-28 03:00";"0,000";"11,36";"7,1";"7,49";"-1,8"
"2024-03-28 04:00";"0,000";"10,89";"7,3";"7,76";"-2,2"
"2024-03-28 05:00";"0,000";"8,05";"7,9";"8,36";"-2,9"
"2024-03-28 06:00";"0,000";"6,73";"8,4";"14,5";"-3,8"
"2024-03-28 07:00";"0,000";"6,86";"8,5";"14,66";"-3,5"
"2024-03-28 08:00";"2,52";"4,35";"9,000";"7,87";"-1,6"
"2024-03-28 09:00";"3,75";"0,84";"11,1";"1,91";"-0,2"
"2024-03-28 10:00";"9,05";"0,23";"13,3";"0,03";"1,2"
"2024-03-28 11:00";"3,9";"2,65";"13,1";"0,000";"2,000"
"2024-03-28 12:00";"0,04";"10,52";"11,1";"0,000";"2,7"
"2024-03-28 13:00";"0,01";"11,29";"10,2";"0,000";"3,1"
"2024-03-28 14:00";"0,06";"12,23";"8,9";"0,12";"3,6"
"2024-03-28 15:00";"0,000";"13,5";"6,9";"0,13";"3,9"
"2024-03-28 16:00";"0,000";"10,01";"7,4";"5,09";"4,000"
"2024-03-28 17:00";"0,000";"10,35";"7,8";"11,17";"4,000"
"2024-03-28 18:00";"0,000";"17,98";"7,8";"7,68";"3,6"
"2024-03-28 19:00";"0,000";"20,49";"7,1";"9,01";"1,8"
"2024-03-28 20:00";"0,000";"16,01";"6,3";"11,28";"1,7"
"2024-03-28 21:00";"0,000";"11,81";"6,5";"15,95";"1,9"
"2024-03-28 22:00";"0,000";"5,38";"6,6";"16,08";"1,9"
"2024-03-28 23:00";"0,000";"5,07";"6,3";"16,11";"2,3"
"2024-03-29 00:00";"0,000";"4,5";"6,000";"18,66";"2,2"
"2024-03-29 01:00";"0,000";"4,57";"5,3";"19,47";"2,6"
"2024-03-29 02:00";"0,000";"5,24";"5,5";"17,77";"2,8"
"2024-03-29 03:00";"0,000";"4,8";"5,9";"16,42";"2,8"
"2024-03-29 04:00";"0,000";"5,52";"5,7";"14,61";"3,1"
"2024-03-29 05:00";"0,000";"4,81";"5,000";"13,45";"3,1"
"2024-03-29 06:00";"0,000";"3,51";"5,000";"11,87";"3,000"
"2024-03-29 07:00";"0,17";"2,47";"6,5";"11,63";"2,6"
"2024-03-29 08:00";"0,81";"3,39";"7,9";"16,000";"2,6"
"2024-03-29 09:00";"3,79";"1,57";"9,2";"17,41";"2,8"
"2024-03-29 10:00";"7,97";"0,06";"9,6";"11,67";"2,7"
"2024-03-29 11:00";"9,93";"0,02";"9,2";"8,62";"3,000"
"2024-03-29 12:00";"12,66";"0,000";"9,8";"6,48";"4,000"
"2024-03-29 13:00";"0,82";"2,66";"9,000";"2,22";"4,8"
"2024-03-29 14:00";"0,18";"8,7";"8,4";"1,04";"5,3"
"2024-03-29 15:00";"0,07";"10,83";"8,000";"0,68";"6,3"
"2024-03-29 16:00";"0,000";"15,2";"7,1";"4,46";"6,9"
"2024-03-29 17:00";"0,000";"17,64";"7,000";"10,8";"6,8"
"2024-03-29 18:00";"0,000";"17,47";"6,8";"14,31";"6,5"
"2024-03-29 19:00";"0,000";"20,31";"6,7";"25,91";"6,000"
"2024-03-29 20:00";"0,000";"13,9";"6,4";"16,88";"5,2"
"2024-03-29 21:00";"0,000";"16,33";"5,7";"8,51";"4,7"
"2024-03-29 22:00";"0,000";"13,45";"4,8";"6,7";"4,6"
"2024-03-29 23:00";"0,000";"9,41";"4,5";"6,52";"4,7"
"2024-03-30 00:00";"0,000";"8,85";"4,1";"6,11";"4,2"
"2024-03-30 01:00";"0,000";"8,74";"3,7";"6,73";"4,2"
"2024-03-30 02:00";"0,000";"8,86";"4,000";"6,16";"4,3"
"2024-03-30 03:00";"0,000";"9,22";"3,5";"6,8";"4,000"
"2024-03-30 04:00";"0,000";"8,84";"3,6";"6,18";"3,7"
"2024-03-30 05:00";"0,000";"9,62";"4,4";"6,87";"3,5"
"2024-03-30 06:00";"0,000";"6,24";"4,8";"7,9";"3,3"
"2024-03-30 07:00";"0,01";"2,58";"5,6";"8,13";"2,6"
"2024-03-30 08:00";"0,01";"4,06";"6,3";"10,06";"2,4"
"2024-03-30 09:00";"0,48";"3,51";"7,2";"18,2";"2,7"
"2024-03-30 10:00";"0,02";"7,85";"8,6";"5,46";"2,9"
"2024-03-30 11:00";"1,07";"1,88";"9,4";"8,51";"2,6"
"2024-03-30 12:00";"16,82";"0,01";"10,1";"14,76";"2,8"
"2024-03-30 13:00";"20,92";"0,000";"11,4";"10,05";"3,000"
"2024-03-30 14:00";"13,8";"0,000";"11,5";"3,85";"2,8"
"2024-03-30 15:00";"9,37";"0,000";"10,5";"3,45";"2,5"
"2024-03-30 16:00";"1,41";"1,66";"9,5";"3,39";"2,6"
"2024-03-30 17:00";"0,05";"9,08";"8,7";"4,16";"3,1"
"2024-03-30 18:00";"0,000";"13,56";"8,000";"7,41";"3,8"
"2024-03-30 19:00";"0,000";"7,82";"7,8";"14,53";"6,5"
"2024-03-30 20:00";"0,000";"10,16";"7,9";"17,88";"7,8"
"2024-03-30 21:00";"0,000";"11,92";"8,1";"15,35";"7,6"
"2024-03-30 22:00";"0,000";"16,44";"8,1";"16,1";"7,3"
"2024-03-30 23:00";"0,000";"16,07";"7,9";"16,27";"6,9"
"2024-03-31 00:00";"0,000";"14,47";"7,9";"15,87";"5,9"
"2024-03-31 01:00";"0,000";"11,86";"7,9";"15,71";"4,9"
"2024-03-31 03:00";"0,000";"11,23";"7,85";"16,32";"3,4"
"2024-03-31 04:00";"0,000";"11,22";"7,8";"15,87";"2,8"
"2024-03-31 05:00";"0,000";"11,26";"7,5";"14,08";"2,8"
"2024-03-31 06:00";"0,000";"9,48";"7,4";"12,55";"3,000"
"2024-03-31 07:00";"0,000";"6,82";"6,5";"11,66";"3,3"
"2024-03-31 08:00";"0,000";"4,54";"6,000";"8,09";"3,4"
"2024-03-31 09:00";"0,000";"7,12";"6,4";"9,48";"3,6"
"2024-03-31 10:00";"0,59";"2,95";"7,5";"16,35";"3,7"
"2024-03-31 11:00";"1,47";"0,12";"8,3";"6,000";"3,7"
"2024-03-31 12:00";"3,02";"0,000";"9,2";"2,000";"3,9"
"2024-03-31 13:00";"6,76";"0,03";"10,000";"2,27";"7,2"
"2024-03-31 14:00";"6,74";"0,03";"11,2";"2,32";"9,2"
"2024-03-31 15:00";"7,78";"0,01";"12,2";"3,46";"8,4"
"2024-03-31 16:00";"0,01";"7,45";"11,8";"12,56";"8,000"
"2024-03-31 17:00";"0,000";"8,9";"9,6";"25,37";"6,9"
"2024-03-31 18:00";"0,000";"22,69";"8,8";"11,73";"4,7"
"2024-03-31 19:00";"0,000";"14,64";"8,8";"12,96";"4,2"
"2024-03-31 20:00";"0,000";"14,25";"8,000";"28,77";"4,2"
"2024-03-31 21:00";"0,000";"8,73";"7,5";"8,63";"3,8"
"2024-03-31 22:00";"0,000";"6,8";"7,2";"6,17";"3,2"
"2024-03-31 23:00";"0,000";"3,71";"6,4";"6,49";"2,4"
"2024-04-01 00:00";"0,000";"3,75";"5,6";"6,61";"2,2"
"2024-04-01 01:00";"0,000";"5,81";"4,8";"6,16";"2,000"
"2024-04-01 02:00";"0,000";"4,08";"4,1";"6,66";"1,6"
"2024-04-01 03:00";"0,000";"4,29";"3,8";"6,56";"1,4"
"2024-04-01 04:00";"0,000";"4,29";"3,8";"7,05";"1,3"
"2024-04-01 05:00";"0,000";"4,33";"4,2";"6,42";"1,4"
"2024-04-01 06:00";"0,000";"4,38";"3,9";"6,45";"1,3"
"2024-04-01 07:00";"0,000";"2,87";"3,9";"7,17";"1,3"
"2024-04-01 08:00";"0,55";"0,66";"4,1";"3,24";"1,3"
"2024-04-01 09:00";"2,51";"2,59";"5,3";"2,85";"1,2"
"2024-04-01 10:00";"2,2";"4,99";"6,8";"0,5";"1,7"
"2024-04-01 11:00";"0,05";"8,96";"7,7";"0,000";"2,6"
"2024-04-01 12:00";"1,15";"2,66";"8,7";"0,67";"3,8"
"2024-04-01 13:00";"4,19";"1,79";"9,7";"0,000";"5,3"
"2024-04-01 14:00";"9,46";"0,000";"10,8";"0,000";"6,3"
"2024-04-01 15:00";"1,54";"2,54";"11,6";"0,000";"7,2"
"2024-04-01 16:00";"0,54";"8,28";"12,000";"0,000";"7,7"
"2024-04-01 17:00";"0,000";"18,02";"11,8";"0,23";"8,1"
"2024-04-01 18:00";"0,000";"19,75";"10,7";"8,48";"8,1"
"2024-04-01 19:00";"0,000";"16,53";"8,6";"21,18";"7,4"
"2024-04-01 20:00";"0,000";"19,24";"8,3";"19,68";"6,1"
"2024-04-01 21:00";"0,000";"17,66";"8,1";"17,42";"4,4"
"2024-04-01 22:00";"0,000";"11,42";"7,9";"8,99";"3,000"
"2024-04-01 23:00";"0,000";"8,54";"7,7";"11,18";"2,7"
"2024-04-02 00:00";"0,000";"8,42";"7,6";"12,11";"2,1"
"2024-04-02 01:00";"0,000";"8,22";"7,000";"10,81";"1,7"
"2024-04-02 02:00";"0,000";"8,39";"5,6";"9,07";"1,1"
"2024-04-02 03:00";"0,000";"8,89";"5,1";"9,29";"0,5"
"2024-04-02 04:00";"0,000";"8,5";"4,9";"9,5";"-0,1"
"2024-04-02 05:00";"0,000";"8,38";"4,8";"9,44";"-0,3"
"2024-04-02 06:00";"0,000";"9,34";"4,7";"9,31";"-1,000"
"2024-04-02 07:00";"0,000";"10,52";"4,6";"9,77";"-0,9"
"2024-04-02 08:00";"0,000";"9,09";"4,5";"7,4";"-0,6"
"2024-04-02 09:00";"0,000";"5,43";"4,5";"8,02";"0,4"
"2024-04-02 10:00";"0,000";"7,31";"4,6";"0,01";"1,7"
"2024-04-02 11:00";"0,000";"7,27";"4,7";"0,000";"3,2"
"2024-04-02 12:00";"0,01";"4,78";"5,3";"0,000";"5,1"
"2024-04-02 13:00";"0,12";"7,21";"4,9";"0,000";"6,1"
"2024-04-02 14:00";"0,000";"21,37";"4,8";"0,000";"6,6"
"2024-04-02 15:00";"0,000";"27,89";"4,7";"0,000";"7,4"
"2024-04-02 16:00";"0,000";"22,8";"4,4";"0,31";"8,000"
"2024-04-02 17:00";"0,000";"13,5";"4,000";"0,74";"8,3"
"2024-04-02 18:00";"0,000";"13,48";"3,8";"8,22";"7,8"
"2024-04-02 19:00";"0,000";"16,47";"3,8";"7,58";"7,1"
"2024-04-02 20:00";"0,000";"15,56";"3,7";"20,52";"5,000"
"2024-04-02 21:00";"0,000";"17,61";"3,3";"7,75";"3,7"
"2024-04-02 22:00";"0,000";"18,15";"3,1";"8,36";"2,6"
"2024-04-02 23:00";"0,000";"17,78";"2,5";"8,58";"1,2"
"2024-04-03 00:00";"0,000";"17,49";"1,3";"8,49";"0,000"
"2024-04-03 01:00";"0,000";"17,47";"0,5";"5,63";"0,4"
"2024-04-03 02:00";"0,000";"17,47";"0,4";"5,72";"1,4"
"2024-04-03 03:00";"0,000";"17,45";"0,2";"5,76";"0,3"
"2024-04-03 04:00";"0,000";"17,51";"0,000";"5,82";"-0,5"
"2024-04-03 05:00";"0,000";"17,57";"-0,4";"6,02";"-0,9"
"2024-04-03 06:00";"0,000";"17,49";"-0,5";"5,77";"-1,3"
"2024-04-03 07:00";"0,000";"17,13";"-0,8";"7,52";"-1,8"
"2024-04-03 08:00";"0,000";"16,61";"-0,8";"2,6";"-1,3"
"2024-04-03 09:00";"0,000";"16,53";"-0,5";"5,67";"0,3"
"2024-04-03 10:00";"0,000";"14,4";"-0,2";"0,11";"1,4"
"2024-04-03 11:00";"0,000";"12,69";"0,2";"0,000";"2,2"
"2024-04-03 12:00";"0,08";"8,96";"0,8";"0,000";"2,8"
"2024-04-03 13:00";"0,06";"10,61";"1,3";"0,000";"4,000"
"2024-04-03 14:00";"0,61";"5,58";"2,2";"0,02";"4,8"
"2024-04-03 15:00";"0,12";"7,11";"2,6";"0,03";"5,2"
"2024-04-03 16:00";"0,42";"2,04";"2,9";"0,14";"5,8"
"2024-04-03 17:00";"0,03";"10,65";"2,9";"0,75";"5,8"
"2024-04-03 18:00";"0,000";"16,91";"3,1";"2,15";"5,4"
"2024-04-03 19:00";"0,000";"19,35";"3,000";"8,86";"4,9"
"2024-04-03 20:00";"0,000";"22,33";"2,2";"16,21";"3,9"
"2024-04-03 21:00";"0,000";"18,99";"1,7";"20,23";"2,4"
"2024-04-03 22:00";"0,000";"18,16";"1,7";"11,38";"1,6"
"2024-04-03 23:00";"0,000";"17,84";"1,8";"8,95";"0,7"
"2024-04-04 00:00";"0,000";"17,46";"1,8";"9,08";"0,6"
"2024-04-04 01:00";"0,000";"17,01";"1,6";"9,19";"-0,3"
"2024-04-04 02:00";"0,000";"16,29";"1,8";"9,24";"-0,8"
"2024-04-04 03:00";"0,000";"14,42";"1,8";"8,35";"-1,6"
"2024-04-04 04:00";"0,000";"13,92";"1,3";"6,12";"-2,2"
"2024-04-04 05:00";"0,000";"14,62";"1,1";"6,43";"-2,3"
"2024-04-04 06:00";"0,000";"14,29";"0,9";"5,82";"-2,000"
"2024-04-04 07:00";"0,000";"8,5";"0,9";"6,9";"-2,3"
"2024-04-04 08:00";"0,000";"8,88";"1,2";"2,1";"-2,9"
"2024-04-04 09:00";"0,000";"6,79";"1,8";"0,77";"-0,8"
"2024-04-04 10:00";"0,000";"7,57";"2,3";"0,000";"2,1"
"2024-04-04 11:00";"0,13";"2,74";"3,000";"0,000";"4,6"
"2024-04-04 12:00";"0,21";"9,7";"3,5";"0,000";"6,000"
"2024-04-04 13:00";"0,000";"14,98";"3,8";"0,19";"6,8"
"2024-04-04 14:00";"0,000";"22,55";"4,3";"0,000";"7,000"
"2024-04-04 15:00";"0,000";"15,2";"4,8";"0,000";"7,4"
"2024-04-04 16:00";"0,000";"16,38";"5,000";"0,000";"7,8"
"2024-04-04 17:00";"0,000";"15,97";"5,000";"1,26";"7,3"
"2024-04-04 18:00";"0,000";"21,11";"4,9";"1,69";"7,000"
"2024-04-04 19:00";"0,000";"16,12";"5,000";"25,06";"6,6"
"2024-04-04 20:00";"0,000";"15,43";"5,1";"21,85";"6,000"
"2024-04-04 21:00";"0,000";"15,54";"5,3";"23,04";"5,1"
"2024-04-04 22:00";"0,000";"15,12";"5,6";"16,49";"4,6"
"2024-04-04 23:00";"0,000";"10,17";"6,000";"15,62";"4,1"
"2024-04-05 00:00";"0,000";"10,01";"6,5";"15,6";"3,7"
"2024-04-05 01:00";"0,000";"9,9";"6,9";"15,72";"3,3"
"2024-04-05 02:00";"0,000";"10,07";"7,2";"17,06";"3,1"
"2024-04-05 03:00";"0,000";"9,6";"6,6";"15,75";"2,8"
"2024-04-05 04:00";"0,000";"10,04";"6,3";"15,87";"2,6"
"2024-04-05 05:00";"0,000";"9,64";"6,4";"14,51";"2,4"
"2024-04-05 06:00";"0,000";"9,8";"6,5";"12,28";"2,2"
"2024-04-05 07:00";"0,000";"8,01";"6,5";"9,93";"1,2"
"2024-04-05 08:00";"0,02";"4,24";"6,4";"11,25";"1,1"
"2024-04-05 09:00";"0,000";"10,57";"6,5";"5,8";"3,4"
"2024-04-05 10:00";"2,59";"3,07";"6,8";"3,14";"4,1"
"2024-04-05 11:00";"9,22";"0,39";"7,3";"2,08";"4,7"
"2024-04-05 12:00";"2,84";"2,000";"7,9";"2,67";"5,2"
"2024-04-05 13:00";"0,83";"10,07";"8,8";"0,32";"5,5"
"2024-04-05 14:00";"0,53";"3,36";"9,2";"0,88";"6,6"
"2024-04-05 15:00";"0,17";"3,06";"9,000";"0,39";"6,4"
"2024-04-05 16:00";"0,68";"9,01";"9,5";"4,55";"6,000"
"2024-04-05 17:00";"0,000";"11,27";"11,2";"9,17";"6,4"
"2024-04-05 18:00";"0,000";"7,98";"11,5";"19,83";"6,8"
"2024-04-05 19:00";"0,000";"20,67";"10,5";"17,06";"5,9"
"2024-04-05 20:00";"0,000";"22,2";"10,3";"17,29";"5,4"
"2024-04-05 21:00";"0,000";"14,01";"11,3";"17,61";"5,2"
"2024-04-05 22:00";"0,000";"14,65";"11,3";"12,29";"4,6"
"2024-04-05 23:00";"0,000";"16,2";"10,5";"12,71";"2,3"
"2024-04-06 00:00";"0,000";"17,29";"10,000";"12,35";"0,9"
"2024-04-06 01:00";"0,000";"16,87";"9,7";"9,5";"0,1"
"2024-04-06 02:00";"0,000";"16,22";"9,5";"9,04";"-0,4"
"2024-04-06 03:00";"0,000";"15,25";"9,1";"8,54";"-0,5"
"2024-04-06 04:00";"0,000";"15,55";"9,000";"8,94";"1,2"
"2024-04-06 05:00";"0,000";"11,27";"8,6";"9,46";"1,3"
"2024-04-06 06:00";"0,000";"5,57";"7,9";"8,6";"1,3"
"2024-04-06 07:00";"0,000";"2,98";"8,1";"9,18";"0,7"
"2024-04-06 08:00";"0,16";"3,6";"8,000";"7,56";"1,1"
"2024-04-06 09:00";"0,97";"4,5";"8,4";"5,48";"3,000"
"2024-04-06 10:00";"3,71";"2,42";"9,5";"1,01";"4,8"
"2024-04-06 11:00";"13,59";"0,1";"10,7";"1,09";"5,9"
"2024-04-06 12:00";"25,3";"0,000";"11,8";"0,65";"6,6"
"2024-04-06 13:00";"25,94";"0,000";"13,1";"1,96";"7,3"
"2024-04-06 14:00";"18,42";"0,000";"14,1";"0,67";"7,6"
"2024-04-06 15:00";"17,58";"0,000";"15,1";"0,15";"7,4"
"2024-04-06 16:00";"7,99";"0,01";"16,3";"0,27";"8,000"
"2024-04-06 17:00";"2,59";"4,45";"16,000";"0,000";"7,7"
"2024-04-06 18:00";"0,04";"12,66";"15,1";"1,33";"7,2"
"2024-04-06 19:00";"0,000";"12,54";"14,4";"4,82";"6,5"
"2024-04-06 20:00";"0,000";"11,54";"13,8";"11,72";"5,4"
"2024-04-06 21:00";"0,000";"17,41";"12,6";"10,7";"3,9"
"2024-04-06 22:00";"0,000";"12,24";"11,2";"15,62";"2,8"
"2024-04-06 23:00";"0,000";"9,86";"10,8";"15,01";"2,000"
"2024-04-07 00:00";"0,000";"9,61";"11,1";"11,64";"1,4"
"2024-04-07 01:00";"0,000";"9,53";"11,8";"9,77";"1,000"
"2024-04-07 02:00";"0,000";"9,57";"12,1";"7,79";"0,6"
"2024-04-07 03:00";"0,000";"9,62";"12,5";"6,24";"0,3"
"2024-04-07 04:00";"0,000";"9,66";"13,000";"6,17";"-0,2"
"2024-04-07 05:00";"0,000";"6,33";"12,3";"6,21";"-0,8"
"2024-04-07 06:00";"0,000";"6,09";"11,3";"5,9";"-1,9"
"2024-04-07 07:00";"0,000";"4,35";"11,3";"4,56";"-2,3"
"2024-04-07 08:00";"0,000";"2,79";"12,000";"2,49";"-2,1"
"2024-04-07 09:00";"0,44";"0,69";"12,000";"5,02";"-0,7"
"2024-04-07 10:00";"5,34";"0,04";"12,2";"8,97";"1,1"
"2024-04-07 11:00";"6,6";"0,06";"13,4";"1,82";"2,7"
"2024-04-07 12:00";"1,32";"3,47";"14,3";"0,2";"3,7"
"2024-04-07 13:00";"5,23";"1,25";"13,3";"0,57";"5,1"
"2024-04-07 14:00";"11,14";"0,35";"14,4";"0,04";"6,5"
"2024-04-07 15:00";"22,1";"0,07";"15,3";"0,01";"7,2"
"2024-04-07 16:00";"18,29";"0,14";"15,9";"10,99";"8,1"
"2024-04-07 17:00";"4,67";"7,99";"16,000";"2,48";"8,8"
"2024-04-07 18:00";"0,14";"7,1";"15,7";"2,34";"8,5"
"2024-04-07 19:00";"0,000";"17,94";"14,7";"6,83";"8,3"
"2024-04-07 20:00";"0,000";"23,06";"13,4";"10,15";"7,8"
"2024-04-07 21:00";"0,000";"8,15";"12,2";"12,45";"7,000"
"2024-04-07 22:00";"0,000";"2,44";"11,1";"15,06";"6,1"
"2024-04-07 23:00";"0,000";"2,29";"11,1";"15,09";"5,2"
"2024-04-08 00:00";"0,000";"2,5";"10,7";"15,36";"4,4"
"2024-04-08 01:00";"0,000";"2,51";"10,3";"13,44";"4,000"
"2024-04-08 02:00";"0,000";"2,7";"10,6";"15,58";"3,1"
"2024-04-08 03:00";"0,000";"2,71";"10,8";"11,53";"1,7"
"2024-04-08 04:00";"0,000";"2,74";"10,9";"9,42";"-0,4"
"2024-04-08 05:00";"0,000";"2,86";"11,1";"8,13";"-0,4"
"2024-04-08 06:00";"0,000";"2,73";"10,8";"5,71";"0,4"
"2024-04-08 07:00";"0,000";"7,27";"10,8";"3,34";"-0,8"
"2024-04-08 08:00";"0,05";"5,5";"10,9";"0,6";"-0,9"
"2024-04-08 09:00";"1,83";"6,29";"11,3";"0,000";"3,000"
"2024-04-08 10:00";"2,32";"4,19";"12,4";"0,000";"7,4"
"2024-04-08 11:00";"16,96";"0,9";"13,8";"0,000";"10,2"
"2024-04-08 12:00";"18,25";"0,01";"14,7";"0,000";"12,6"
"2024-04-08 13:00";"19,4";"0,000";"15,6";"0,000";"14,2"
"2024-04-08 14:00";"15,2";"0,04";"16,1";"0,000";"14,8"
"2024-04-08 15:00";"18,38";"0,000";"16,3";"0,000";"15,4"
"2024-04-08 16:00";"14,28";"0,000";"16,7";"0,000";"15,5"
"2024-04-08 17:00";"0,77";"0,08";"17,2";"0,000";"14,1"
"2024-04-08 18:00";"2,21";"0,23";"16,9";"0,18";"11,3"
"2024-04-08 19:00";"0,11";"6,71";"14,9";"2,92";"10,2"
"2024-04-08 20:00";"0,000";"8,02";"12,4";"5,47";"8,4"
"2024-04-08 21:00";"0,000";"7,95";"11,4";"6,83";"6,6"
"2024-04-08 22:00";"0,000";"7,34";"11,000";"8,04";"5,2"
"2024-04-08 23:00";"0,000";"5,66";"10,7";"8,28";"4,7"
"2024-04-09 00:00";"0,000";"5,71";"10,6";"8,24";"4,2"
"2024-04-09 01:00";"0,000";"5,83";"11,2";"8,56";"4,8"
"2024-04-09 02:00";"0,000";"5,89";"10,9";"8,65";"4,4"
"2024-04-09 03:00";"0,000";"6,01";"11,000";"8,88";"4,5"
"2024-04-09 04:00";"0,000";"8,9";"11,1";"8,79";"3,4"
"2024-04-09 05:00";"0,000";"6,24";"11,3";"9,1";"2,7"
"2024-04-09 06:00";"0,000";"5,62";"11,6";"8,39";"2,7"
"2024-04-09 07:00";"0,17";"2,77";"11,000";"6,65";"2,5"
"2024-04-09 08:00";"0,72";"2,31";"11,3";"2,12";"2,9"
"2024-04-09 09:00";"3,43";"0,85";"11,9";"0,69";"5,1"
"2024-04-09 10:00";"0,46";"8,43";"12,7";"0,000";"6,5"
"2024-04-09 11:00";"4,59";"2,7";"14,1";"0,000";"7,8"
"2024-04-09 12:00";"8,58";"0,01";"15,9";"0,000";"9,4"
"2024-04-09 13:00";"11,28";"0,000";"17,9";"0,000";"10,9"
"2024-04-09 14:00";"4,13";"1,54";"19,000";"0,000";"11,8"
"2024-04-09 15:00";"5,02";"0,69";"19,6";"0,000";"12,1"
"2024-04-09 16:00";"0,47";"4,04";"18,7";"0,14";"10,8"
"2024-04-09 17:00";"0,33";"8,73";"15,4";"3,58";"10,000"
"2024-04-09 18:00";"0,000";"17,92";"11,3";"17,41";"9,000"
"2024-04-09 19:00";"0,000";"17,65";"10,4";"16,35";"8,6"
"2024-04-09 20:00";"0,000";"22,55";"11,3";"21,26";"6,8"
"2024-04-09 21:00";"0,000";"13,38";"11,4";"17,03";"5,4"
"2024-04-09 22:00";"0,000";"3,43";"10,6";"9,36";"5,3"
"2024-04-09 23:00";"0,000";"2,42";"9,9";"8,02";"5,6"
"2024-04-10 00:00";"0,000";"3,02";"9,4";"8,03";"5,3"
"2024-04-10 01:00";"0,000";"2,32";"9,6";"8,43";"4,5"
"2024-04-10 02:00";"0,000";"2,79";"9,4";"8,35";"3,9"
"2024-04-10 03:00";"0,000";"2,83";"9,6";"5,55";"3,5"
"2024-04-10 04:00";"0,000";"2,62";"9,6";"5,000";"3,4"
"2024-04-10 05:00";"0,000";"2,68";"9,4";"5,28";"3,4"
"2024-04-10 06:00";"0,000";"3,21";"9,3";"4,76";"3,5"
"2024-04-10 07:00";"0,000";"3,58";"8,8";"2,99";"3,5"
"2024-04-10 08:00";"0,000";"4,05";"8,5";"1,14";"4,3"
"2024-04-10 09:00";"0,09";"2,9";"8,5";"6,64";"5,2"
"2024-04-10 10:00";"0,000";"7,04";"8,3";"0,73";"7,4"
"2024-04-10 11:00";"0,02";"10,7";"8,5";"0,000";"9,6"
"2024-04-10 12:00";"0,000";"16,37";"8,7";"0,000";"10,3"
"2024-04-10 13:00";"5,05";"1,73";"9,1";"0,000";"10,9"
"2024-04-10 14:00";"4,91";"3,47";"10,3";"0,000";"11,1"
"2024-04-10 15:00";"6,92";"1,04";"11,000";"0,000";"11,4"
"2024-04-10 16:00";"0,86";"9,71";"11,4";"0,000";"11,7"
"2024-04-10 17:00";"4,68";"0,69";"11,3";"1,65";"11,5"
"2024-04-10 18:00";"0,25";"12,64";"11,1";"9,01";"11,2"
"2024-04-10 19:00";"0,000";"22,7";"10,3";"13,13";"10,3"
"2024-04-10 20:00";"0,000";"29,9";"9,4";"12,03";"8,8"
"2024-04-10 21:00";"0,000";"24,36";"8,7";"12,56";"7,3"
"2024-04-10 22:00";"0,000";"14,57";"8,000";"8,39";"6,7"
"2024-04-10 23:00";"0,000";"10,27";"7,5";"5,65";"6,6"
"2024-04-11 00:00";"0,000";"10,37";"6,7";"4,59";"7,6"
"2024-04-11 01:00";"0,000";"11,01";"6,2";"4,58";"8,3"
"2024-04-11 02:00";"0,000";"10,62";"6,6";"4,74";"8,8"
"2024-04-11 03:00";"0,000";"10,7";"6,3";"4,82";"10,3"
"2024-04-11 04:00";"0,000";"9,81";"6,4";"4,75";"10,3"
"2024-04-11 05:00";"0,000";"9,28";"6,6";"4,72";"9,8"
"2024-04-11 06:00";"0,000";"6,51";"7,5";"4,55";"9,4"
"2024-04-11 07:00";"0,000";"5,28";"8,1";"4,5";"9,1"
"2024-04-11 08:00";"0,000";"4,84";"9,2";"4,31";"8,8"
"2024-04-11 09:00";"0,000";"6,66";"9,1";"4,5";"8,1"
"2024-04-11 10:00";"0,000";"6,85";"8,6";"9,55";"6,6"
"2024-04-11 11:00";"0,01";"4,59";"8,6";"3,97";"5,4"
"2024-04-11 12:00";"0,000";"9,05";"8,9";"0,97";"4,6"
"2024-04-11 13:00";"0,000";"12,03";"9,3";"1,03";"4,8"
"2024-04-11 14:00";"0,04";"6,61";"10,1";"3,11";"5,6"
"2024-04-11 15:00";"0,2";"2,53";"10,2";"8,43";"7,6"
"2024-04-11 16:00";"0,000";"7,46";"10,7";"9,23";"7,7"
"2024-04-11 17:00";"0,000";"17,19";"10,9";"6,23";"7,3"
"2024-04-11 18:00";"0,000";"14,64";"11,2";"1,12";"7,5"
"2024-04-11 19:00";"0,000";"13,71";"11,1";"6,42";"8,9"
"2024-04-11 20:00";"0,000";"14,52";"10,8";"9,24";"7,9"
"2024-04-11 21:00";"0,000";"9,46";"10,7";"15,17";"6,9"
"2024-04-11 22:00";"0,000";"7,26";"10,7";"15,81";"6,000"
"2024-04-11 23:00";"0,000";"6,7";"10,6";"17,53";"5,3"
"2024-04-12 00:00";"0,000";"6,27";"10,3";"16,73";"4,6"
"2024-04-12 01:00";"0,000";"6,98";"10,4";"15,61";"3,5"
"2024-04-12 02:00";"0,000";"6,41";"10,000";"15,8";"2,000"
"2024-04-12 03:00";"0,000";"7,05";"9,2";"15,83";"1,3"
"2024-04-12 04:00";"0,000";"6,54";"8,8";"12,97";"0,9"
"2024-04-12 05:00";"0,000";"7,12";"8,000";"12,19";"-0,6"
"2024-04-12 06:00";"0,000";"16,25";"7,8";"8,84";"-0,8"
"2024-04-12 07:00";"0,000";"16,85";"8,3";"6,68";"-1,000"
"2024-04-12 08:00";"0,000";"9,96";"8,7";"3,54";"-0,2"
"2024-04-12 09:00";"0,000";"16,61";"9,4";"1,58";"3,000"
"2024-04-12 10:00";"0,03";"8,12";"9,9";"0,23";"6,8"
"2024-04-12 11:00";"1,49";"1,31";"11,5";"0,000";"8,9"
"2024-04-12 12:00";"0,67";"1,5";"12,3";"0,000";"9,7"
"2024-04-12 13:00";"0,08";"11,91";"12,5";"0,000";"9,7"
"2024-04-12 14:00";"0,000";"11,74";"12,1";"0,02";"10,2"
"2024-04-12 15:00";"0,000";"7,99";"12,000";"0,03";"10,6"
"2024-04-12 16:00";"0,000";"9,5";"11,9";"0,000";"10,7"
"2024-04-12 17:00";"0,000";"12,15";"11,8";"1,74";"10,2"
"2024-04-12 18:00";"0,000";"15,73";"11,9";"14,82";"9,6"
"2024-04-12 19:00";"0,000";"14,36";"11,4";"6,3";"9,000"
"2024-04-12 20:00";"0,000";"15,53";"10,8";"8,48";"8,4"
"2024-04-12 21:00";"0,000";"16,93";"10,9";"26,93";"7,8"
"2024-04-12 22:00";"0,000";"14,32";"11,000";"18,47";"6,7"
"2024-04-12 23:00";"0,000";"11,44";"10,7";"8,43";"5,9"
"2024-04-13 00:00";"0,000";"11,02";"10,7";"7,49";"6,1"
"2024-04-13 01:00";"0,000";"10,53";"10,5";"7,5";"6,4"
"2024-04-13 02:00";"0,000";"8,79";"10,4";"7,56";"6,7"
"2024-04-13 03:00";"0,000";"6,95";"10,1";"7,51";"7,2"
"2024-04-13 04:00";"0,000";"7,02";"9,6";"7,64";"6,9"
"2024-04-13 05:00";"0,000";"7,63";"9,7";"7,7";"6,2"
"2024-04-13 06:00";"0,000";"6,6";"9,5";"6,99";"5,3"
"2024-04-13 07:00";"0,000";"6,23";"9,1";"7,75";"4,3"
"2024-04-13 08:00";"0,000";"8,46";"8,9";"3,77";"3,6"
"2024-04-13 09:00";"0,000";"15,21";"9,2";"7,41";"4,3"
"2024-04-13 10:00";"0,17";"8,99";"9,8";"7,19";"5,8"
"2024-04-13 11:00";"9,24";"3,03";"10,7";"3,33";"7,9"
"2024-04-13 12:00";"17,43";"0,000";"11,6";"0,13";"8,9"
"2024-04-13 13:00";"12,52";"0,000";"12,6";"0,21";"9,7"
"2024-04-13 14:00";"16,53";"0,000";"12,7";"0,000";"10,7"
"2024-04-13 15:00";"10,92";"0,000";"13,3";"0,000";"11,5"
"2024-04-13 16:00";"5,92";"0,54";"14,000";"0,000";"12,1"
"2024-04-13 17:00";"0,000";"12,08";"14,3";"0,000";"11,8"
"2024-04-13 18:00";"0,18";"3,7";"13,8";"0,32";"11,5"
"2024-04-13 19:00";"0,000";"9,22";"13,4";"6,8";"10,9"
"2024-04-13 20:00";"0,000";"7,62";"12,9";"4,99";"9,8"
"2024-04-13 21:00";"0,000";"14,9";"12,5";"6,87";"8,6"
"2024-04-13 22:00";"0,000";"7,52";"12,2";"10,76";"8,1"
"2024-04-13 23:00";"0,000";"5,99";"12,1";"10,39";"7,3"
"2024-04-14 00:00";"0,000";"6,12";"11,5";"10,48";"6,3"
"2024-04-14 01:00";"0,000";"6,26";"11,1";"10,69";"6,1"
"2024-04-14 02:00";"0,000";"6,44";"11,7";"10,94";"6,000"
"2024-04-14 03:00";"0,000";"6,42";"11,4";"10,82";"5,5"
"2024-04-14 04:00";"0,000";"6,7";"10,7";"7,93";"4,3"
"2024-04-14 05:00";"0,000";"8,93";"10,4";"7,69";"2,8"
"2024-04-14 06:00";"0,000";"5,93";"9,8";"7,7";"3,000"
"2024-04-14 07:00";"0,000";"4,76";"8,8";"7,21";"2,7"
"2024-04-14 08:00";"0,12";"2,74";"8,1";"3,48";"3,5"
"2024-04-14 09:00";"1,58";"1,2";"8,4";"0,25";"3,9"
"2024-04-14 10:00";"4,27";"3,72";"8,8";"11,15";"4,7"
"2024-04-14 11:00";"13,71";"0,32";"9,4";"1,38";"6,4"
"2024-04-14 12:00";"23,41";"0,01";"10,1";"0,69";"7,4"
"2024-04-14 13:00";"20,01";"0,82";"10,6";"0,82";"8,1"
"2024-04-14 14:00";"16,000";"0,33";"11,3";"2,7";"8,6"
"2024-04-14 15:00";"6,88";"0,43";"11,1";"8,21";"9,4"
"2024-04-14 16:00";"1,29";"9,4";"10,7";"10,35";"9,6"
"2024-04-14 17:00";"0,82";"11,62";"10,4";"16,81";"9,9"
"2024-04-14 18:00";"0,2";"11,67";"10,5";"25,54";"10,2"
"2024-04-14 19:00";"0,000";"15,76";"10,000";"20,48";"9,9"
"2024-04-14 20:00";"0,000";"21,87";"9,1";"21,19";"9,4"
"2024-04-14 21:00";"0,000";"16,29";"8,2";"16,54";"8,8"
"2024-04-14 22:00";"0,000";"16,05";"7,8";"13,86";"8,6"
"2024-04-14 23:00";"0,000";"7,48";"7,4";"14,39";"8,6"
"2024-04-15 00:00";"0,000";"3,88";"6,9";"13,83";"8,7"
"2024-04-15 01:00";"0,000";"3,68";"6,4";"13,31";"8,3"
"2024-04-15 02:00";"0,000";"3,83";"5,9";"11,29";"7,9"
"2024-04-15 03:00";"0,000";"3,91";"5,4";"10,64";"7,9"
"2024-04-15 04:00";"0,000";"4,12";"5,2";"10,73";"7,9"
"2024-04-15 05:00";"0,000";"6,13";"4,9";"11,48";"7,4"
"2024-04-15 06:00";"0,000";"3,87";"4,1";"9,57";"7,7"
"2024-04-15 07:00";"0,07";"3,16";"3,4";"6,99";"7,6"
"2024-04-15 08:00";"1,64";"1,26";"5,1";"3,76";"8,1"
"2024-04-15 09:00";"6,99";"1,01";"6,2";"1,6";"8,6"
"2024-04-15 10:00";"13,6";"0,17";"6,5";"0,03";"9,8"
"2024-04-15 11:00";"21,68";"0,000";"7,6";"0,62";"11,1"
"2024-04-15 12:00";"19,19";"0,21";"8,3";"0,35";"12,1"
"2024-04-15 13:00";"14,36";"0,01";"9,000";"0,02";"12,7"
"2024-04-15 14:00";"19,78";"0,08";"9,6";"0,3";"12,2"
"2024-04-15 15:00";"16,99";"1,41";"10,000";"1,99";"11,7"
"2024-04-15 16:00";"14,76";"1,3";"10,5";"1,93";"11,8"
"2024-04-15 17:00";"2,71";"0,16";"10,2";"1,6";"11,8"
"2024-04-15 18:00";"0,05";"2,89";"9,6";"16,02";"11,4"
"2024-04-15 19:00";"0,000";"14,23";"8,8";"14,64";"10,5"
"2024-04-15 20:00";"0,000";"12,49";"7,8";"15,04";"10,2"
"2024-04-15 21:00";"0,000";"7,97";"7,2";"18,05";"9,9"
"2024-04-15 22:00";"0,000";"3,12";"7,1";"13,06";"9,4"
"2024-04-15 23:00";"0,000";"3,34";"6,8";"14,08";"8,9"
"2024-04-16 00:00";"0,000";"3,57";"5,9";"14,31";"8,9"
"2024-04-16 01:00";"0,000";"3,92";"5,2";"14,29";"8,8"
"2024-04-16 02:00";"0,000";"3,96";"4,8";"14,3";"8,7"
"2024-04-16 03:00";"0,000";"4,15";"4,2";"11,76";"8,6"
"2024-04-16 04:00";"0,000";"4,06";"3,7";"11,06";"8,3"
"2024-04-16 05:00";"0,000";"4,24";"3,9";"11,17";"8,000"
"2024-04-16 06:00";"0,000";"3,75";"4,4";"10,45";"6,9"
"2024-04-16 07:00";"0,000";"3,36";"4,6";"8,61";"7,3"
"2024-04-16 08:00";"0,26";"6,4";"4,6";"3,72";"7,4"
"2024-04-16 09:00";"3,19";"4,18";"5,4";"1,28";"7,5"
"2024-04-16 10:00";"8,4";"1,72";"6,9";"0,42";"7,7"
"2024-04-16 11:00";"16,81";"0,12";"7,7";"2,42";"8,2"
"2024-04-16 12:00";"25,19";"0,000";"9,000";"0,98";"9,1"
"2024-04-16 13:00";"27,43";"0,000";"10,000";"2,38";"9,8"
"2024-04-16 14:00";"25,68";"0,000";"10,5";"0,03";"11,000"
"2024-04-16 15:00";"9,65";"2,72";"10,1";"0,01";"11,9"
"2024-04-16 16:00";"1,02";"3,42";"8,4";"2,22";"12,1"
"2024-04-16 17:00";"2,6";"2,9";"7,9";"5,76";"12,9"
"2024-04-16 18:00";"0,000";"16,27";"7,8";"19,85";"11,8"
"2024-04-16 19:00";"0,000";"18,06";"6,8";"11,44";"10,9"
"2024-04-16 20:00";"0,000";"22,46";"5,7";"23,8";"10,1"
"2024-04-16 21:00";"0,000";"11,62";"5,4";"8,54";"9,8"
"2024-04-16 22:00";"0,000";"9,35";"4,8";"6,92";"8,9"
"2024-04-16 23:00";"0,000";"7,89";"4,4";"7,15";"7,3"
"2024-04-17 00:00";"0,000";"7,64";"4,2";"7,23";"5,9"
"2024-04-17 01:00";"0,000";"7,8";"4,3";"7,45";"4,8"
"2024-04-17 02:00";"0,000";"7,79";"4,4";"7,53";"3,7"
"2024-04-17 03:00";"0,000";"8,04";"4,1";"7,71";"2,6"
"2024-04-17 04:00";"0,000";"8,08";"3,4";"7,81";"2,9"
"2024-04-17 05:00";"0,000";"8,14";"2,2";"7,81";"2,3"
"2024-04-17 06:00";"0,000";"7,63";"1,8";"6,53";"1,8"
"2024-04-17 07:00";"0,000";"8,04";"2,1";"4,71";"2,7"
"2024-04-17 08:00";"0,000";"8,59";"2,7";"1,58";"4,6"
"2024-04-17 09:00";"0,56";"10,44";"4,2";"0,41";"6,4"
"2024-04-17 10:00";"5,16";"1,79";"5,8";"1,15";"8,5"
"2024-04-17 11:00";"17,28";"0,07";"7,000";"0,000";"10,000"
"2024-04-17 12:00";"10,03";"0,42";"7,9";"0,000";"11,1"
"2024-04-17 13:00";"3,88";"3,09";"8,3";"0,000";"12,1"
"2024-04-17 14:00";"0,02";"9,81";"8,4";"0,000";"13,1"
"2024-04-17 15:00";"0,000";"6,93";"8,5";"0,000";"13,3"
"2024-04-17 16:00";"1,67";"4,98";"8,7";"0,000";"13,1"
"2024-04-17 17:00";"0,02";"3,89";"9,1";"0,000";"13,3"
"2024-04-17 18:00";"0,000";"12,41";"9,2";"11,8";"13,3"
"2024-04-17 19:00";"0,02";"10,86";"8,7";"7,54";"9,7"
"2024-04-17 20:00";"0,000";"11,12";"8,3";"12,47";"8,3"
"2024-04-17 21:00";"0,000";"12,98";"6,3";"11,58";"6,7"
"2024-04-17 22:00";"0,000";"8,23";"5,8";"11,000";"5,4"
"2024-04-17 23:00";"0,000";"7,74";"5,2";"8,43";"4,4"
"2024-04-18 00:00";"0,000";"7,81";"4,8";"6,74";"4,2"
"2024-04-18 01:00";"0,000";"8,58";"4,4";"6,93";"4,8"
"2024-04-18 02:00";"0,000";"8,18";"3,2";"7,06";"5,1"
"2024-04-18 03:00";"0,000";"8,25";"2,9";"7,19";"4,5"
"2024-04-18 04:00";"0,000";"8,26";"3,000";"7,46";"4,4"
"2024-04-18 05:00";"0,000";"8,98";"3,7";"7,39";"3,7"
"2024-04-18 06:00";"0,000";"7,78";"3,8";"6,44";"3,5"
"2024-04-18 07:00";"0,000";"9,000";"3,000";"4,23";"3,5"
"2024-04-18 08:00";"0,000";"9,04";"4,1";"5,41";"4,7"
"2024-04-18 09:00";"0,01";"18,62";"6,4";"0,47";"6,7"
"2024-04-18 10:00";"0,8";"8,44";"7,2";"0,000";"8,7"
"2024-04-18 11:00";"4,07";"5,02";"8,2";"0,000";"10,5"
"2024-04-18 12:00";"3,44";"3,91";"8,5";"0,000";"12,000"
"2024-04-18 13:00";"0,93";"6,85";"5,9";"0,000";"13,3"
"2024-04-18 14:00";"1,49";"7,59";"6,4";"0,000";"14,2"
"2024-04-18 15:00";"7,58";"1,03";"6,9";"0,000";"15,2"
"2024-04-18 16:00";"11,71";"0,34";"7,7";"0,000";"15,9"
"2024-04-18 17:00";"2,45";"0,99";"7,7";"0,000";"16,000"
"2024-04-18 18:00";"0,03";"4,17";"7,6";"0,04";"15,7"
"2024-04-18 19:00";"0,000";"9,06";"7,000";"5,24";"14,2"
"2024-04-18 20:00";"0,000";"14,43";"5,7";"8,66";"12,3"
"2024-04-18 21:00";"0,000";"8,34";"4,1";"6,49";"10,9"
"2024-04-18 22:00";"0,000";"8,44";"4,1";"7,55";"9,9"
"2024-04-18 23:00";"0,000";"11,08";"4,3";"6,79";"8,8"
"2024-04-19 00:00";"0,000";"8,09";"3,9";"6,88";"7,7"
"2024-04-19 01:00";"0,000";"8,19";"4,000";"7,01";"6,4"
"2024-04-19 02:00";"0,000";"8,17";"4,000";"7,14";"4,7"
"2024-04-19 03:00";"0,000";"8,36";"3,4";"5,23";"3,000"
"2024-04-19 04:00";"0,000";"8,46";"2,1";"4,12";"4,7"
"2024-04-19 05:00";"0,000";"8,61";"2,4";"4,01";"5,000"
"2024-04-19 06:00";"0,000";"7,93";"2,3";"3,1";"3,8"
"2024-04-19 07:00";"0,000";"8,73";"2,3";"4,84";"3,9"
"2024-04-19 08:00";"0,000";"10,29";"3,000";"1,02";"5,1"
"2024-04-19 09:00";"0,02";"10,24";"3,8";"4,36";"7,2"
"2024-04-19 10:00";"0,01";"6,42";"4,3";"0,38";"9,3"
"2024-04-19 11:00";"0,67";"2,17";"4,5";"0,07";"11,3"
"2024-04-19 12:00";"1,49";"2,32";"4,4";"0,000";"12,1"
"2024-04-19 13:00";"3,43";"1,06";"4,8";"0,000";"12,6"
"2024-04-19 14:00";"1,23";"1,96";"5,1";"0,000";"13,4"
"2024-04-19 15:00";"1,42";"1,73";"5,3";"0,000";"14,1"
"2024-04-19 16:00";"4,84";"1,07";"5,3";"0,000";"14,4"
"2024-04-19 17:00";"3,17";"0,91";"5,4";"1,89";"14,5"
"2024-04-19 18:00";"0,23";"4,28";"6,000";"5,26";"14,2"
"2024-04-19 19:00";"0,000";"10,61";"6,000";"3,5";"13,6"
"2024-04-19 20:00";"0,000";"12,17";"5,2";"8,97";"12,3"
"2024-04-19 21:00";"0,000";"15,8";"4,7";"15,67";"10,6"
"2024-04-19 22:00";"0,000";"16,1";"3,6";"6,74";"9,5"
"2024-04-19 23:00";"0,000";"15,21";"2,9";"6,92";"8,3"
"2024-04-20 00:00";"0,000";"13,67";"2,4";"7,08";"7,5"
"2024-04-20 01:00";"0,000";"12,69";"1,9";"7,23";"6,7"
"2024-04-20 02:00";"0,000";"13,46";"0,7";"7,28";"6,000"
"2024-04-20 03:00";"0,000";"13,07";"-0,1";"7,42";"5,7"
"2024-04-20 04:00";"0,000";"9,94";"-1,000";"7,5";"5,2"
"2024-04-20 05:00";"0,000";"10,42";"-1,3";"7,4";"5,1"
"2024-04-20 06:00";"0,000";"8,77";"-0,9";"5,37";"5,3"
"2024-04-20 07:00";"0,000";"7,01";"-0,5";"2,74";"5,5"
"2024-04-20 08:00";"0,13";"3,25";"0,3";"0,86";"6,7"
"2024-04-20 09:00";"3,35";"2,11";"1,7";"0,98";"8,5"
"2024-04-20 10:00";"11,37";"0,04";"3,4";"0,13";"11,000"
"2024-04-20 11:00";"13,53";"0,36";"4,3";"0,000";"13,3"
"2024-04-20 12:00";"18,01";"0,000";"4,9";"0,000";"14,9"
"2024-04-20 13:00";"8,62";"0,05";"5,5";"0,000";"15,8"
"2024-04-20 14:00";"6,01";"0,01";"5,6";"0,000";"16,3"
"2024-04-20 15:00";"10,22";"0,000";"5,7";"0,000";"16,7"
"2024-04-20 16:00";"9,46";"0,000";"6,3";"0,000";"16,8"
"2024-04-20 17:00";"5,99";"1,21";"6,4";"0,000";"16,6"
"2024-04-20 18:00";"0,95";"8,1";"7,5";"0,03";"16,2"
"2024-04-20 19:00";"0,01";"17,75";"7,3";"1,72";"15,5"
"2024-04-20 20:00";"0,000";"11,46";"6,000";"4,53";"14,3"
"2024-04-20 21:00";"0,000";"20,11";"4,1";"5,61";"12,9"
"2024-04-20 22:00";"0,000";"21,05";"3,5";"6,82";"11,9"
"2024-04-20 23:00";"0,000";"6,57";"1,7";"6,58";"11,1"
"2024-04-21 00:00";"0,000";"7,95";"1,2";"6,67";"10,7"
"2024-04-21 01:00";"0,000";"5,12";"1,6";"6,8";"10,000"
"2024-04-21 02:00";"0,000";"5,3";"1,7";"6,77";"9,3"
"2024-04-21 03:00";"0,000";"5,36";"0,5";"4,72";"8,3"
"2024-04-21 04:00";"0,000";"5,45";"-0,3";"3,68";"7,8"
"2024-04-21 05:00";"0,000";"5,27";"0,5";"3,57";"7,4"
"2024-04-21 06:00";"0,000";"4,49";"1,6";"2,68";"5,7"
"2024-04-21 07:00";"0,000";"3,27";"1,5";"2,76";"5,8"
"2024-04-21 08:00";"0,92";"0,97";"2,4";"0,93";"7,6"
"2024-04-21 09:00";"5,15";"0,06";"3,9";"0,47";"9,8"
"2024-04-21 10:00";"9,03";"0,02";"4,5";"0,54";"12,2"
"2024-04-21 11:00";"8,6";"0,000";"6,000";"0,000";"13,8"
"2024-04-21 12:00";"10,28";"0,25";"6,7";"0,000";"15,000"
"2024-04-21 13:00";"22,35";"0,000";"7,1";"0,000";"15,8"
"2024-04-21 14:00";"24,71";"0,000";"7,3";"0,000";"16,3"
"2024-04-21 15:00";"7,52";"0,13";"7,7";"0,000";"16,4"
"2024-04-21 16:00";"3,08";"0,61";"8,000";"0,000";"16,5"
"2024-04-21 17:00";"0,7";"8,62";"6,5";"0,000";"16,6"
"2024-04-21 18:00";"0,2";"7,06";"6,3";"0,85";"16,3"
"2024-04-21 19:00";"0,000";"11,15";"5,5";"6,000";"15,7"
"2024-04-21 20:00";"0,000";"18,89";"4,6";"8,35";"14,7"
"2024-04-21 21:00";"0,000";"10,76";"3,9";"19,69";"13,1"
"2024-04-21 22:00";"0,000";"11,1";"3,8";"16,31";"11,3"
"2024-04-21 23:00";"0,000";"11,33";"2,6";"14,08";"9,5"
"2024-04-22 00:00";"0,000";"11,52";"1,2";"13,78";"7,7"
"2024-04-22 01:00";"0,000";"11,57";"0,7";"10,83";"6,8"
"2024-04-22 02:00";"0,000";"11,89";"0,7";"10,05";"5,6"
"2024-04-22 03:00";"0,000";"11,88";"0,8";"10,14";"4,7"
"2024-04-22 04:00";"0,000";"11,99";"0,6";"10,24";"4,1"
"2024-04-22 05:00";"0,000";"12,03";"0,6";"10,17";"6,1"
"2024-04-22 06:00";"0,000";"8,5";"0,6";"9,93";"7,3"
"2024-04-22 07:00";"0,000";"7,91";"0,3";"9,66";"7,3"
"2024-04-22 08:00";"0,000";"7,78";"0,6";"10,36";"9,3"
"2024-04-22 09:00";"0,04";"11,87";"1,2";"0,06";"11,000"
"2024-04-22 10:00";"0,000";"16,99";"1,4";"0,000";"13,7"
"2024-04-22 11:00";"0,61";"4,76";"1,5";"0,000";"15,1"
"2024-04-22 12:00";"1,01";"3,35";"1,7";"0,000";"16,2"
"2024-04-22 13:00";"1,32";"2,23";"1,9";"0,000";"16,8"
"2024-04-22 14:00";"0,51";"1,62";"2,000";"0,000";"17,1"
"2024-04-22 15:00";"0,31";"6,13";"1,9";"0,000";"17,2"
"2024-04-22 16:00";"0,38";"3,2";"1,9";"0,000";"17,3"
"2024-04-22 17:00";"0,000";"13,28";"2,3";"4,02";"16,8"
"2024-04-22 18:00";"0,000";"6,46";"2,4";"3,35";"16,4"
"2024-04-22 19:00";"0,000";"16,71";"2,2";"10,54";"15,6"
"2024-04-22 20:00";"0,000";"10,1";"2,000";"2,92";"14,7"
"2024-04-22 21:00";"0,000";"13,2";"1,6";"3,52";"13,5"
"2024-04-22 22:00";"0,000";"11,2";"1,4";"2,85";"11,8"
"2024-04-22 23:00";"0,000";"9,58";"1,2";"2,83";"10,8"
"2024-04-23 00:00";"0,000";"16,2";"1,3";"2,82";"10,1"
"2024-04-23 01:00";"0,000";"10,62";"1,000";"2,87";"10,1"
"2024-04-23 02:00";"0,000";"9,95";"0,3";"2,96";"10,000"
"2024-04-23 03:00";"0,000";"9,79";"0,1";"2,98";"10,4"
"2024-04-23 04:00";"0,000";"9,91";"0,4";"2,97";"10,6"
"2024-04-23 05:00";"0,000";"9,5";"0,7";"2,8";"10,6"
"2024-04-23 06:00";"0,000";"9,5";"0,6";"1,42";"10,7"
"2024-04-23 07:00";"0,000";"10,46";"0,7";"1,4";"10,8"
"2024-04-23 08:00";"0,01";"13,05";"3,1";"5,17";"11,000"
"2024-04-23 09:00";"1,74";"5,03";"3,9";"0,2";"11,000"
"2024-04-23 10:00";"6,75";"0,45";"4,5";"4,47";"11,8"
"2024-04-23 11:00";"12,15";"0,01";"5,000";"11,39";"10,000"
"2024-04-23 12:00";"3,78";"2,93";"4,9";"13,08";"8,3"
"2024-04-23 13:00";"0,01";"16,09";"4,3";"6,61";"6,9"
"2024-04-23 14:00";"1,32";"7,26";"5,5";"11,08";"7,2"
"2024-04-23 15:00";"0,28";"14,69";"6,2";"4,05";"8,3"
"2024-04-23 16:00";"4,59";"0,15";"6,5";"0,32";"9,3"
"2024-04-23 17:00";"3,02";"0,3";"6,8";"0,24";"10,2"
"2024-04-23 18:00";"0,59";"5,62";"7,3";"6,11";"11,1"
"2024-04-23 19:00";"0,000";"19,25";"6,1";"6,75";"11,2"
"2024-04-23 20:00";"0,000";"8,92";"5,4";"7,67";"10,7"
"2024-04-23 21:00";"0,000";"8,65";"5,3";"9,09";"8,4"
"2024-04-23 22:00";"0,000";"5,25";"4,1";"11,25";"7,5"
"2024-04-23 23:00";"0,000";"5,65";"4,3";"6,58";"6,4"
"2024-04-24 00:00";"0,000";"5,38";"4,000";"6,54";"5,9"
"2024-04-24 01:00";"0,000";"5,51";"3,4";"6,66";"5,6"
"2024-04-24 02:00";"0,000";"6,34";"3,000";"9,46";"5,8"
"2024-04-24 03:00";"0,000";"5,8";"2,8";"3,71";"5,6"
"2024-04-24 04:00";"0,000";"5,92";"2,8";"3,55";"5,9"
"2024-04-24 05:00";"0,000";"5,93";"3,000";"3,45";"6,3"
"2024-04-24 06:00";"0,000";"6,24";"3,2";"3,72";"6,8"
"2024-04-24 07:00";"0,01";"5,55";"3,4";"7,12";"7,000"
"2024-04-24 08:00";"0,46";"3,78";"4,1";"5,65";"6,8"
"2024-04-24 09:00";"1,95";"3,84";"5,8";"2,28";"8,3"
"2024-04-24 10:00";"3,07";"3,33";"7,4";"5,07";"9,8"
"2024-04-24 11:00";"14,08";"0,29";"7,8";"0,22";"9,2"
"2024-04-24 12:00";"15,82";"0,6";"8,3";"1,44";"9,6"
"2024-04-24 13:00";"14,03";"0,6";"8,6";"1,27";"10,000"
"2024-04-24 14:00";"8,93";"1,17";"9,2";"0,000";"12,000"
"2024-04-24 15:00";"12,87";"0,38";"9,2";"0,000";"13,1"
"2024-04-24 16:00";"11,04";"0,02";"9,3";"0,000";"14,1"
"2024-04-24 17:00";"17,04";"0,000";"9,3";"0,000";"14,3"
"2024-04-24 18:00";"0,65";"8,21";"9,2";"0,4";"14,5"
"2024-04-24 19:00";"0,23";"19,08";"8,000";"3,31";"13,9"
"2024-04-24 20:00";"0,000";"12,37";"7,2";"8,37";"10,4"
"2024-04-24 21:00";"0,000";"9,99";"5,4";"15,93";"7,6"
"2024-04-24 22:00";"0,000";"10,2";"4,3";"17,07";"6,7"
"2024-04-24 23:00";"0,000";"4,3";"3,8";"13,15";"5,9"
"2024-04-25 00:00";"0,000";"4,74";"3,2";"10,08";"6,1"
"2024-04-25 01:00";"0,000";"6,77";"2,3";"8,17";"6,8"
"2024-04-25 02:00";"0,000";"5,32";"1,9";"7,79";"6,7"
"2024-04-25 03:00";"0,000";"5,26";"1,1";"8,41";"6,2"
"2024-04-25 04:00";"0,000";"5,46";"1,4";"9,87";"5,5"
"2024-04-25 05:00";"0,000";"5,41";"1,3";"10,23";"5,1"
"2024-04-25 06:00";"0,000";"4,2";"1,8";"9,98";"5,5"
"2024-04-25 07:00";"0,07";"6,01";"2,5";"11,53";"5,7"
"2024-04-25 08:00";"0,84";"1,67";"3,6";"10,39";"5,9"
"2024-04-25 09:00";"4,52";"0,3";"4,7";"20,79";"5,8"
"2024-04-25 10:00";"10,17";"0,07";"6,3";"12,86";"5,8"
"2024-04-25 11:00";"14,66";"0,000";"8,1";"2,1";"5,7"
"2024-04-25 12:00";"21,56";"0,05";"8,9";"2,42";"6,1"
"2024-04-25 13:00";"10,46";"0,02";"9,5";"0,84";"6,000"
"2024-04-25 14:00";"2,17";"0,41";"10,1";"1,41";"7,000"
"2024-04-25 15:00";"3,85";"0,36";"10,3";"0,37";"7,6"
"2024-04-25 16:00";"6,5";"2,98";"10,4";"0,66";"7,7"
"2024-04-25 17:00";"6,32";"2,78";"10,6";"13,12";"7,9"
"2024-04-25 18:00";"1,41";"4,89";"10,1";"10,4";"8,000"
"2024-04-25 19:00";"0,06";"3,5";"8,8";"20,13";"7,4"
"2024-04-25 20:00";"0,000";"10,26";"7,4";"14,61";"6,3"
"2024-04-25 21:00";"0,000";"19,34";"5,7";"12,6";"6,6"
"2024-04-25 22:00";"0,000";"10,96";"4,8";"8,36";"6,8"
"2024-04-25 23:00";"0,000";"12,49";"4,4";"7,61";"6,6"
"2024-04-26 00:00";"0,000";"14,73";"4,000";"8,12";"6,1"
"2024-04-26 01:00";"0,000";"14,68";"3,7";"7,57";"5,9"
"2024-04-26 02:00";"0,000";"14,91";"3,6";"7,26";"5,9"
"2024-04-26 03:00";"0,000";"15,13";"3,2";"5,03";"5,7"
"2024-04-26 04:00";"0,000";"15,09";"3,5";"4,17";"5,000"
"2024-04-26 05:00";"0,000";"15,01";"3,8";"4,11";"5,1"
"2024-04-26 06:00";"0,000";"15,03";"3,5";"2,83";"4,6"
"2024-04-26 07:00";"0,000";"19,000";"3,1";"6,6";"4,6"
"2024-04-26 08:00";"0,000";"11,000";"3,8";"7,15";"5,2"
"2024-04-26 09:00";"0,28";"9,84";"4,4";"2,23";"5,9"
"2024-04-26 10:00";"0,38";"7,27";"5,4";"1,65";"6,4"
"2024-04-26 11:00";"6,05";"2,64";"6,8";"1,57";"7,000"
"2024-04-26 12:00";"1,13";"8,6";"8,3";"0,06";"7,5"
"2024-04-26 13:00";"2,77";"1,44";"9,000";"0,03";"8,3"
"2024-04-26 14:00";"4,2";"4,59";"9,000";"0,000";"8,6"
"2024-04-26 15:00";"0,34";"4,68";"8,9";"0,5";"9,4"
"2024-04-26 16:00";"0,04";"3,64";"8,7";"0,69";"9,7"
"2024-04-26 17:00";"0,000";"6,94";"6,5";"0,02";"9,5"
"2024-04-26 18:00";"0,000";"11,61";"5,9";"7,000";"9,3"
"2024-04-26 19:00";"0,000";"14,39";"5,000";"19,54";"8,8"
"2024-04-26 20:00";"0,000";"24,71";"5,3";"16,12";"8,2"
"2024-04-26 21:00";"0,000";"12,26";"5,5";"24,32";"7,000"
"2024-04-26 22:00";"0,000";"9,88";"5,6";"17,14";"6,6"
"2024-04-26 23:00";"0,000";"7,87";"4,7";"16,27";"5,8"
"2024-04-27 00:00";"0,000";"7,91";"3,9";"17,61";"5,3"
"2024-04-27 01:00";"0,000";"8,62";"3,7";"14,99";"5,2"
"2024-04-27 02:00";"0,000";"7,91";"3,8";"11,64";"4,6"
"2024-04-27 03:00";"0,000";"8,01";"4,3";"9,97";"4,4"
"2024-04-27 04:00";"0,000";"6,77";"3,3";"7,73";"4,000"
"2024-04-27 05:00";"0,000";"4,62";"2,7";"7,47";"3,8"
"2024-04-27 06:00";"0,000";"3,47";"3,4";"5,74";"3,8"
"2024-04-27 07:00";"0,13";"4,27";"4,000";"8,36";"4,1"
"2024-04-27 08:00";"0,1";"12,58";"4,4";"1,06";"4,6"
"2024-04-27 09:00";"2,25";"3,09";"5,7";"0,11";"5,3"
"2024-04-27 10:00";"12,18";"0,000";"7,4";"0,43";"6,6"
"2024-04-27 11:00";"20,39";"0,01";"9,6";"0,36";"7,5"
"2024-04-27 12:00";"23,39";"0,000";"11,3";"0,05";"8,1"
"2024-04-27 13:00";"25,94";"0,000";"12,6";"0,000";"8,8"
"2024-04-27 14:00";"26,69";"0,000";"13,2";"0,01";"8,7"
"2024-04-27 15:00";"24,99";"0,000";"13,6";"0,000";"9,2"
"2024-04-27 16:00";"21,28";"0,000";"14,000";"0,000";"10,1"
"2024-04-27 17:00";"12,8";"0,000";"14,2";"0,14";"10,3"
"2024-04-27 18:00";"0,7";"0,92";"14,4";"5,97";"10,1"
"2024-04-27 19:00";"0,000";"5,46";"13,2";"5,77";"9,6"
"2024-04-27 20:00";"0,000";"9,1";"11,8";"2,4";"8,9"
"2024-04-27 21:00";"0,000";"9,99";"10,4";"5,62";"7,5"
"2024-04-27 22:00";"0,000";"10,07";"9,2";"7,26";"5,4"
"2024-04-27 23:00";"0,000";"7,48";"8,7";"7,64";"4,5"
"2024-04-28 00:00";"0,000";"8,04";"8,9";"7,63";"4,3"
"2024-04-28 01:00";"0,000";"10,24";"9,4";"7,79";"3,7"
"2024-04-28 02:00";"0,000";"9,83";"10,1";"7,94";"3,5"
"2024-04-28 03:00";"0,000";"7,49";"10,3";"6,79";"3,000"
"2024-04-28 04:00";"0,000";"6,99";"9,7";"5,05";"2,1"
"2024-04-28 05:00";"0,000";"6,72";"9,4";"4,31";"0,000"
"2024-04-28 06:00";"0,000";"5,8";"9,4";"3,37";"-1,000"
"2024-04-28 07:00";"0,000";"4,47";"9,8";"5,52";"0,3"
"2024-04-28 08:00";"0,13";"3,26";"11,2";"0,57";"4,3"
"2024-04-28 09:00";"4,82";"2,22";"12,8";"2,44";"6,5"
"2024-04-28 10:00";"15,98";"0,000";"15,000";"0,3";"7,4"
"2024-04-28 11:00";"18,54";"0,000";"16,7";"0,28";"8,4"
"2024-04-28 12:00";"21,19";"0,000";"18,2";"0,28";"9,3"
"2024-04-28 13:00";"14,52";"0,000";"18,9";"0,000";"9,5"
"2024-04-28 14:00";"19,66";"0,000";"18,6";"0,000";"9,9"
"2024-04-28 15:00";"16,11";"0,000";"18,7";"0,000";"10,2"
"2024-04-28 16:00";"10,4";"1,27";"19,3";"0,000";"10,4"
"2024-04-28 17:00";"2,67";"11,84";"19,3";"3,9";"10,1"
"2024-04-28 18:00";"0,04";"15,48";"19,000";"1,48";"9,9"
"2024-04-28 19:00";"0,000";"22,6";"18,2";"9,99";"10,2"
"2024-04-28 20:00";"0,000";"25,55";"17,3";"25,81";"9,2"
"2024-04-28 21:00";"0,000";"20,55";"16,1";"14,66";"8,1"
"2024-04-28 22:00";"0,000";"11,35";"15,5";"10,42";"7,6"
"2024-04-28 23:00";"0,000";"8,93";"14,6";"10,2";"7,1"
"2024-04-29 00:00";"0,000";"8,96";"14,5";"10,33";"6,5"
"2024-04-29 01:00";"0,000";"8,93";"14,7";"10,54";"5,9"
"2024-04-29 02:00";"0,000";"7,07";"13,9";"10,57";"4,8"
"2024-04-29 03:00";"0,000";"5,72";"13,2";"10,69";"3,5"
"2024-04-29 04:00";"0,000";"4,74";"11,8";"10,94";"2,9"
"2024-04-29 05:00";"0,000";"2,11";"10,8";"10,19";"2,2"
"2024-04-29 06:00";"0,000";"1,51";"9,7";"6,22";"1,8"
"2024-04-29 07:00";"0,53";"1,24";"9,1";"4,48";"2,7"
"2024-04-29 08:00";"1,5";"2,09";"10,4";"1,35";"4,9"
"2024-04-29 09:00";"5,18";"1,69";"11,000";"0,01";"7,5"
"2024-04-29 10:00";"11,62";"0,000";"11,3";"0,65";"9,5"
"2024-04-29 11:00";"18,21";"0,000";"11,7";"0,000";"10,9"
"2024-04-29 12:00";"19,44";"0,000";"12,4";"0,000";"11,8"
"2024-04-29 13:00";"25,59";"0,000";"13,7";"0,000";"12,3"
"2024-04-29 14:00";"22,61";"0,000";"14,5";"0,000";"13,000"
"2024-04-29 15:00";"15,21";"0,000";"14,6";"0,000";"12,9"
"2024-04-29 16:00";"13,97";"0,000";"14,8";"0,18";"11,8"
"2024-04-29 17:00";"5,7";"0,54";"15,1";"0,000";"11,9"
"2024-04-29 18:00";"6,32";"0,000";"15,6";"0,000";"11,6"
"2024-04-29 19:00";"0,27";"3,62";"15,5";"0,13";"10,4"
"2024-04-29 20:00";"0,000";"4,13";"14,2";"0,93";"9,2"
"2024-04-29 21:00";"0,000";"2,79";"11,9";"5,13";"8,2"
"2024-04-29 22:00";"0,000";"3,41";"11,3";"10,7";"7,2"
"2024-04-29 23:00";"0,000";"3,04";"10,6";"11,03";"6,5"
"2024-04-30 00:00";"0,000";"3,000";"10,5";"11,15";"6,4"
"2024-04-30 01:00";"0,000";"3,15";"10,3";"10,46";"5,9"
"2024-04-30 02:00";"0,000";"3,09";"9,1";"10,44";"5,2"
"2024-04-30 03:00";"0,000";"3,09";"7,8";"10,72";"4,6"
"2024-04-30 04:00";"0,000";"3,07";"9,6";"11,04";"4,000"
"2024-04-30 05:00";"0,000";"2,91";"11,8";"10,62";"3,5"
"2024-04-30 06:00";"0,01";"1,54";"12,4";"9,44";"3,5"
"2024-04-30 07:00";"0,04";"4,46";"11,8";"6,75";"4,4"
"2024-04-30 08:00";"0,23";"6,73";"11,9";"2,47";"5,8"
"2024-04-30 09:00";"4,07";"2,24";"13,000";"1,03";"6,8"
"2024-04-30 10:00";"12,78";"0,000";"14,6";"4,67";"7,3"
"2024-04-30 11:00";"19,84";"0,000";"16,1";"1,26";"7,9"
"2024-04-30 12:00";"18,87";"0,000";"17,3";"0,02";"8,4"
"2024-04-30 13:00";"21,06";"0,000";"17,8";"0,000";"8,6"
"2024-04-30 14:00";"20,34";"0,000";"18,1";"0,000";"8,8"
"2024-04-30 15:00";"16,98";"0,000";"18,000";"0,000";"9,4"
"2024-04-30 16:00";"17,42";"0,000";"18,3";"0,000";"9,3"
"2024-04-30 17:00";"5,29";"0,000";"18,2";"0,26";"9,6"
"2024-04-30 18:00";"0,37";"4,96";"17,6";"0,82";"9,6"
"2024-04-30 19:00";"0,000";"24,65";"16,1";"1,92";"9,2"
"2024-04-30 20:00";"0,000";"19,87";"15,6";"6,45";"8,7"
"2024-04-30 21:00";"0,000";"7,22";"14,6";"5,22";"7,4"
"2024-04-30 22:00";"0,000";"9,44";"14,000";"12,99";"5,7"
"2024-04-30 23:00";"0,000";"7,45";"13,7";"11,45";"4,6"
"2024-05-01 00:00";"0,000";"9,11";"13,5";"10,86";"3,5"
"2024-05-01 01:00";"0,000";"7,91";"13,2";"10,86";"3,2"
"2024-05-01 02:00";"0,000";"6,55";"13,4";"10,92";"3,8"
"2024-05-01 03:00";"0,000";"6,43";"13,000";"10,83";"3,5"
"2024-05-01 04:00";"0,000";"6,38";"12,4";"10,84";"3,1"
"2024-05-01 05:00";"0,000";"3,53";"12,000";"9,49";"3,000"
"2024-05-01 06:00";"0,000";"1,67";"11,8";"5,45";"3,3"
"2024-05-01 07:00";"0,19";"0,65";"11,9";"0,47";"3,8"
"2024-05-01 08:00";"0,67";"0,26";"12,4";"0,000";"5,6"
"2024-05-01 09:00";"5,73";"0,42";"13,6";"0,000";"8,6"
"2024-05-01 10:00";"10,26";"0,000";"15,3";"0,000";"10,3"
"2024-05-01 11:00";"15,000";"0,000";"17,4";"0,000";"11,3"
"2024-05-01 12:00";"15,47";"0,000";"19,3";"0,000";"12,3"
"2024-05-01 13:00";"23,5";"0,000";"19,5";"0,000";"13,1"
"2024-05-01 14:00";"25,74";"0,000";"19,6";"0,000";"13,6"
"2024-05-01 15:00";"13,81";"0,000";"20,000";"0,000";"13,9"
"2024-05-01 16:00";"17,96";"0,000";"20,000";"0,000";"14,3"
"2024-05-01 17:00";"13,75";"0,000";"19,5";"0,000";"14,5"
"2024-05-01 18:00";"6,01";"0,12";"18,9";"0,27";"13,8"
"2024-05-01 19:00";"0,000";"11,2";"17,9";"0,96";"12,8"
"2024-05-01 20:00";"0,000";"25,8";"16,9";"5,37";"11,8"
"2024-05-01 21:00";"0,000";"19,27";"15,8";"4,87";"10,5"
"2024-05-01 22:00";"0,000";"18,32";"16,000";"11,47";"9,2"
"2024-05-01 23:00";"0,000";"11,59";"16,2";"9,17";"8,4"
"2024-05-02 00:00";"0,000";"6,99";"16,1";"8,24";"8,6"
"2024-05-02 01:00";"0,000";"5,93";"15,9";"6,000";"9,6"
"2024-05-02 02:00";"0,000";"5,9";"15,4";"6,07";"10,000"
"2024-05-02 03:00";"0,000";"6,08";"14,5";"6,1";"9,2"
"2024-05-02 04:00";"0,000";"6,16";"14,000";"6,12";"8,8"
"2024-05-02 05:00";"0,000";"5,71";"13,5";"5,87";"7,7"
"2024-05-02 06:00";"0,000";"4,99";"13,1";"4,19";"6,4"
"2024-05-02 07:00";"0,000";"7,73";"12,8";"4,05";"6,3"
"2024-05-02 08:00";"0,000";"10,15";"13,6";"0,37";"7,1"
"2024-05-02 09:00";"2,02";"2,89";"14,7";"0,000";"8,3"
"2024-05-02 10:00";"8,04";"0,01";"16,3";"0,05";"9,000"
"2024-05-02 11:00";"21,54";"0,000";"17,6";"0,000";"9,8"
"2024-05-02 12:00";"19,42";"0,000";"18,7";"0,000";"9,8"
"2024-05-02 13:00";"26,91";"0,000";"19,5";"0,000";"10,1"
"2024-05-02 14:00";"27,36";"0,000";"19,4";"0,000";"11,1"
"2024-05-02 15:00";"25,06";"0,000";"18,9";"0,000";"11,3"
"2024-05-02 16:00";"22,18";"0,000";"17,8";"1,63";"11,4"
"2024-05-02 17:00";"12,98";"0,000";"17,3";"2,13";"11,3"
"2024-05-02 18:00";"4,2";"3,61";"16,8";"0,000";"11,000"
"2024-05-02 19:00";"0,000";"6,18";"16,8";"1,14";"10,5"
"2024-05-02 20:00";"0,000";"12,22";"16,4";"1,75";"9,9"
"2024-05-02 21:00";"0,000";"8,27";"15,9";"2,08";"8,1"
"2024-05-02 22:00";"0,000";"10,74";"15,8";"9,28";"6,2"
"2024-05-02 23:00";"0,000";"12,3";"15,6";"4,31";"5,1"
"2024-05-03 00:00";"0,000";"12,35";"15,2";"3,07";"4,7"
"2024-05-03 01:00";"0,000";"12,52";"15,2";"3,17";"4,3"
"2024-05-03 02:00";"0,000";"12,6";"14,9";"3,2";"2,7"
"2024-05-03 03:00";"0,000";"12,63";"14,2";"3,35";"3,000"
"2024-05-03 04:00";"0,000";"12,69";"13,5";"3,47";"2,8"
"2024-05-03 05:00";"0,000";"11,55";"13,000";"2,97";"3,2"
"2024-05-03 06:00";"0,000";"7,85";"12,6";"1,2";"4,4"
"2024-05-03 07:00";"0,000";"9,84";"12,8";"2,6";"5,8"
"2024-05-03 08:00";"0,77";"4,24";"13,3";"2,97";"6,7"
"2024-05-03 09:00";"1,7";"3,87";"14,3";"0,26";"7,1"
"2024-05-03 10:00";"4,57";"2,85";"15,6";"0,02";"8,2"
"2024-05-03 11:00";"19,75";"0,000";"16,6";"0,3";"9,3"
"2024-05-03 12:00";"24,7";"0,000";"17,3";"0,05";"10,2"
"2024-05-03 13:00";"25,78";"0,000";"18,9";"0,000";"11,1"
"2024-05-03 14:00";"23,21";"0,000";"19,5";"0,000";"11,5"
"2024-05-03 15:00";"20,82";"0,000";"19,3";"0,000";"11,4"
"2024-05-03 16:00";"20,67";"0,000";"19,4";"0,000";"11,5"
"2024-05-03 17:00";"16,58";"0,000";"18,9";"0,000";"11,6"
"2024-05-03 18:00";"5,55";"0,23";"17,9";"5,87";"11,7"
"2024-05-03 19:00";"0,67";"12,96";"16,8";"6,34";"11,4"
"2024-05-03 20:00";"0,000";"4,88";"15,8";"13,07";"10,7"
"2024-05-03 21:00";"0,000";"2,45";"14,8";"9,13";"8,9"
"2024-05-03 22:00";"0,000";"2,3";"14,4";"9,48";"6,9"
"2024-05-03 23:00";"0,000";"2,14";"13,9";"9,55";"6,5"
"2024-05-04 00:00";"0,000";"2,16";"13,6";"9,6";"4,8"
"2024-05-04 01:00";"0,000";"2,21";"13,2";"9,79";"4,8"
"2024-05-04 02:00";"0,000";"2,29";"12,6";"6,33";"2,9"
"2024-05-04 03:00";"0,000";"2,36";"11,6";"4,14";"1,6"
"2024-05-04 04:00";"0,000";"2,4";"10,6";"3,32";"0,9"
"2024-05-04 05:00";"0,000";"2,03";"9,3";"2,82";"0,5"
"2024-05-04 06:00";"0,17";"0,93";"8,7";"1,73";"0,7"
"2024-05-04 07:00";"1,18";"0,05";"9,9";"1,58";"1,9"
"2024-05-04 08:00";"4,57";"0,000";"10,7";"0,14";"5,6"
"2024-05-04 09:00";"4,53";"0,000";"11,7";"0,05";"8,2"
"2024-05-04 10:00";"8,74";"0,000";"12,2";"0,000";"10,2"
"2024-05-04 11:00";"20,17";"0,000";"14,3";"0,000";"11,2"
"2024-05-04 12:00";"17,31";"1,06";"14,7";"0,000";"11,3"
"2024-05-04 13:00";"23,79";"0,000";"13,4";"0,02";"11,1"
"2024-05-04 14:00";"21,91";"0,000";"15,1";"0,23";"11,8"
"2024-05-04 15:00";"15,02";"0,000";"15,000";"0,000";"12,5"
"2024-05-04 16:00";"3,3";"0,59";"14,6";"0,000";"12,9"
"2024-05-04 17:00";"2,04";"4,74";"14,7";"0,000";"13,000"
"2024-05-04 18:00";"0,01";"17,79";"14,4";"0,08";"12,7"
"2024-05-04 19:00";"0,000";"1,68";"14,1";"7,87";"10,8"
"2024-05-04 20:00";"0,000";"3,32";"13,9";"8,08";"8,6"
"2024-05-04 21:00";"0,000";"14,96";"13,7";"5,42";"7,7"
"2024-05-04 22:00";"0,000";"11,84";"13,6";"6,21";"6,5"
"2024-05-04 23:00";"0,000";"8,78";"12,4";"6,4";"5,6"
"2024-05-05 00:00";"0,000";"8,82";"12,2";"6,58";"5,2"
"2024-05-05 01:00";"0,000";"8,82";"11,9";"6,76";"4,9"
"2024-05-05 02:00";"0,000";"8,92";"11,9";"6,87";"4,7"
"2024-05-05 03:00";"0,000";"8,97";"10,9";"6,94";"4,6"
"2024-05-05 04:00";"0,000";"8,99";"9,9";"7,19";"4,5"
"2024-05-05 05:00";"0,000";"6,47";"9,6";"6,61";"4,3"
"2024-05-05 06:00";"0,000";"4,38";"9,5";"5,68";"4,3"
"2024-05-05 07:00";"0,000";"3,74";"10,4";"6,02";"4,8"
"2024-05-05 08:00";"0,02";"2,18";"11,9";"3,35";"5,9"
"2024-05-05 09:00";"2,31";"0,3";"12,2";"0,75";"6,9"
"2024-05-05 10:00";"12,000";"0,000";"13,2";"0,58";"7,4"
"2024-05-05 11:00";"4,39";"3,04";"15,000";"0,02";"7,7"
"2024-05-05 12:00";"7,19";"0,29";"16,6";"0,02";"7,4"
"2024-05-05 13:00";"3,85";"0,22";"17,1";"0,000";"7,3"
"2024-05-05 14:00";"1,24";"1,24";"15,3";"0,000";"7,1"
"2024-05-05 15:00";"1,47";"0,76";"12,2";"0,000";"7,1"
"2024-05-05 16:00";"3,07";"0,35";"12,3";"0,000";"6,9"
"2024-05-05 17:00";"0,23";"12,6";"13,000";"0,000";"6,6"
"2024-05-05 18:00";"1,7";"3,55";"13,3";"0,000";"6,2"
"2024-05-05 19:00";"1,46";"11,43";"13,8";"10,49";"5,6"
"2024-05-05 20:00";"0,000";"8,42";"13,5";"8,73";"5,2"
"2024-05-05 21:00";"0,000";"10,47";"12,4";"11,79";"4,7"
"2024-05-05 22:00";"0,000";"3,01";"11,7";"4,18";"4,2"
"2024-05-05 23:00";"0,000";"2,05";"11,000";"6,12";"4,2"
"2024-05-06 00:00";"0,000";"2,23";"10,5";"7,84";"4,2"
"2024-05-06 01:00";"0,000";"2,34";"9,7";"7,99";"3,9"
"2024-05-06 02:00";"0,000";"2,43";"9,000";"8,02";"3,6"
"2024-05-06 03:00";"0,000";"2,44";"8,9";"8,24";"3,4"
"2024-05-06 04:00";"0,000";"2,5";"9,6";"8,15";"3,6"
"2024-05-06 05:00";"0,000";"2,54";"9,9";"7,4";"3,7"
"2024-05-06 06:00";"0,000";"1,84";"9,8";"5,71";"4,000"
"2024-05-06 07:00";"0,05";"4,68";"9,9";"3,01";"4,7"
"2024-05-06 08:00";"0,05";"1,62";"10,1";"0,62";"5,8"
"2024-05-06 09:00";"0,19";"4,18";"10,3";"0,31";"6,8"
"2024-05-06 10:00";"0,03";"13,4";"11,000";"0,000";"8,4"
"2024-05-06 11:00";"0,3";"6,17";"11,8";"0,000";"9,3"
"2024-05-06 12:00";"2,12";"1,87";"12,3";"0,02";"9,3"
"2024-05-06 13:00";"1,09";"8,5";"11,9";"0,000";"9,2"
"2024-05-06 14:00";"7,69";"1,34";"12,5";"0,000";"9,8"
"2024-05-06 15:00";"5,02";"2,08";"12,9";"0,000";"9,7"
"2024-05-06 16:00";"9,77";"0,09";"12,8";"0,000";"9,7"
"2024-05-06 17:00";"0,19";"10,58";"12,6";"3,35";"9,4"
"2024-05-06 18:00";"0,03";"4,3";"12,4";"10,22";"8,7"
"2024-05-06 19:00";"0,03";"3,31";"12,9";"11,72";"7,6"
"2024-05-06 20:00";"0,000";"5,87";"11,9";"6,58";"6,3"
"2024-05-06 21:00";"0,000";"15,1";"11,4";"6,65";"5,000"
"2024-05-06 22:00";"0,000";"19,72";"11,000";"14,86";"4,1"
"2024-05-06 23:00";"0,000";"15,69";"10,3";"10,6";"3,6"
"2024-05-07 00:00";"0,000";"13,01";"9,8";"10,76";"3,4"
"2024-05-07 01:00";"0,000";"13,75";"9,4";"10,83";"3,5"
"2024-05-07 02:00";"0,000";"13,29";"8,7";"10,98";"3,3"
"2024-05-07 03:00";"0,000";"13,61";"8,2";"11,02";"3,2"
"2024-05-07 04:00";"0,000";"13,74";"7,1";"11,24";"3,2"
"2024-05-07 05:00";"0,000";"13,33";"5,9";"10,55";"3,3"
"2024-05-07 06:00";"0,000";"13,12";"5,1";"9,29";"3,1"
"2024-05-07 07:00";"0,000";"12,1";"5,6";"6,46";"3,8"
"2024-05-07 08:00";"0,66";"2,52";"6,9";"1,22";"5,4"
"2024-05-07 09:00";"6,14";"0,79";"8,5";"0,000";"7,8"
"2024-05-07 10:00";"8,54";"2,41";"9,8";"0,000";"10,6"
"2024-05-07 11:00";"18,24";"0,000";"11,1";"0,000";"12,9"
"2024-05-07 12:00";"17,76";"0,000";"12,4";"0,000";"13,5"
"2024-05-07 13:00";"25,33";"0,000";"13,4";"0,000";"13,9"
"2024-05-07 14:00";"33,04";"0,000";"14,6";"0,000";"14,6"
"2024-05-07 15:00";"21,13";"0,09";"14,6";"0,000";"14,7"
"2024-05-07 16:00";"17,97";"0,000";"13,6";"0,000";"14,7"
"2024-05-07 17:00";"15,92";"0,000";"12,9";"0,87";"14,5"
"2024-05-07 18:00";"6,64";"0,000";"13,2";"7,83";"14,000"
"2024-05-07 19:00";"0,6";"1,24";"12,6";"9,18";"13,2"
"2024-05-07 20:00";"0,000";"5,11";"11,6";"11,47";"12,4"
"2024-05-07 21:00";"0,000";"6,01";"10,000";"9,58";"10,8"
"2024-05-07 22:00";"0,000";"6,09";"8,4";"8,4";"9,000"
"2024-05-07 23:00";"0,000";"6,17";"7,2";"6,14";"7,6"
"2024-05-08 00:00";"0,000";"6,39";"6,6";"6,3";"6,9"
"2024-05-08 01:00";"0,000";"6,62";"5,9";"6,43";"6,6"
"2024-05-08 02:00";"0,000";"6,89";"5,6";"6,6";"6,5"
"2024-05-08 03:00";"0,000";"7,11";"5,2";"6,81";"6,6"
"2024-05-08 04:00";"0,000";"7,08";"4,000";"3,75";"6,3"
"2024-05-08 05:00";"0,000";"6,49";"4,4";"2,73";"6,4"
"2024-05-08 06:00";"0,000";"5,52";"5,4";"1,6";"6,000"
"2024-05-08 07:00";"0,000";"9,01";"6,5";"3,43";"6,9"
"2024-05-08 08:00";"2,61";"2,62";"8,3";"1,89";"9,1"
"2024-05-08 09:00";"3,92";"2,67";"10,2";"1,29";"11,8"
"2024-05-08 10:00";"11,65";"0,15";"11,9";"0,000";"13,8"
"2024-05-08 11:00";"23,16";"0,000";"12,3";"0,000";"14,6"
"2024-05-08 12:00";"26,51";"0,000";"13,3";"0,000";"15,4"
"2024-05-08 13:00";"28,4";"0,000";"14,4";"0,000";"15,8"
"2024-05-08 14:00";"24,36";"0,000";"15,5";"0,000";"15,9"
"2024-05-08 15:00";"18,99";"0,000";"15,5";"0,000";"16,000"
"2024-05-08 16:00";"15,24";"0,000";"15,8";"0,000";"15,6"
"2024-05-08 17:00";"12,49";"0,000";"15,9";"0,01";"15,5"
"2024-05-08 18:00";"4,8";"1,85";"15,8";"0,75";"15,3"
"2024-05-08 19:00";"0,000";"15,98";"15,2";"1,02";"15,000"
"2024-05-08 20:00";"0,000";"18,42";"14,1";"2,92";"14,4"
"2024-05-08 21:00";"0,000";"11,35";"12,4";"10,92";"13,2"
"2024-05-08 22:00";"0,000";"18,09";"10,6";"11,48";"11,6"
"2024-05-08 23:00";"0,000";"9,59";"9,000";"14,9";"9,9"
"2024-05-09 00:00";"0,000";"8,72";"8,2";"15,52";"8,6"
"2024-05-09 01:00";"0,000";"6,11";"7,4";"10,16";"8,8"
"2024-05-09 02:00";"0,000";"6,21";"6,5";"8,96";"8,7"
"2024-05-09 03:00";"0,000";"6,3";"6,3";"6,3";"7,9"
"2024-05-09 04:00";"0,000";"6,32";"6,6";"6,09";"7,2"
"2024-05-09 05:00";"0,000";"5,72";"7,1";"5,44";"7,2"
"2024-05-09 06:00";"0,000";"3,86";"7,2";"1,2";"7,7"
"2024-05-09 07:00";"0,05";"2,3";"8,8";"1,78";"8,7"
"2024-05-09 08:00";"2,31";"1,26";"9,8";"0,04";"11,1"
"2024-05-09 09:00";"1,7";"4,61";"11,4";"0,000";"12,5"
"2024-05-09 10:00";"15,83";"0,1";"12,1";"0,000";"13,2"
"2024-05-09 11:00";"26,83";"0,000";"12,9";"0,000";"13,6"
"2024-05-09 12:00";"26,05";"0,000";"13,7";"0,000";"14,000"
"2024-05-09 13:00";"16,55";"0,000";"14,6";"0,000";"14,5"
"2024-05-09 14:00";"13,03";"0,000";"15,5";"0,000";"15,000"
"2024-05-09 15:00";"4,8";"1,17";"15,9";"0,000";"15,1"
"2024-05-09 16:00";"3,66";"0,83";"16,000";"0,000";"15,8"
"2024-05-09 17:00";"0,11";"1,69";"15,2";"0,000";"16,4"
"2024-05-09 18:00";"0,76";"0,86";"14,2";"0,08";"16,7"
"2024-05-09 19:00";"0,000";"6,99";"14,5";"8,07";"16,6"
"2024-05-09 20:00";"0,000";"9,17";"14,7";"4,03";"15,6"
"2024-05-09 21:00";"0,000";"17,87";"14,1";"6,74";"13,9"
"2024-05-09 22:00";"0,000";"5,72";"12,6";"5,87";"12,2"
"2024-05-09 23:00";"0,000";"5,75";"12,1";"5,41";"11,1"
"2024-05-10 00:00";"0,000";"5,84";"12,000";"5,48";"10,8"
"2024-05-10 01:00";"0,000";"5,92";"12,1";"5,46";"10,7"
"2024-05-10 02:00";"0,000";"5,96";"12,000";"5,62";"11,1"
"2024-05-10 03:00";"0,000";"6,05";"11,7";"5,71";"10,9"
"2024-05-10 04:00";"0,000";"6,05";"11,6";"5,67";"10,9"
"2024-05-10 05:00";"0,000";"5,98";"11,6";"4,85";"10,5"
"2024-05-10 06:00";"0,000";"5,28";"11,6";"3,69";"10,3"
"2024-05-10 07:00";"0,000";"5,76";"11,6";"2,13";"10,8"
"2024-05-10 08:00";"0,000";"7,38";"11,7";"1,44";"11,8"
"2024-05-10 09:00";"0,02";"17,48";"12,1";"0,46";"12,7"
"2024-05-10 10:00";"0,05";"12,04";"12,2";"0,01";"13,4"
"2024-05-10 11:00";"0,06";"11,19";"12,7";"0,000";"14,7"
"2024-05-10 12:00";"0,01";"8,39";"13,1";"0,000";"16,4"
"2024-05-10 13:00";"0,24";"2,58";"12,7";"0,000";"17,1"
"2024-05-10 14:00";"0,18";"5,37";"13,4";"0,000";"17,9"
"2024-05-10 15:00";"0,36";"3,53";"13,8";"0,000";"18,4"
"2024-05-10 16:00";"2,37";"0,54";"14,2";"0,000";"18,7"
"2024-05-10 17:00";"5,66";"0,000";"14,2";"0,71";"19,000"
"2024-05-10 18:00";"2,18";"4,96";"14,4";"1,52";"19,000"
"2024-05-10 19:00";"0,02";"9,68";"14,3";"4,85";"18,5"
"2024-05-10 20:00";"0,000";"8,22";"13,5";"1,19";"17,4"
"2024-05-10 21:00";"0,000";"6,73";"12,5";"12,03";"15,8"
"2024-05-10 22:00";"0,000";"9,35";"11,5";"5,52";"14,3"
"2024-05-10 23:00";"0,000";"5,18";"10,1";"5,59";"13,3"
"2024-05-11 00:00";"0,000";"6,09";"9,5";"5,57";"12,6"
"2024-05-11 01:00";"0,000";"6,19";"8,9";"5,65";"12,9"
"2024-05-11 02:00";"0,000";"6,17";"8,7";"5,66";"13,6"
"2024-05-11 03:00";"0,000";"7,05";"8,7";"5,68";"13,000"
"2024-05-11 04:00";"0,000";"6,46";"6,9";"5,87";"12,5"
"2024-05-11 05:00";"0,000";"6,02";"6,1";"4,99";"12,5"
"2024-05-11 06:00";"0,000";"4,12";"6,000";"4,02";"12,1"
"2024-05-11 07:00";"0,49";"1,92";"7,5";"5,22";"12,3"
"2024-05-11 08:00";"3,09";"0,03";"9,1";"2,61";"13,000"
"2024-05-11 09:00";"8,91";"0,000";"9,6";"0,000";"14,4"
"2024-05-11 10:00";"17,47";"0,000";"10,3";"0,000";"15,8"
"2024-05-11 11:00";"11,76";"0,000";"12,7";"0,000";"16,8"
"2024-05-11 12:00";"11,6";"0,43";"14,1";"0,000";"18,6"
"2024-05-11 13:00";"9,75";"1,01";"14,7";"0,000";"19,3"
"2024-05-11 14:00";"6,92";"4,8";"14,9";"0,000";"19,4"
"2024-05-11 15:00";"21,87";"0,000";"15,8";"0,000";"19,7"
"2024-05-11 16:00";"13,97";"1,87";"16,2";"0,000";"20,1"
"2024-05-11 17:00";"3,68";"2,65";"16,4";"0,000";"20,3"
"2024-05-11 18:00";"0,87";"2,14";"15,8";"0,000";"19,8"
"2024-05-11 19:00";"0,000";"13,72";"14,5";"0,58";"19,1"
"2024-05-11 20:00";"0,000";"18,77";"12,9";"10,83";"17,8"
"2024-05-11 21:00";"0,000";"19,92";"12,5";"13,31";"16,1"
"2024-05-11 22:00";"0,000";"17,64";"10,7";"13,58";"14,3"
"2024-05-11 23:00";"0,000";"9,74";"9,6";"12,2";"12,5"
"2024-05-12 00:00";"0,000";"9,64";"8,000";"12,25";"11,2"
"2024-05-12 01:00";"0,000";"6,85";"7,000";"12,2";"10,7"
"2024-05-12 02:00";"0,000";"6,52";"6,7";"12,25";"10,3"
"2024-05-12 03:00";"0,000";"6,65";"6,8";"12,39";"9,9"
"2024-05-12 04:00";"0,000";"6,78";"5,8";"12,29";"9,9"
"2024-05-12 05:00";"0,000";"6,52";"4,7";"11,62";"10,000"
"2024-05-12 06:00";"0,000";"5,74";"3,5";"7,54";"10,3"
"2024-05-12 07:00";"0,000";"6,73";"6,1";"8,98";"11,4"
"2024-05-12 08:00";"0,000";"10,45";"9,7";"2,88";"13,2"
"2024-05-12 09:00";"2,21";"1,78";"11,5";"9,54";"15,4"
"2024-05-12 10:00";"11,39";"0,01";"13,4";"5,01";"17,6"
"2024-05-12 11:00";"8,43";"0,000";"14,6";"0,54";"19,6"
"2024-05-12 12:00";"20,25";"0,000";"15,5";"0,05";"19,9"
"2024-05-12 13:00";"24,82";"0,000";"16,000";"0,000";"20,3"
"2024-05-12 14:00";"20,51";"0,000";"16,5";"0,000";"20,5"
"2024-05-12 15:00";"25,25";"0,000";"16,8";"0,000";"20,6"
"2024-05-12 16:00";"17,44";"0,000";"16,9";"0,000";"20,7"
"2024-05-12 17:00";"6,78";"3,23";"16,7";"0,000";"20,5"
"2024-05-12 18:00";"0,65";"7,23";"16,6";"0,02";"19,8"
"2024-05-12 19:00";"0,4";"7,27";"16,2";"5,87";"19,000"
"2024-05-12 20:00";"0,000";"10,86";"15,2";"10,29";"18,1"
"2024-05-12 21:00";"0,000";"5,41";"13,3";"15,52";"16,7"
"2024-05-12 22:00";"0,000";"5,51";"10,7";"13,28";"14,8"
"2024-05-12 23:00";"0,000";"5,57";"9,000";"12,35";"13,3"
"2024-05-13 00:00";"0,000";"5,79";"8,7";"12,33";"11,8"
"2024-05-13 01:00";"0,000";"5,9";"8,4";"12,39";"10,8"
"2024-05-13 02:00";"0,000";"4,25";"7,5";"12,35";"9,1"
"2024-05-13 03:00";"0,000";"2,62";"7,7";"9,38";"7,9"
"2024-05-13 04:00";"0,000";"2,67";"8,3";"9,12";"8,000"
"2024-05-13 05:00";"0,000";"2,32";"8,3";"8,6";"7,000"
"2024-05-13 06:00";"0,000";"1,71";"8,4";"7,6";"6,1"
"2024-05-13 07:00";"0,06";"2,04";"9,5";"5,89";"7,6"
"2024-05-13 08:00";"2,69";"0,04";"11,3";"1,04";"13,000"
"2024-05-13 09:00";"8,46";"0,000";"13,000";"0,29";"15,3"
"2024-05-13 10:00";"14,89";"0,000";"14,8";"0,000";"17,7"
"2024-05-13 11:00";"22,56";"0,000";"16,5";"0,000";"20,4"
"2024-05-13 12:00";"22,32";"0,000";"18,1";"0,000";"21,2"
"2024-05-13 13:00";"24,01";"0,000";"18,7";"0,000";"21,2"
"2024-05-13 14:00";"18,14";"0,000";"19,000";"0,000";"21,6"
"2024-05-13 15:00";"23,53";"0,000";"19,2";"0,000";"22,000"
"2024-05-13 16:00";"16,9";"0,000";"19,3";"0,000";"21,7"
"2024-05-13 17:00";"14,93";"0,000";"19,5";"0,000";"21,8"
"2024-05-13 18:00";"4,67";"1,2";"19,000";"0,000";"21,8"
"2024-05-13 19:00";"0,05";"3,73";"18,3";"0,83";"21,1"
"2024-05-13 20:00";"0,000";"5,47";"17,3";"11,81";"20,2"
"2024-05-13 21:00";"0,000";"5,41";"15,9";"12,48";"18,3"
"2024-05-13 22:00";"0,000";"5,4";"14,1";"6,3";"16,3"
"2024-05-13 23:00";"0,000";"5,47";"12,5";"8,46";"15,1"
"2024-05-14 00:00";"0,000";"5,57";"11,9";"7,42";"14,2"
"2024-05-14 01:00";"0,000";"5,56";"11,6";"5,85";"13,7"
"2024-05-14 02:00";"0,000";"5,73";"11,6";"5,5";"12,8"
"2024-05-14 03:00";"0,000";"5,76";"11,9";"5,62";"12,3"
"2024-05-14 04:00";"0,000";"5,76";"11,8";"5,44";"12,5"
"2024-05-14 05:00";"0,000";"5,38";"11,4";"4,45";"13,1"
"2024-05-14 06:00";"0,000";"4,92";"11,2";"3,28";"13,5"
"2024-05-14 07:00";"0,000";"5,26";"12,1";"0,13";"14,1"
"2024-05-14 08:00";"1,39";"2,18";"13,4";"0,000";"15,000"
"2024-05-14 09:00";"10,87";"0,08";"15,000";"0,000";"16,8"
"2024-05-14 10:00";"12,63";"0,26";"16,9";"0,000";"18,000"
"2024-05-14 11:00";"27,000";"0,000";"18,4";"0,000";"19,4"
"2024-05-14 12:00";"31,08";"0,000";"19,4";"0,000";"21,3"
"2024-05-14 13:00";"26,87";"0,000";"20,000";"0,12";"22,7"
"2024-05-14 14:00";"26,43";"0,000";"20,3";"0,07";"21,6"
"2024-05-14 15:00";"24,24";"0,000";"20,4";"0,000";"21,8"
"2024-05-14 16:00";"27,07";"0,000";"20,3";"0,000";"23,000"
"2024-05-14 17:00";"18,74";"0,000";"20,2";"0,16";"22,3"
"2024-05-14 18:00";"8,48";"0,000";"19,7";"0,000";"22,1"
"2024-05-14 19:00";"0,8";"0,84";"18,7";"1,74";"21,4"
"2024-05-14 20:00";"0,000";"4,48";"17,3";"7,03";"20,3"
"2024-05-14 21:00";"0,000";"8,15";"15,6";"11,38";"18,7"
"2024-05-14 22:00";"0,000";"7,91";"14,000";"8,42";"16,1"
"2024-05-14 23:00";"0,000";"6,13";"13,000";"8,57";"14,3"
"2024-05-15 00:00";"0,000";"5,72";"12,4";"8,55";"14,000"
"2024-05-15 01:00";"0,000";"5,84";"12,000";"8,63";"12,8"
"2024-05-15 02:00";"0,000";"6,01";"11,7";"8,64";"13,1"
"2024-05-15 03:00";"0,000";"5,89";"11,9";"8,6";"13,6"
"2024-05-15 04:00";"0,000";"5,82";"11,8";"7,73";"11,6"
"2024-05-15 05:00";"0,000";"5,16";"11,7";"4,28";"12,2"
"2024-05-15 06:00";"0,000";"4,3";"11,6";"2,6";"13,4"
"2024-05-15 07:00";"0,000";"3,81";"12,3";"3,93";"14,5"
"2024-05-15 08:00";"2,17";"0,28";"14,1";"0,07";"15,4"
"2024-05-15 09:00";"9,36";"0,000";"15,9";"0,01";"16,4"
"2024-05-15 10:00";"13,04";"0,000";"18,3";"0,1";"18,7"
"2024-05-15 11:00";"26,03";"0,000";"19,4";"0,01";"19,6"
"2024-05-15 12:00";"28,8";"0,000";"21,2";"0,000";"20,5"
"2024-05-15 13:00";"33,03";"0,000";"21,9";"0,01";"21,000"
"2024-05-15 14:00";"33,07";"0,000";"22,1";"0,36";"21,4"
"2024-05-15 15:00";"29,98";"0,000";"21,9";"0,32";"21,5"
"2024-05-15 16:00";"27,2";"0,000";"21,6";"0,06";"21,3"
"2024-05-15 17:00";"19,56";"0,000";"21,4";"0,000";"20,1"
"2024-05-15 18:00";"10,41";"1,8";"20,8";"0,000";"20,5"
"2024-05-15 19:00";"0,26";"9,22";"19,9";"0,12";"19,7"
"2024-05-15 20:00";"0,01";"8,44";"18,9";"2,63";"18,000"
"2024-05-15 21:00";"0,000";"8,1";"17,2";"4,96";"16,5"
"2024-05-15 22:00";"0,000";"3,000";"15,3";"10,1";"15,2"
"2024-05-15 23:00";"0,000";"2,39";"14,3";"5,97";"14,3"
"2024-05-16 00:00";"0,000";"2,35";"13,6";"6,86";"13,7"
"2024-05-16 01:00";"0,000";"2,39";"13,000";"5,43";"13,2"
"2024-05-16 02:00";"0,000";"2,32";"12,4";"5,4";"12,2"
"2024-05-16 03:00";"0,000";"2,36";"12,3";"5,4";"11,6"
"2024-05-16 04:00";"0,000";"2,33";"12,2";"5,44";"11,1"
"2024-05-16 05:00";"0,000";"1,74";"12,000";"5,26";"10,4"
"2024-05-16 06:00";"0,000";"0,89";"11,9";"4,67";"10,2"
"2024-05-16 07:00";"0,72";"0,9";"13,2";"4,21";"9,5"
"2024-05-16 08:00";"6,26";"0,000";"14,5";"11,82";"9,5"
"2024-05-16 09:00";"13,06";"0,000";"16,2";"8,29";"10,1"
"2024-05-16 10:00";"19,47";"0,000";"18,2";"7,63";"10,6"
"2024-05-16 11:00";"29,11";"0,000";"18,6";"0,04";"10,9"
"2024-05-16 12:00";"31,42";"0,000";"19,3";"0,06";"10,7"
"2024-05-16 13:00";"32,99";"0,000";"19,8";"0,01";"11,2"
"2024-05-16 14:00";"32,17";"0,000";"19,7";"0,000";"13,4"
"2024-05-16 15:00";"32,15";"0,000";"19,5";"2,03";"13,5"
"2024-05-16 16:00";"21,9";"0,000";"19,4";"6,47";"12,3"
"2024-05-16 17:00";"14,58";"0,000";"18,7";"7,62";"11,5"
"2024-05-16 18:00";"7,53";"0,000";"17,7";"11,42";"11,2"
"2024-05-16 19:00";"0,17";"0,87";"17,1";"12,98";"11,1"
"2024-05-16 20:00";"0,000";"6,83";"16,000";"7,41";"10,6"
"2024-05-16 21:00";"0,000";"16,65";"14,7";"12,52";"9,5"
"2024-05-16 22:00";"0,000";"12,45";"13,7";"9,65";"9,1"
"2024-05-16 23:00";"0,000";"10,01";"13,2";"6,01";"7,6"
"2024-05-17 00:00";"0,000";"9,29";"12,7";"6,06";"7,4"
"2024-05-17 01:00";"0,000";"9,11";"12,6";"6,07";"9,000"
"2024-05-17 02:00";"0,000";"9,09";"13,000";"6,26";"9,2"
"2024-05-17 03:00";"0,000";"9,21";"12,8";"6,27";"8,4"
"2024-05-17 04:00";"0,000";"6,09";"12,9";"6,36";"8,000"
"2024-05-17 05:00";"0,000";"5,08";"12,5";"7,38";"7,6"
"2024-05-17 06:00";"0,000";"4,49";"12,2";"2,97";"6,6"
"2024-05-17 07:00";"0,000";"5,24";"13,000";"6,27";"6,6"
"2024-05-17 08:00";"2,5";"1,06";"14,2";"10,02";"7,000"
"2024-05-17 09:00";"2,96";"2,93";"15,8";"0,58";"7,7"
"2024-05-17 10:00";"15,56";"0,000";"17,3";"0,43";"8,3"
"2024-05-17 11:00";"24,69";"0,000";"18,9";"0,01";"9,000"
"2024-05-17 12:00";"23,06";"0,000";"20,000";"0,07";"9,7"
"2024-05-17 13:00";"23,87";"0,000";"20,5";"0,09";"10,2"
"2024-05-17 14:00";"23,89";"0,000";"20,3";"4,24";"10,9"
"2024-05-17 15:00";"22,35";"0,000";"19,9";"0,04";"11,2"
"2024-05-17 16:00";"20,05";"0,000";"19,2";"0,01";"11,6"
"2024-05-17 17:00";"11,58";"0,7";"18,7";"1,44";"11,6"
"2024-05-17 18:00";"0,37";"4,85";"17,9";"0,65";"11,6"
"2024-05-17 19:00";"0,000";"11,06";"16,9";"4,5";"11,4"
"2024-05-17 20:00";"0,000";"13,33";"16,2";"12,19";"10,9"
"2024-05-17 21:00";"0,000";"17,32";"15,4";"19,33";"9,8"
"2024-05-17 22:00";"0,000";"9,17";"14,3";"13,35";"7,4"
"2024-05-17 23:00";"0,000";"5,26";"13,2";"9,44";"6,2"
"2024-05-18 00:00";"0,000";"7,05";"12,5";"9,51";"5,4"
"2024-05-18 01:00";"0,000";"6,01";"12,1";"9,66";"4,7"
"2024-05-18 02:00";"0,000";"5,47";"11,8";"6,83";"4,4"
"2024-05-18 03:00";"0,000";"5,33";"11,4";"6,69";"3,8"
"2024-05-18 04:00";"0,000";"5,28";"10,7";"6,72";"2,6"
"2024-05-18 05:00";"0,000";"4,72";"10,4";"6,01";"1,8"
"2024-05-18 06:00";"0,000";"4,5";"10,9";"4,85";"1,9"
"2024-05-18 07:00";"0,000";"3,41";"12,1";"3,1";"3,7"
"2024-05-18 08:00";"2,03";"1,6";"14,000";"2,57";"6,8"
"2024-05-18 09:00";"2,85";"1,79";"15,9";"3,96";"7,8"
"2024-05-18 10:00";"17,12";"0,000";"18,5";"1,04";"8,000"
"2024-05-18 11:00";"22,13";"0,000";"19,8";"0,000";"8,7"
"2024-05-18 12:00";"24,89";"0,000";"20,6";"0,05";"9,6"
"2024-05-18 13:00";"26,88";"0,000";"21,4";"0,000";"10,3"
"2024-05-18 14:00";"26,77";"0,000";"22,1";"0,000";"10,9"
"2024-05-18 15:00";"25,26";"0,000";"22,5";"0,000";"11,7"
"2024-05-18 16:00";"20,58";"0,000";"22,5";"0,000";"12,2"
"2024-05-18 17:00";"14,07";"0,000";"22,4";"0,000";"12,6"
"2024-05-18 18:00";"7,68";"0,000";"21,9";"0,000";"12,6"
"2024-05-18 19:00";"0,77";"4,99";"21,2";"0,11";"12,4"
"2024-05-18 20:00";"0,000";"5,69";"20,1";"1,61";"11,8"
"2024-05-18 21:00";"0,000";"20,78";"18,6";"5,57";"10,3"
"2024-05-18 22:00";"0,000";"10,72";"16,4";"9,66";"8,4"
"2024-05-18 23:00";"0,000";"1,84";"15,4";"9,68";"6,2"
"2024-05-19 00:00";"0,000";"3,74";"14,9";"9,74";"5,1"
"2024-05-19 01:00";"0,000";"4,25";"14,9";"10,04";"4,6"
"2024-05-19 02:00";"0,000";"2,16";"14,6";"10,01";"3,9"
"2024-05-19 03:00";"0,000";"2,05";"14,1";"10,15";"2,6"
"2024-05-19 04:00";"0,000";"1,92";"13,4";"10,18";"1,6"
"2024-05-19 05:00";"0,000";"1,19";"13,4";"7,86";"1,3"
"2024-05-19 06:00";"0,05";"0,6";"13,4";"4,85";"0,6"
"2024-05-19 07:00";"1,88";"0,05";"13,6";"6,29";"2,3"
"2024-05-19 08:00";"6,34";"0,000";"14,9";"4,55";"5,000"
"2024-05-19 09:00";"9,34";"0,000";"15,9";"4,54";"10,1"
"2024-05-19 10:00";"11,38";"0,000";"18,5";"0,000";"12,8"
"2024-05-19 11:00";"11,72";"0,04";"20,9";"0,000";"14,7"
"2024-05-19 12:00";"13,67";"0,000";"21,6";"0,000";"15,3"
"2024-05-19 13:00";"22,4";"0,000";"22,7";"0,02";"16,7"
"2024-05-19 14:00";"17,07";"0,21";"23,000";"0,02";"15,9"
"2024-05-19 15:00";"23,22";"0,000";"23,000";"0,000";"15,1"
"2024-05-19 16:00";"19,39";"0,000";"22,5";"3,36";"15,3"
"2024-05-19 17:00";"16,25";"0,000";"22,7";"1,32";"15,000"
"2024-05-19 18:00";"8,72";"0,000";"21,8";"2,44";"15,1"
"2024-05-19 19:00";"1,15";"8,31";"20,2";"13,06";"15,5"
"2024-05-19 20:00";"0,000";"15,56";"19,6";"13,88";"15,4"
"2024-05-19 21:00";"0,000";"7,32";"17,5";"11,86";"13,1"
"2024-05-19 22:00";"0,000";"6,63";"15,1";"9,23";"10,5"
"2024-05-19 23:00";"0,000";"4,79";"14,000";"9,16";"9,2"
"2024-05-20 00:00";"0,000";"4,89";"12,5";"9,06";"8,4"
"2024-05-20 01:00";"0,000";"4,99";"12,4";"7,26";"7,5"
"2024-05-20 02:00";"0,000";"4,99";"11,6";"6,39";"6,5"
"2024-05-20 03:00";"0,000";"5,07";"11,1";"6,24";"5,6"
"2024-05-20 04:00";"0,000";"4,92";"11,3";"6,19";"4,000"
"2024-05-20 05:00";"0,000";"4,38";"10,7";"5,4";"3,000"
"2024-05-20 06:00";"0,000";"3,86";"11,1";"4,38";"3,2"
"2024-05-20 07:00";"0,000";"5,35";"13,8";"3,53";"7,5"
"2024-05-20 08:00";"0,43";"1,81";"17,1";"0,4";"11,1"
"2024-05-20 09:00";"5,51";"2,07";"18,5";"0,000";"13,6"
"2024-05-20 10:00";"11,09";"0,000";"19,8";"0,000";"14,8"
"2024-05-20 11:00";"18,7";"0,000";"20,3";"0,000";"16,1"
"2024-05-20 12:00";"21,91";"0,000";"20,7";"0,000";"16,8"
"2024-05-20 13:00";"25,3";"0,000";"21,000";"0,000";"17,4"
"2024-05-20 14:00";"24,09";"0,000";"21,2";"0,000";"17,6"
"2024-05-20 15:00";"14,81";"0,03";"21,7";"0,000";"17,8"
"2024-05-20 16:00";"19,72";"0,000";"21,3";"0,000";"17,3"
"2024-05-20 17:00";"15,42";"0,000";"21,2";"0,000";"17,5"
"2024-05-20 18:00";"9,93";"0,000";"20,3";"0,12";"17,5"
"2024-05-20 19:00";"1,85";"6,58";"19,2";"1,14";"17,1"
"2024-05-20 20:00";"0,000";"5,33";"17,8";"3,08";"15,8"
"2024-05-20 21:00";"0,000";"7,07";"16,7";"3,85";"14,6"
"2024-05-20 22:00";"0,000";"5,21";"15,7";"4,51";"13,1"
"2024-05-20 23:00";"0,000";"3,8";"14,9";"5,63";"12,000"
"2024-05-21 00:00";"0,000";"2,33";"14,5";"7,22";"11,6"
"2024-05-21 01:00";"0,000";"1,93";"14,3";"8,62";"11,2"
"2024-05-21 02:00";"0,000";"1,95";"14,1";"7,24";"10,9"
"2024-05-21 03:00";"0,000";"1,95";"13,6";"5,96";"10,9"
"2024-05-21 04:00";"0,000";"1,76";"13,000";"5,74";"11,3"
"2024-05-21 05:00";"0,000";"1,22";"12,4";"4,67";"11,3"
"2024-05-21 06:00";"0,000";"0,86";"11,8";"2,18";"11,7"
"2024-05-21 07:00";"0,12";"2,83";"12,000";"0,6";"12,8"
"2024-05-21 08:00";"0,7";"6,38";"13,3";"0,08";"14,000"
"2024-05-21 09:00";"6,31";"0,11";"15,1";"0,000";"16,6"
"2024-05-21 10:00";"7,02";"1,4";"16,6";"0,000";"17,8"
"2024-05-21 11:00";"10,52";"0,92";"18,000";"2,23";"18,9"
"2024-05-21 12:00";"21,07";"0,000";"18,5";"0,000";"20,6"
"2024-05-21 13:00";"23,53";"0,000";"20,2";"0,000";"22,000"
"2024-05-21 14:00";"24,97";"0,000";"21,1";"0,000";"22,6"
"2024-05-21 15:00";"24,04";"0,000";"21,3";"0,000";"22,6"
"2024-05-21 16:00";"21,01";"0,000";"21,3";"0,53";"23,2"
"2024-05-21 17:00";"15,71";"0,000";"20,8";"1,39";"22,7"
"2024-05-21 18:00";"7,84";"0,21";"20,2";"9,22";"21,8"
"2024-05-21 19:00";"0,79";"12,2";"19,4";"9,63";"20,3"
"2024-05-21 20:00";"0,000";"8,07";"18,5";"13,5";"18,9"
"2024-05-21 21:00";"0,000";"7,41";"17,6";"7,8";"17,8"
"2024-05-21 22:00";"0,000";"8,84";"16,3";"5,51";"16,9"
"2024-05-21 23:00";"0,000";"9,33";"15,8";"5,52";"16,1"
"2024-05-22 00:00";"0,000";"9,18";"15,4";"5,5";"15,1"
"2024-05-22 01:00";"0,000";"9,15";"15,000";"5,53";"14,2"
"2024-05-22 02:00";"0,000";"9,23";"14,5";"5,62";"14,1"
"2024-05-22 03:00";"0,000";"9,24";"14,2";"5,57";"13,7"
"2024-05-22 04:00";"0,000";"9,04";"14,000";"5,53";"13,6"
"2024-05-22 05:00";"0,000";"8,47";"13,9";"4,09";"13,5"
"2024-05-22 06:00";"0,000";"7,81";"14,1";"1,47";"13,4"
"2024-05-22 07:00";"0,21";"2,43";"14,9";"1,2";"14,000"
"2024-05-22 08:00";"0,31";"1,83";"16,4";"0,4";"15,4"
"2024-05-22 09:00";"2,52";"1,74";"17,7";"0,1";"17,7"
"2024-05-22 10:00";"8,36";"0,02";"19,000";"0,000";"19,3"
"2024-05-22 11:00";"18,14";"0,000";"19,9";"0,000";"20,9"
"2024-05-22 12:00";"18,08";"0,000";"21,000";"0,000";"21,7"
"2024-05-22 13:00";"24,74";"0,000";"21,6";"0,000";"22,5"
"2024-05-22 14:00";"20,94";"0,000";"22,1";"0,000";"23,000"
"2024-05-22 15:00";"21,28";"0,000";"21,9";"0,000";"23,2"
"2024-05-22 16:00";"22,14";"0,000";"21,7";"0,000";"23,3"
"2024-05-22 17:00";"17,79";"0,000";"21,000";"0,000";"22,8"
"2024-05-22 18:00";"11,5";"0,000";"20,2";"0,11";"22,1"
"2024-05-22 19:00";"3,34";"0,000";"19,9";"8,03";"21,2"
"2024-05-22 20:00";"0,09";"10,91";"20,000";"8,99";"19,5"
"2024-05-22 21:00";"0,000";"5,16";"19,2";"12,43";"17,8"
"2024-05-22 22:00";"0,000";"1,69";"18,1";"12,1";"16,1"
"2024-05-22 23:00";"0,000";"1,74";"17,4";"9,84";"14,4"
"2024-05-23 00:00";"0,000";"1,82";"17,000";"9,11";"13,000"
"2024-05-23 01:00";"0,000";"1,87";"16,7";"6,36";"12,1"
"2024-05-23 02:00";"0,000";"2,01";"16,5";"4,18";"12,1"
"2024-05-23 03:00";"0,000";"1,98";"16,2";"2,29";"12,1"
"2024-05-23 04:00";"0,000";"1,79";"15,8";"2,23";"12,000"
"2024-05-23 05:00";"0,000";"1,21";"15,1";"1,46";"12,1"
"2024-05-23 06:00";"0,4";"0,26";"14,8";"0,52";"12,000"
"2024-05-23 07:00";"1,19";"0,96";"15,3";"0,86";"12,1"
"2024-05-23 08:00";"2,72";"0,52";"16,2";"0,71";"12,2"
"2024-05-23 09:00";"0,93";"1,81";"17,3";"1,2";"12,2"
"2024-05-23 10:00";"1,19";"2,51";"18,5";"1,51";"12,7"
"2024-05-23 11:00";"1,18";"4,65";"19,6";"0,3";"13,1"
"2024-05-23 12:00";"4,55";"2,22";"18,5";"0,27";"13,4"
"2024-05-23 13:00";"4,89";"0,32";"19,000";"0,47";"12,9"
"2024-05-23 14:00";"0,69";"2,01";"19,4";"0,000";"13,5"
"2024-05-23 15:00";"1,75";"5,000";"19,2";"0,35";"13,9"
"2024-05-23 16:00";"0,000";"3,64";"18,6";"0,99";"13,5"
"2024-05-23 17:00";"0,06";"1,86";"17,8";"5,29";"11,3"
"2024-05-23 18:00";"0,000";"4,15";"16,5";"1,31";"9,5"
"2024-05-23 19:00";"0,000";"12,71";"15,9";"1,17";"8,5"
"2024-05-23 20:00";"0,000";"17,29";"15,8";"5,63";"7,7"
"2024-05-23 21:00";"0,000";"26,31";"15,5";"7,49";"7,3"
"2024-05-23 22:00";"0,000";"20,34";"14,3";"5,77";"7,2"
"2024-05-23 23:00";"0,000";"13,88";"14,000";"5,92";"6,9"
"2024-05-24 00:00";"0,000";"12,39";"14,1";"5,93";"6,6"
"2024-05-24 01:00";"0,000";"12,22";"14,1";"5,94";"6,7"
"2024-05-24 02:00";"0,000";"12,16";"14,000";"5,92";"6,8"
"2024-05-24 03:00";"0,000";"12,2";"13,2";"5,97";"7,1"
"2024-05-24 04:00";"0,000";"12,11";"12,5";"5,98";"7,3"
"2024-05-24 05:00";"0,000";"11,41";"12,1";"5,34";"7,2"
"2024-05-24 06:00";"0,000";"7,98";"12,000";"2,52";"7,4"
"2024-05-24 07:00";"0,000";"12,73";"12,7";"0,59";"7,4"
"2024-05-24 08:00";"0,2";"4,86";"13,3";"0,08";"7,6"
"2024-05-24 09:00";"2,3";"4,69";"14,6";"0,000";"9,7"
"2024-05-24 10:00";"8,07";"0,52";"15,3";"0,000";"12,1"
"2024-05-24 11:00";"15,84";"0,05";"15,6";"0,01";"11,9"
"2024-05-24 12:00";"14,63";"0,4";"16,3";"0,000";"13,6"
"2024-05-24 13:00";"25,15";"0,000";"17,1";"0,01";"15,4"
"2024-05-24 14:00";"23,53";"0,000";"17,7";"0,01";"15,7"
"2024-05-24 15:00";"19,49";"0,000";"17,8";"0,000";"16,9"
"2024-05-24 16:00";"20,13";"0,000";"18,5";"0,000";"17,1"
"2024-05-24 17:00";"13,07";"0,14";"18,8";"0,43";"17,6"
"2024-05-24 18:00";"3,26";"0,84";"18,7";"4,12";"17,1"
"2024-05-24 19:00";"0,01";"3,67";"18,9";"0,78";"16,7"
"2024-05-24 20:00";"0,000";"16,66";"18,4";"12,05";"16,6"
"2024-05-24 21:00";"0,000";"10,47";"16,4";"15,51";"14,8"
"2024-05-24 22:00";"0,000";"11,83";"14,4";"15,44";"12,3"
"2024-05-24 23:00";"0,000";"6,35";"14,000";"12,5";"10,6"
"2024-05-25 00:00";"0,000";"5,08";"13,6";"12,32";"9,1"
"2024-05-25 01:00";"0,000";"5,07";"13,1";"12,34";"7,8"
"2024-05-25 02:00";"0,000";"5,08";"12,6";"12,25";"7,8"
"2024-05-25 03:00";"0,000";"5,13";"12,7";"8,2";"7,2"
"2024-05-25 04:00";"0,000";"5,02";"12,5";"5,54";"6,3"
"2024-05-25 05:00";"0,000";"4,33";"12,000";"4,33";"6,8"
"2024-05-25 06:00";"0,19";"2,58";"12,5";"2,87";"7,8"
"2024-05-25 07:00";"2,62";"0,000";"14,2";"3,59";"8,7"
"2024-05-25 08:00";"4,5";"0,3";"15,000";"0,35";"10,000"
"2024-05-25 09:00";"9,12";"0,000";"16,000";"0,08";"10,9"
"2024-05-25 10:00";"15,15";"0,000";"18,4";"0,000";"12,1"
"2024-05-25 11:00";"17,47";"0,000";"20,3";"0,000";"14,3"
"2024-05-25 12:00";"16,88";"0,07";"21,6";"0,000";"15,6"
"2024-05-25 13:00";"11,7";"0,08";"22,000";"0,000";"15,9"
"2024-05-25 14:00";"22,65";"0,000";"20,5";"0,000";"15,9"
"2024-05-25 15:00";"17,84";"0,000";"20,6";"0,000";"15,8"
"2024-05-25 16:00";"18,23";"0,000";"21,3";"0,000";"15,6"
"2024-05-25 17:00";"14,35";"0,000";"21,4";"0,000";"15,2"
"2024-05-25 18:00";"8,5";"0,000";"20,6";"0,56";"14,6"
"2024-05-25 19:00";"0,82";"1,42";"20,1";"5,78";"14,2"
"2024-05-25 20:00";"0,000";"3,77";"19,4";"12,99";"13,7"
"2024-05-25 21:00";"0,000";"4,94";"18,3";"11,79";"12,000"
"2024-05-25 22:00";"0,000";"5,15";"17,1";"9,39";"9,5"
"2024-05-25 23:00";"0,000";"5,1";"16,4";"8,89";"8,2"
"2024-05-26 00:00";"0,000";"5,11";"15,3";"8,89";"7,5"
"2024-05-26 01:00";"0,000";"5,09";"14,5";"8,99";"7,2"
"2024-05-26 02:00";"0,000";"5,13";"13,5";"9,18";"6,9"
"2024-05-26 03:00";"0,000";"5,1";"12,5";"9,11";"6,2"
"2024-05-26 04:00";"0,000";"5,000";"13,3";"9,14";"5,7"
"2024-05-26 05:00";"0,000";"4,38";"13,5";"7,99";"5,6"
"2024-05-26 06:00";"0,000";"2,82";"13,9";"6,06";"6,3"
"2024-05-26 07:00";"0,88";"0,44";"14,8";"2,3";"7,9"
"2024-05-26 08:00";"2,49";"0,01";"16,4";"0,09";"9,9"
"2024-05-26 09:00";"5,1";"0,000";"17,9";"1,67";"11,000"
"2024-05-26 10:00";"3,09";"0,95";"19,000";"0,17";"11,9"
"2024-05-26 11:00";"0,000";"8,24";"20,000";"0,02";"12,4"
"2024-05-26 12:00";"0,75";"3,55";"18,5";"0,000";"13,1"
"2024-05-26 13:00";"12,99";"0,000";"17,000";"0,000";"13,7"
"2024-05-26 14:00";"23,34";"0,000";"18,1";"0,000";"14,5"
"2024-05-26 15:00";"21,38";"0,000";"21,4";"0,000";"14,8"
"2024-05-26 16:00";"16,71";"0,000";"23,3";"0,000";"15,1"
"2024-05-26 17:00";"4,56";"5,9";"23,5";"0,04";"15,000"
"2024-05-26 18:00";"0,2";"9,57";"22,5";"0,97";"14,5"
"2024-05-26 19:00";"0,000";"11,67";"20,8";"0,000";"14,2"
"2024-05-26 20:00";"0,000";"17,41";"19,1";"2,17";"13,8"
"2024-05-26 21:00";"0,000";"12,74";"18,2";"5,65";"12,5"
"2024-05-26 22:00";"0,000";"14,79";"17,5";"7,28";"9,7"
"2024-05-26 23:00";"0,000";"12,72";"17,000";"5,59";"8,4"
"2024-05-27 00:00";"0,000";"11,74";"16,6";"5,58";"7,1"
"2024-05-27 01:00";"0,000";"11,84";"16,1";"5,78";"8,3"
"2024-05-27 02:00";"0,000";"11,76";"15,7";"5,91";"6,2"
"2024-05-27 03:00";"0,000";"11,83";"15,6";"5,99";"5,2"
"2024-05-27 04:00";"0,000";"11,65";"15,4";"5,99";"4,5"
"2024-05-27 05:00";"0,000";"10,23";"15,2";"5,01";"3,7"
"2024-05-27 06:00";"0,000";"9,54";"15,5";"3,61";"3,6"
"2024-05-27 07:00";"0,000";"4,000";"16,7";"1,95";"4,4"
"2024-05-27 08:00";"2,29";"0,62";"18,3";"0,09";"6,4"
"2024-05-27 09:00";"6,32";"0,55";"18,1";"0,04";"10,8"
"2024-05-27 10:00";"14,57";"0,000";"20,2";"0,000";"13,6"
"2024-05-27 11:00";"13,46";"0,33";"21,1";"0,000";"14,4"
"2024-05-27 12:00";"9,4";"1,7";"19,1";"0,000";"15,2"
"2024-05-27 13:00";"2,04";"1,49";"19,5";"0,000";"15,5"
"2024-05-27 14:00";"3,67";"1,92";"18,3";"0,000";"16,000"
"2024-05-27 15:00";"19,85";"0,000";"20,000";"0,000";"16,4"
"2024-05-27 16:00";"10,46";"0,000";"19,7";"0,000";"16,7"
"2024-05-27 17:00";"2,82";"0,4";"20,3";"0,04";"17,2"
"2024-05-27 18:00";"4,9";"1,56";"20,2";"0,14";"17,4"
"2024-05-27 19:00";"2,41";"0,48";"20,3";"1,7";"16,7"
"2024-05-27 20:00";"0,46";"1,57";"19,9";"3,18";"16,1"
"2024-05-27 21:00";"0,000";"1,09";"19,000";"7,26";"14,2"
"2024-05-27 22:00";"0,000";"1,54";"16,8";"9,23";"11,9"
"2024-05-27 23:00";"0,000";"1,52";"15,3";"8,98";"10,3"
"2024-05-28 00:00";"0,000";"1,56";"14,4";"9,000";"9,3"
"2024-05-28 01:00";"0,000";"1,53";"13,5";"9,2";"8,1"
"2024-05-28 02:00";"0,000";"1,59";"13,9";"9,22";"7,2"
"2024-05-28 03:00";"0,000";"1,66";"12,7";"9,35";"6,4"
"2024-05-28 04:00";"0,000";"1,48";"12,2";"9,16";"6,2"
"2024-05-28 05:00";"0,06";"0,56";"13,5";"7,19";"6,2"
"2024-05-28 06:00";"0,21";"0,72";"14,4";"1,81";"6,6"
"2024-05-28 07:00";"0,3";"1,43";"14,7";"0,02";"8,000"
"2024-05-28 08:00";"1,58";"0,21";"15,6";"0,000";"10,9"
"2024-05-28 09:00";"5,7";"0,000";"16,3";"0,000";"12,7"
"2024-05-28 10:00";"9,01";"0,000";"17,7";"0,000";"13,3"
"2024-05-28 11:00";"9,73";"0,4";"19,6";"0,000";"14,1"
"2024-05-28 12:00";"8,71";"0,09";"20,6";"0,19";"15,2"
"2024-05-28 13:00";"4,61";"0,61";"19,8";"0,000";"16,000"
"2024-05-28 14:00";"2,16";"3,87";"18,3";"0,000";"16,7"
"2024-05-28 15:00";"6,38";"0,11";"17,5";"0,000";"17,2"
"2024-05-28 16:00";"9,76";"0,000";"17,1";"0,17";"17,2"
"2024-05-28 17:00";"9,98";"0,000";"17,7";"2,16";"17,2"
"2024-05-28 18:00";"4,06";"0,21";"17,000";"4,19";"16,8"
"2024-05-28 19:00";"1,000";"2,97";"16,1";"6,37";"15,9"
"2024-05-28 20:00";"0,000";"4,76";"15,1";"13,04";"14,8"
"2024-05-28 21:00";"0,000";"4,98";"14,4";"13,75";"13,2"
"2024-05-28 22:00";"0,000";"5,35";"13,000";"11,81";"10,3"
"2024-05-28 23:00";"0,000";"5,36";"12,7";"8,94";"8,5"
"2024-05-29 00:00";"0,000";"5,41";"12,1";"5,48";"7,7"
"2024-05-29 01:00";"0,000";"4,5";"11,4";"5,53";"7,2"
"2024-05-29 02:00";"0,000";"2,23";"10,6";"5,64";"6,8"
"2024-05-29 03:00";"0,000";"2,04";"10,2";"5,88";"5,8"
"2024-05-29 04:00";"0,000";"2,05";"10,2";"5,84";"5,4"
"2024-05-29 05:00";"0,000";"4,47";"10,000";"5,06";"4,9"
"2024-05-29 06:00";"0,09";"0,4";"10,2";"4,13";"4,7"
"2024-05-29 07:00";"0,99";"2,19";"11,7";"5,05";"6,9"
"2024-05-29 08:00";"2,99";"1,1";"13,8";"3,11";"9,9"
"2024-05-29 09:00";"6,65";"1,87";"16,1";"0,76";"11,9"
"2024-05-29 10:00";"20,26";"0,000";"17,4";"0,000";"13,4"
"2024-05-29 11:00";"20,79";"0,000";"18,2";"0,000";"15,000"
"2024-05-29 12:00";"14,2";"0,000";"18,4";"0,02";"16,3"
"2024-05-29 13:00";"18,98";"0,000";"18,6";"0,000";"17,2"
"2024-05-29 14:00";"11,4";"0,000";"18,5";"0,000";"17,000"
"2024-05-29 15:00";"23,6";"0,000";"17,7";"0,000";"16,8"
"2024-05-29 16:00";"26,41";"0,000";"18,9";"0,3";"16,4"
"2024-05-29 17:00";"9,11";"0,000";"19,6";"0,000";"15,2"
"2024-05-29 18:00";"1,2";"12,78";"18,9";"0,000";"15,4"
"2024-05-29 19:00";"0,000";"9,77";"18,5";"0,3";"15,2"
"2024-05-29 20:00";"0,000";"10,32";"17,8";"2,71";"14,7"
"2024-05-29 21:00";"0,000";"5,48";"15,5";"5,33";"13,4"
"2024-05-29 22:00";"0,000";"3,31";"14,4";"6,31";"10,8"
"2024-05-29 23:00";"0,000";"1,73";"13,8";"8,94";"9,4"
"2024-05-30 00:00";"0,000";"1,77";"13,7";"9,02";"7,3"
"2024-05-30 01:00";"0,000";"1,79";"13,6";"8,99";"6,3"
"2024-05-30 02:00";"0,000";"1,91";"13,7";"9,2";"7,4"
"2024-05-30 03:00";"0,000";"1,87";"13,9";"9,36";"7,1"
"2024-05-30 04:00";"0,000";"1,81";"13,9";"7,47";"7,3"
"2024-05-30 05:00";"0,000";"0,75";"13,9";"5,27";"5,4"
"2024-05-30 06:00";"0,89";"0,13";"14,000";"5,78";"4,6"
"2024-05-30 07:00";"0,65";"1,93";"14,4";"11,93";"6,5"
"2024-05-30 08:00";"3,09";"1,04";"15,1";"6,79";"11,000"
"2024-05-30 09:00";"4,37";"3,000";"15,7";"0,52";"13,9"
"2024-05-30 10:00";"9,64";"0,65";"16,7";"0,02";"15,8"
"2024-05-30 11:00";"12,27";"0,31";"18,1";"0,000";"17,5"
"2024-05-30 12:00";"10,29";"1,78";"19,3";"0,000";"18,4"
"2024-05-30 13:00";"26,76";"0,12";"20,000";"0,000";"19,2"
"2024-05-30 14:00";"25,17";"0,000";"20,9";"0,000";"19,3"
"2024-05-30 15:00";"21,04";"0,000";"21,000";"0,000";"19,5"
"2024-05-30 16:00";"11,23";"0,000";"21,3";"0,000";"20,1"
"2024-05-30 17:00";"4,57";"0,54";"20,8";"0,000";"19,6"
"2024-05-30 18:00";"0,28";"2,98";"20,3";"0,27";"18,5"
"2024-05-30 19:00";"0,05";"13,9";"19,8";"1,48";"18,3"
"2024-05-30 20:00";"0,000";"8,57";"19,2";"3,67";"16,9"
"2024-05-30 21:00";"0,000";"4,55";"18,8";"3,69";"15,3"
"2024-05-30 22:00";"0,000";"8,43";"17,2";"5,39";"12,8"
"2024-05-30 23:00";"0,000";"8,43";"16,000";"5,37";"11,4"
"2024-05-31 00:00";"0,000";"8,39";"15,5";"5,41";"10,3"
"2024-05-31 01:00";"0,000";"8,42";"15,4";"5,5";"9,000"
"2024-05-31 02:00";"0,000";"8,5";"15,1";"5,57";"7,8"
"2024-05-31 03:00";"0,000";"8,49";"15,5";"5,55";"5,7"
"2024-05-31 04:00";"0,000";"8,39";"15,5";"5,46";"6,9"
"2024-05-31 05:00";"0,000";"7,77";"15,4";"4,3";"7,5"
"2024-05-31 06:00";"0,000";"5,44";"15,3";"2,68";"8,3"
"2024-05-31 07:00";"0,11";"3,000";"16,2";"3,98";"11,2"
"2024-05-31 08:00";"2,19";"1,73";"17,4";"0,65";"12,8"
"2024-05-31 09:00";"4,63";"6,27";"18,6";"0,19";"15,3"
"2024-05-31 10:00";"2,8";"3,03";"19,9";"0,000";"16,2"
"2024-05-31 11:00";"16,41";"0,04";"20,6";"0,000";"17,2"
"2024-05-31 12:00";"26,89";"0,000";"21,4";"0,000";"18,2"
"2024-05-31 13:00";"26,9";"0,000";"22,7";"0,000";"19,000"
"2024-05-31 14:00";"31,84";"0,000";"23,6";"0,000";"18,4"
"2024-05-31 15:00";"30,52";"0,000";"24,000";"0,1";"18,6"
"2024-05-31 16:00";"24,38";"0,000";"23,9";"0,000";"18,9"
"2024-05-31 17:00";"10,67";"0,72";"23,8";"0,000";"18,3"
"2024-05-31 18:00";"8,47";"0,03";"22,9";"5,05";"17,9"
"2024-05-31 19:00";"1,47";"1,19";"22,1";"8,77";"18,000"
"2024-05-31 20:00";"0,01";"2,87";"21,3";"5,8";"17,2"
"2024-05-31 21:00";"0,000";"8,44";"20,000";"21,29";"16,2"
"2024-05-31 22:00";"0,000";"1,61";"18,3";"13,61";"13,7"
"2024-05-31 23:00";"0,000";"1,57";"17,5";"12,33";"11,3"
"2024-06-01 00:00";"0,000";"1,6";"16,8";"12,3";"10,6"
"2024-06-01 01:00";"0,000";"1,57";"16,4";"12,36";"9,000"
"2024-06-01 02:00";"0,000";"1,57";"15,8";"12,35";"8,6"
"2024-06-01 03:00";"0,000";"1,59";"15,000";"12,37";"8,9"
"2024-06-01 04:00";"0,000";"1,41";"14,3";"10,94";"8,8"
"2024-06-01 05:00";"0,06";"0,61";"14,8";"8,23";"9,6"
"2024-06-01 06:00";"2,64";"0,000";"14,8";"6,77";"9,7"
"2024-06-01 07:00";"6,52";"0,000";"16,3";"5,76";"10,1"
"2024-06-01 08:00";"7,23";"0,11";"17,7";"0,58";"10,4"
"2024-06-01 09:00";"11,19";"0,000";"20,000";"0,01";"11,1"
"2024-06-01 10:00";"20,89";"0,000";"21,6";"0,27";"12,000"
"2024-06-01 11:00";"22,95";"0,000";"23,4";"0,26";"13,6"
"2024-06-01 12:00";"21,29";"0,000";"24,6";"0,000";"15,2"
"2024-06-01 13:00";"20,12";"0,000";"25,7";"0,000";"16,8"
"2024-06-01 14:00";"13,98";"0,01";"25,9";"0,000";"18,2"
"2024-06-01 15:00";"2,66";"0,57";"25,5";"0,000";"18,7"
"2024-06-01 16:00";"9,76";"1,6";"22,8";"0,000";"19,2"
"2024-06-01 17:00";"0,01";"15,69";"20,5";"0,000";"19,1"
"2024-06-01 18:00";"0,24";"7,41";"20,7";"0,000";"18,3"
"2024-06-01 19:00";"0,75";"1,24";"20,1";"0,08";"18,2"
"2024-06-01 20:00";"0,000";"1,29";"19,8";"0,6";"13,7"
"2024-06-01 21:00";"0,000";"5,63";"19,9";"0,83";"11,3"
"2024-06-01 22:00";"0,000";"8,71";"19,000";"3,42";"10,4"
"2024-06-01 23:00";"0,000";"8,51";"17,9";"5,38";"10,1"
"2024-06-02 00:00";"0,000";"6,48";"17,5";"5,29";"10,000"
"2024-06-02 01:00";"0,000";"5,79";"17,000";"5,4";"9,8"
"2024-06-02 02:00";"0,000";"5,49";"16,6";"5,49";"9,3"
"2024-06-02 03:00";"0,000";"5,52";"15,9";"5,64";"8,9"
"2024-06-02 04:00";"0,000";"4,35";"15,2";"5,53";"7,7"
"2024-06-02 05:00";"0,000";"1,05";"14,9";"4,59";"8,000"
"2024-06-02 06:00";"1,03";"0,01";"15,1";"3,59";"7,4"
"2024-06-02 07:00";"4,19";"0,000";"16,3";"2,38";"8,4"
"2024-06-02 08:00";"10,22";"0,000";"18,3";"0,38";"10,3"
"2024-06-02 09:00";"16,97";"0,000";"19,7";"1,33";"12,1"
"2024-06-02 10:00";"22,4";"0,000";"21,1";"0,04";"13,6"
"2024-06-02 11:00";"14,71";"0,01";"22,6";"0,000";"15,000"
"2024-06-02 12:00";"26,34";"0,02";"23,6";"0,000";"16,000"
"2024-06-02 13:00";"27,89";"0,000";"24,2";"0,000";"16,7"
"2024-06-02 14:00";"35,33";"0,000";"24,6";"0,000";"16,6"
"2024-06-02 15:00";"26,98";"0,000";"24,6";"0,15";"16,6"
"2024-06-02 16:00";"8,46";"0,35";"24,8";"3,31";"16,7"
"2024-06-02 17:00";"1,96";"5,8";"24,4";"1,34";"16,7"
"2024-06-02 18:00";"8,59";"0,02";"24,3";"4,15";"16,4"
"2024-06-02 19:00";"2,23";"3,45";"23,8";"12,28";"15,8"
"2024-06-02 20:00";"0,000";"12,44";"22,5";"9,8";"15,000"
"2024-06-02 21:00";"0,000";"19,25";"20,9";"18,39";"13,8"
"2024-06-02 22:00";"0,000";"10,92";"18,9";"21,76";"11,8"
"2024-06-02 23:00";"0,000";"8,84";"17,3";"12,15";"10,6"
"2024-06-03 00:00";"0,000";"8,64";"16,4";"12,61";"10,1"
"2024-06-03 01:00";"0,000";"8,61";"16,3";"12,76";"8,8"
"2024-06-03 02:00";"0,000";"8,53";"16,3";"12,98";"6,9"
"2024-06-03 03:00";"0,000";"8,54";"16,8";"13,13";"5,8"
"2024-06-03 04:00";"0,000";"8,53";"16,4";"13,05";"4,4"
"2024-06-03 05:00";"0,000";"7,73";"15,4";"12,35";"3,4"
"2024-06-03 06:00";"0,000";"6,46";"14,4";"11,54";"3,4"
"2024-06-03 07:00";"0,000";"4,78";"14,2";"9,29";"7,1"
"2024-06-03 08:00";"5,27";"0,13";"14,000";"1,21";"11,4"
"2024-06-03 09:00";"13,11";"0,000";"14,5";"0,000";"13,6"
"2024-06-03 10:00";"21,37";"0,000";"15,000";"0,000";"14,8"
"2024-06-03 11:00";"30,000";"0,000";"15,5";"0,000";"15,3"
"2024-06-03 12:00";"24,63";"0,000";"16,7";"0,000";"16,6"
"2024-06-03 13:00";"26,04";"0,000";"17,1";"0,05";"16,9"
"2024-06-03 14:00";"24,83";"0,000";"18,1";"0,02";"17,1"
"2024-06-03 15:00";"15,7";"0,000";"17,8";"0,000";"17,1"
"2024-06-03 16:00";"9,62";"0,000";"18,3";"0,000";"17,3"
"2024-06-03 17:00";"5,11";"0,35";"18,3";"0,000";"17,6"
"2024-06-03 18:00";"1,59";"1,91";"17,4";"1,33";"17,5"
"2024-06-03 19:00";"0,66";"2,52";"17,1";"3,24";"17,3"
"2024-06-03 20:00";"0,56";"0,33";"17,000";"5,67";"16,9"
"2024-06-03 21:00";"0,000";"5,96";"16,9";"9,28";"15,5"
"2024-06-03 22:00";"0,000";"7,86";"15,6";"10,7";"12,9"
"2024-06-03 23:00";"0,000";"11,35";"13,6";"9,1";"11,4"
"2024-06-04 00:00";"0,000";"6,47";"12,8";"8,77";"10,7"
"2024-06-04 01:00";"0,000";"4,92";"12,7";"8,5";"10,000"
"2024-06-04 02:00";"0,000";"5,000";"11,6";"6,38";"9,4"
"2024-06-04 03:00";"0,000";"5,09";"10,7";"9,07";"8,7"
"2024-06-04 04:00";"0,000";"4,93";"10,6";"8,94";"8,1"
"2024-06-04 05:00";"0,000";"3,78";"11,000";"7,97";"7,5"
"2024-06-04 06:00";"0,000";"2,1";"11,1";"6,79";"6,6"
"2024-06-04 07:00";"0,78";"1,91";"12,6";"4,36";"8,8"
"2024-06-04 08:00";"7,33";"0,000";"13,5";"0,41";"11,9"
"2024-06-04 09:00";"13,03";"0,000";"14,5";"0,000";"13,3"
"2024-06-04 10:00";"18,44";"0,000";"15,6";"0,000";"14,000"
"2024-06-04 11:00";"24,91";"0,000";"16,8";"0,000";"14,6"
"2024-06-04 12:00";"29,15";"0,000";"17,000";"0,000";"15,5"
"2024-06-04 13:00";"29,42";"0,000";"17,6";"0,000";"16,2"
"2024-06-04 14:00";"31,99";"0,000";"18,1";"0,000";"16,7"
"2024-06-04 15:00";"33,6";"0,000";"18,7";"0,000";"17,3"
"2024-06-04 16:00";"18,15";"0,000";"19,3";"0,07";"17,6"
"2024-06-04 17:00";"7,25";"0,000";"19,1";"2,31";"17,7"
"2024-06-04 18:00";"0,69";"8,05";"18,000";"4,18";"17,8"
"2024-06-04 19:00";"0,07";"12,25";"17,2";"4,11";"17,6"
"2024-06-04 20:00";"0,17";"3,56";"17,000";"2,64";"16,9"
"2024-06-04 21:00";"0,000";"1,82";"16,4";"4,78";"15,9"
"2024-06-04 22:00";"0,000";"1,7";"15,5";"7,11";"13,6"
"2024-06-04 23:00";"0,000";"1,63";"15,1";"1,8";"11,5"
"2024-06-05 00:00";"0,000";"1,71";"15,000";"1,77";"11,4"
"2024-06-05 01:00";"0,000";"1,75";"14,7";"1,83";"9,2"
"2024-06-05 02:00";"0,000";"1,72";"14,5";"1,88";"7,5"
"2024-06-05 03:00";"0,000";"1,84";"14,000";"1,98";"6,4"
"2024-06-05 04:00";"0,000";"1,48";"14,1";"1,88";"4,9"
"2024-06-05 05:00";"0,01";"0,78";"14,2";"1,09";"4,3"
"2024-06-05 06:00";"2,47";"0,02";"14,7";"0,55";"4,4"
"2024-06-05 07:00";"1,79";"0,96";"16,2";"1,26";"6,6"
"2024-06-05 08:00";"0,63";"3,35";"16,3";"0,09";"10,1"
"2024-06-05 09:00";"0,07";"4,21";"16,2";"0,08";"14,9"
"2024-06-05 10:00";"14,31";"0,000";"15,000";"0,000";"16,7"
"2024-06-05 11:00";"26,35";"0,000";"14,9";"0,000";"18,1"
"2024-06-05 12:00";"15,16";"0,000";"15,8";"0,000";"18,8"
"2024-06-05 13:00";"17,36";"0,86";"16,2";"0,000";"19,5"
"2024-06-05 14:00";"20,07";"1,4";"17,000";"0,06";"20,2"
"2024-06-05 15:00";"26,63";"0,000";"17,4";"0,11";"20,1"
"2024-06-05 16:00";"1,18";"10,1";"16,8";"0,000";"20,1"
"2024-06-05 17:00";"0,94";"6,7";"16,3";"0,000";"20,4"
"2024-06-05 18:00";"0,03";"11,94";"15,9";"0,06";"19,8"
"2024-06-05 19:00";"0,000";"11,19";"15,6";"0,000";"18,8"
"2024-06-05 20:00";"0,000";"19,27";"15,2";"3,33";"18,3"
"2024-06-05 21:00";"0,000";"22,86";"14,2";"7,73";"17,4"
"2024-06-05 22:00";"0,000";"17,26";"13,000";"9,58";"15,3"
"2024-06-05 23:00";"0,000";"13,36";"10,9";"7,000";"12,000"
"2024-06-06 00:00";"0,000";"16,14";"9,7";"4,93";"11,1"
"2024-06-06 01:00";"0,000";"16,23";"8,9";"2,3";"10,5"
"2024-06-06 02:00";"0,000";"16,29";"9,1";"1,87";"9,6"
"2024-06-06 03:00";"0,000";"16,4";"10,000";"1,82";"9,000"
"2024-06-06 04:00";"0,000";"13,57";"9,4";"1,55";"7,9"
"2024-06-06 05:00";"0,000";"12,14";"9,8";"0,81";"6,7"
"2024-06-06 06:00";"0,000";"9,92";"10,3";"0,46";"6,3"
"2024-06-06 07:00";"0,000";"5,69";"11,1";"0,18";"7,6"
"2024-06-06 08:00";"3,64";"0,53";"12,000";"0,000";"11,3"
"2024-06-06 09:00";"12,51";"0,01";"13,000";"0,000";"16,000"
"2024-06-06 10:00";"15,83";"0,000";"13,8";"0,000";"18,7"
"2024-06-06 11:00";"14,74";"0,1";"14,6";"0,000";"20,1"
"2024-06-06 12:00";"14,27";"0,000";"14,2";"0,000";"20,4"
"2024-06-06 13:00";"24,46";"0,000";"14,3";"0,000";"20,7"
"2024-06-06 14:00";"6,61";"0,62";"14,000";"0,000";"21,4"
"2024-06-06 15:00";"24,39";"0,000";"13,7";"0,000";"22,2"
"2024-06-06 16:00";"6,000";"0,07";"14,7";"0,000";"22,2"
"2024-06-06 17:00";"5,55";"3,000";"14,1";"1,09";"22,2"
"2024-06-06 18:00";"5,84";"1,93";"13,8";"2,19";"22,5"
"2024-06-06 19:00";"0,53";"2,31";"13,5";"0,52";"22,3"
"2024-06-06 20:00";"0,000";"1,12";"13,2";"1,85";"21,9"
"2024-06-06 21:00";"0,000";"1,66";"13,1";"7,89";"20,6"
"2024-06-06 22:00";"0,000";"2,89";"12,7";"5,27";"17,4"
"2024-06-06 23:00";"0,000";"5,69";"12,1";"1,67";"14,9"
"2024-06-07 00:00";"0,000";"5,76";"11,000";"1,69";"13,3"
"2024-06-07 01:00";"0,000";"5,97";"10,5";"1,7";"11,4"
"2024-06-07 02:00";"0,000";"6,05";"10,1";"1,75";"9,8"
"2024-06-07 03:00";"0,000";"6,2";"9,4";"1,71";"8,6"
"2024-06-07 04:00";"0,000";"6,01";"9,3";"1,46";"8,000"
"2024-06-07 05:00";"0,000";"4,99";"7,9";"0,73";"6,7"
"2024-06-07 06:00";"0,13";"2,7";"8,6";"0,43";"6,7"
"2024-06-07 07:00";"0,16";"4,84";"10,000";"0,63";"10,1"
"2024-06-07 08:00";"1,38";"7,42";"12,1";"0,01";"14,6"
"2024-06-07 09:00";"3,11";"3,12";"12,8";"0,000";"19,000"
"2024-06-07 10:00";"12,32";"0,26";"13,4";"0,000";"20,9"
"2024-06-07 11:00";"22,76";"0,000";"13,8";"0,000";"22,000"
"2024-06-07 12:00";"20,34";"0,000";"14,3";"0,000";"22,1"
"2024-06-07 13:00";"21,54";"0,000";"14,8";"0,000";"21,6"
"2024-06-07 14:00";"29,59";"0,97";"15,5";"0,000";"21,6"
"2024-06-07 15:00";"2,08";"8,03";"15,8";"0,000";"22,1"
"2024-06-07 16:00";"7,6";"0,9";"15,6";"0,000";"22,6"
"2024-06-07 17:00";"9,29";"0,34";"15,9";"0,000";"22,7"
"2024-06-07 18:00";"1,15";"4,12";"15,3";"0,000";"22,5"
"2024-06-07 19:00";"0,4";"5,92";"14,8";"2,42";"22,000"
"2024-06-07 20:00";"0,13";"0,79";"14,1";"19,95";"21,4"
"2024-06-07 21:00";"0,000";"7,04";"12,5";"21,03";"20,3"
"2024-06-07 22:00";"0,000";"3,56";"11,6";"15,56";"17,7"
"2024-06-07 23:00";"0,000";"2,82";"12,000";"14,07";"14,7"
"2024-06-08 00:00";"0,000";"3,07";"11,000";"14,01";"13,000"
"2024-06-08 01:00";"0,000";"3,000";"11,9";"10,63";"11,8"
"2024-06-08 02:00";"0,000";"2,89";"12,5";"10,09";"11,4"
"2024-06-08 03:00";"0,000";"3,11";"11,000";"7,24";"10,4"
"2024-06-08 04:00";"0,000";"2,97";"11,1";"8,1";"9,6"
"2024-06-08 05:00";"0,000";"1,66";"11,2";"7,62";"8,7"
"2024-06-08 06:00";"0,53";"0,54";"11,4";"4,25";"8,9"
"2024-06-08 07:00";"2,51";"0,03";"12,2";"1,85";"9,5"
"2024-06-08 08:00";"9,04";"0,000";"13,5";"0,05";"9,5"
"2024-06-08 09:00";"1,73";"6,42";"14,2";"0,000";"13,1"
"2024-06-08 10:00";"0,49";"4,41";"14,4";"0,000";"18,3"
"2024-06-08 11:00";"1,29";"3,23";"14,6";"0,000";"19,1"
"2024-06-08 12:00";"10,93";"0,000";"14,6";"0,000";"19,7"
"2024-06-08 13:00";"5,71";"0,000";"15,8";"0,000";"20,5"
"2024-06-08 14:00";"10,67";"0,000";"15,5";"0,000";"21,000"
"2024-06-08 15:00";"11,46";"1,25";"16,3";"0,000";"21,5"
"2024-06-08 16:00";"2,42";"2,94";"17,1";"0,000";"22,8"
"2024-06-08 17:00";"4,17";"0,02";"16,5";"0,000";"22,3"
"2024-06-08 18:00";"0,03";"21,21";"16,8";"0,000";"21,9"
"2024-06-08 19:00";"0,000";"15,1";"16,4";"3,02";"21,000"
"2024-06-08 20:00";"0,000";"6,34";"12,5";"7,82";"20,5"
"2024-06-08 21:00";"0,000";"7,2";"10,9";"3,73";"19,5"
"2024-06-08 22:00";"0,000";"8,26";"10,9";"2,44";"17,5"
"2024-06-08 23:00";"0,000";"6,41";"10,8";"2,25";"14,7"
"2024-06-09 00:00";"0,000";"6,4";"10,6";"1,75";"13,2"
"2024-06-09 01:00";"0,000";"6,57";"10,7";"1,75";"12,8"
"2024-06-09 02:00";"0,000";"8,75";"9,9";"1,99";"11,5"
"2024-06-09 03:00";"0,000";"7,01";"9,5";"2,85";"10,8"
"2024-06-09 04:00";"0,000";"6,71";"9,2";"1,64";"11,2"
"2024-06-09 05:00";"0,000";"5,69";"9,5";"0,31";"11,4"
"2024-06-09 06:00";"0,01";"3,12";"9,9";"0,01";"13,3"
"2024-06-09 07:00";"2,000";"0,4";"10,6";"0,5";"13,2"
"2024-06-09 08:00";"4,96";"0,51";"11,000";"0,04";"13,5"
"2024-06-09 09:00";"7,08";"1,64";"11,7";"0,48";"14,5"
"2024-06-09 10:00";"6,26";"0,25";"12,3";"0,000";"15,7"
"2024-06-09 11:00";"14,6";"0,67";"12,5";"0,000";"17,3"
"2024-06-09 12:00";"26,6";"0,05";"12,9";"0,000";"18,6"
"2024-06-09 13:00";"5,79";"2,74";"13,8";"0,000";"19,5"
"2024-06-09 14:00";"6,18";"0,91";"13,3";"0,000";"20,3"
"2024-06-09 15:00";"11,69";"0,06";"12,6";"0,000";"20,5"
"2024-06-09 16:00";"5,74";"0,16";"13,2";"0,000";"20,7"
"2024-06-09 17:00";"15,97";"0,000";"13,3";"0,000";"20,1"
"2024-06-09 18:00";"0,54";"2,99";"13,2";"0,03";"19,4"
"2024-06-09 19:00";"2,29";"9,63";"12,3";"6,37";"18,4"
"2024-06-09 20:00";"0,04";"12,23";"12,9";"9,87";"17,5"
"2024-06-09 21:00";"0,000";"15,1";"12,5";"17,75";"16,3"
"2024-06-09 22:00";"0,000";"19,43";"11,9";"14,51";"15,000"
"2024-06-09 23:00";"0,000";"9,84";"11,6";"11,53";"14,000"
"2024-06-10 00:00";"0,000";"6,17";"11,4";"9,6";"13,3"
"2024-06-10 01:00";"0,000";"6,27";"11,1";"9,04";"12,9"
"2024-06-10 02:00";"0,000";"7,12";"10,9";"9,07";"12,5"
"2024-06-10 03:00";"0,000";"6,41";"11,000";"9,03";"12,1"
"2024-06-10 04:00";"0,000";"6,15";"11,000";"6,49";"11,4"
"2024-06-10 05:00";"0,000";"4,76";"11,2";"5,69";"10,9"
"2024-06-10 06:00";"0,01";"3,14";"11,2";"4,75";"10,8"
"2024-06-10 07:00";"0,43";"4,000";"11,5";"2,22";"12,000"
"2024-06-10 08:00";"2,26";"3,19";"11,9";"0,08";"13,8"
"2024-06-10 09:00";"3,53";"1,7";"12,6";"0,000";"15,7"
"2024-06-10 10:00";"6,89";"0,68";"13,5";"0,000";"17,6"
"2024-06-10 11:00";"8,44";"0,75";"14,2";"0,000";"19,1"
"2024-06-10 12:00";"12,03";"0,05";"14,9";"0,000";"19,6"
"2024-06-10 13:00";"14,67";"0,03";"15,3";"0,000";"20,3"
"2024-06-10 14:00";"23,56";"0,000";"16,2";"0,000";"20,3"
"2024-06-10 15:00";"22,13";"0,000";"16,3";"0,000";"20,5"
"2024-06-10 16:00";"4,61";"1,88";"16,2";"0,000";"20,4"
"2024-06-10 17:00";"11,54";"0,02";"15,7";"0,000";"19,8"
"2024-06-10 18:00";"3,22";"2,15";"15,8";"3,09";"18,9"
"2024-06-10 19:00";"0,36";"7,43";"15,7";"3,56";"17,9"
"2024-06-10 20:00";"0,000";"4,99";"15,2";"5,53";"16,8"
"2024-06-10 21:00";"0,000";"13,2";"14,6";"7,51";"15,3"
"2024-06-10 22:00";"0,000";"9,09";"13,8";"13,25";"14,1"
"2024-06-10 23:00";"0,000";"5,62";"13,5";"14,62";"13,2"
"2024-06-11 00:00";"0,000";"5,62";"13,000";"14,63";"12,8"
"2024-06-11 01:00";"0,000";"6,48";"12,8";"11,93";"12,3"
"2024-06-11 02:00";"0,000";"5,82";"12,4";"10,87";"11,7"
"2024-06-11 03:00";"0,000";"5,96";"12,3";"10,75";"11,4"
"2024-06-11 04:00";"0,000";"5,98";"11,6";"7,39";"11,1"
"2024-06-11 05:00";"0,000";"5,12";"11,2";"4,4";"10,7"
"2024-06-11 06:00";"0,000";"7,13";"11,3";"3,77";"10,6"
"2024-06-11 07:00";"0,000";"12,04";"11,7";"2,83";"12,1"
"2024-06-11 08:00";"0,000";"8,41";"11,7";"0,05";"14,2"
"2024-06-11 09:00";"0,37";"4,75";"11,3";"0,2";"16,4"
"2024-06-11 10:00";"0,15";"8,41";"11,3";"0,000";"18,5"
"2024-06-11 11:00";"1,95";"0,54";"12,000";"0,000";"19,9"
"2024-06-11 12:00";"3,18";"2,7";"12,2";"0,000";"20,5"
"2024-06-11 13:00";"2,03";"11,55";"12,5";"0,000";"20,5"
"2024-06-11 14:00";"3,2";"2,79";"12,9";"0,000";"20,3"
"2024-06-11 15:00";"2,59";"1,61";"12,9";"0,000";"20,5"
"2024-06-11 16:00";"8,87";"1,49";"14,1";"0,000";"20,2"
"2024-06-11 17:00";"16,87";"0,000";"15,6";"0,000";"19,9"
"2024-06-11 18:00";"5,17";"3,7";"15,1";"8,34";"19,4"
"2024-06-11 19:00";"0,48";"3,63";"14,2";"4,24";"18,4"
"2024-06-11 20:00";"0,000";"2,38";"14,000";"6,75";"17,3"
"2024-06-11 21:00";"0,000";"5,94";"13,7";"6,88";"16,2"
"2024-06-11 22:00";"0,000";"5,62";"13,4";"11,000";"14,8"
"2024-06-11 23:00";"0,000";"5,79";"12,2";"10,85";"13,6"
"2024-06-12 00:00";"0,000";"5,83";"11,3";"5,16";"12,2"
"2024-06-12 01:00";"0,000";"4,55";"11,8";"5,25";"12,000"
"2024-06-12 02:00";"0,000";"5,76";"11,9";"6,53";"11,9"
"2024-06-12 03:00";"0,000";"3,86";"11,1";"5,61";"11,8"
"2024-06-12 04:00";"0,000";"2,47";"10,5";"4,92";"12,3"
"2024-06-12 05:00";"0,000";"1,79";"11,2";"4,06";"12,6"
"2024-06-12 06:00";"0,000";"1,77";"11,1";"3,27";"12,8"
"2024-06-12 07:00";"0,01";"5,4";"11,1";"2,61";"13,7"
"2024-06-12 08:00";"0,000";"5,56";"11,2";"1,23";"15,5"
"2024-06-12 09:00";"0,000";"9,08";"11,2";"3,01";"17,9"
"2024-06-12 10:00";"0,01";"10,44";"11,3";"0,000";"20,1"
"2024-06-12 11:00";"0,38";"7,8";"11,5";"0,000";"21,7"
"2024-06-12 12:00";"0,31";"5,32";"12,1";"0,000";"22,5"
"2024-06-12 13:00";"5,43";"1,27";"13,2";"0,000";"22,9"
"2024-06-12 14:00";"15,000";"1,06";"13,5";"0,000";"22,9"
"2024-06-12 15:00";"6,8";"0,85";"15,3";"0,000";"23,1"
"2024-06-12 16:00";"3,35";"0,19";"13,9";"0,000";"22,9"
"2024-06-12 17:00";"9,63";"0,53";"12,8";"0,000";"22,6"
"2024-06-12 18:00";"5,16";"7,8";"13,6";"0,000";"21,8"
"2024-06-12 19:00";"2,7";"2,36";"13,3";"0,78";"21,000"
"2024-06-12 20:00";"0,73";"1,85";"12,6";"6,66";"20,000"
"2024-06-12 21:00";"0,000";"16,17";"12,6";"11,25";"18,7"
"2024-06-12 22:00";"0,000";"6,28";"12,000";"11,29";"17,000"
"2024-06-12 23:00";"0,000";"5,75";"10,5";"7,2";"15,2"
"2024-06-13 00:00";"0,000";"3,83";"9,2";"5,1";"14,000"
"2024-06-13 01:00";"0,000";"2,81";"8,8";"5,13";"12,8"
"2024-06-13 02:00";"0,000";"6,03";"8,9";"5,12";"10,7"
"2024-06-13 03:00";"0,000";"6,15";"9,7";"4,45";"9,2"
"2024-06-13 04:00";"0,000";"5,85";"9,1";"1,51";"8,9"
"2024-06-13 05:00";"0,000";"4,91";"9,3";"1,8";"9,4"
"2024-06-13 06:00";"0,000";"4,04";"9,6";"0,29";"10,5"
"2024-06-13 07:00";"2,09";"1,5";"10,000";"0,98";"12,5"
"2024-06-13 08:00";"6,11";"2,12";"11,3";"0,000";"15,2"
"2024-06-13 09:00";"3,18";"1,56";"11,8";"0,36";"17,9"
"2024-06-13 10:00";"14,88";"0,18";"12,5";"0,000";"20,000"
"2024-06-13 11:00";"20,73";"0,03";"13,2";"0,000";"21,3"
"2024-06-13 12:00";"18,37";"0,000";"12,9";"0,000";"22,3"
"2024-06-13 13:00";"25,8";"0,000";"14,4";"0,000";"22,5"
"2024-06-13 14:00";"3,01";"3,3";"13,2";"0,000";"22,9"
"2024-06-13 15:00";"9,79";"0,01";"13,000";"0,000";"23,2"
"2024-06-13 16:00";"3,97";"0,55";"14,1";"0,000";"23,1"
"2024-06-13 17:00";"0,76";"1,53";"13,3";"0,000";"22,7"
"2024-06-13 18:00";"0,57";"1,99";"12,5";"0,000";"21,8"
"2024-06-13 19:00";"2,35";"3,89";"11,8";"0,000";"21,000"
"2024-06-13 20:00";"0,000";"6,92";"11,7";"3,16";"19,8"
"2024-06-13 21:00";"0,000";"11,79";"11,5";"7,16";"18,5"
"2024-06-13 22:00";"0,000";"11,47";"10,9";"8,78";"17,1"
"2024-06-13 23:00";"0,000";"11,1";"11,1";"8,71";"15,2"
"2024-06-14 00:00";"0,000";"15,41";"10,6";"10,9";"14,000"
"2024-06-14 01:00";"0,000";"15,15";"10,1";"10,07";"12,1"
"2024-06-14 02:00";"0,000";"13,69";"10,6";"8,62";"10,4"
"2024-06-14 03:00";"0,000";"13,32";"9,6";"8,66";"10,6"
"2024-06-14 04:00";"0,000";"13,05";"8,8";"7,000";"11,2"
"2024-06-14 05:00";"0,000";"11,5";"8,9";"2,63";"10,9"
"2024-06-14 06:00";"0,000";"9,000";"9,4";"1,48";"11,6"
"2024-06-14 07:00";"0,000";"8,66";"10,9";"1,53";"14,7"
"2024-06-14 08:00";"1,81";"7,57";"12,000";"0,01";"16,9"
"2024-06-14 09:00";"0,47";"13,79";"13,6";"0,000";"18,9"
"2024-06-14 10:00";"2,41";"2,34";"14,6";"0,000";"20,2"
"2024-06-14 11:00";"19,3";"0,000";"15,000";"0,000";"21,6"
"2024-06-14 12:00";"14,95";"3,69";"16,5";"0,000";"22,5"
"2024-06-14 13:00";"11,35";"1,15";"17,000";"0,000";"23,2"
"2024-06-14 14:00";"9,58";"0,06";"17,5";"0,000";"24,000"
"2024-06-14 15:00";"3,31";"0,2";"17,6";"0,03";"23,8"
"2024-06-14 16:00";"21,22";"0,000";"17,9";"0,000";"24,2"
"2024-06-14 17:00";"18,84";"0,000";"18,2";"0,09";"23,5"
"2024-06-14 18:00";"10,07";"0,000";"18,2";"0,02";"22,4"
"2024-06-14 19:00";"0,59";"2,21";"17,9";"0,02";"21,9"
"2024-06-14 20:00";"0,000";"12,93";"17,2";"1,09";"20,6"
"2024-06-14 21:00";"0,000";"9,45";"16,4";"19,5";"18,9"
"2024-06-14 22:00";"0,000";"7,55";"15,000";"15,92";"16,8"
"2024-06-14 23:00";"0,000";"5,45";"14,000";"7,34";"14,9"
"2024-06-15 00:00";"0,000";"5,54";"13,4";"6,68";"14,000"
"2024-06-15 01:00";"0,000";"2,95";"12,9";"7,52";"13,5"
"2024-06-15 02:00";"0,000";"2,06";"13,000";"5,01";"13,1"
"2024-06-15 03:00";"0,000";"2,01";"13,8";"1,29";"12,5"
"2024-06-15 04:00";"0,000";"1,79";"14,000";"0,8";"12,4"
"2024-06-15 05:00";"0,05";"0,79";"14,1";"0,2";"12,8"
"2024-06-15 06:00";"1,28";"0,01";"14,2";"0,000";"13,8"
"2024-06-15 07:00";"4,86";"0,000";"14,6";"0,43";"16,2"
"2024-06-15 08:00";"5,71";"0,08";"15,5";"1,08";"18,8"
"2024-06-15 09:00";"8,03";"2,07";"16,4";"0,02";"20,000"
"2024-06-15 10:00";"5,11";"0,53";"17,9";"0,000";"20,8"
"2024-06-15 11:00";"8,5";"0,000";"18,3";"0,000";"21,9"
"2024-06-15 12:00";"3,58";"0,2";"18,000";"0,000";"23,3"
"2024-06-15 13:00";"0,3";"0,23";"15,4";"0,000";"24,1"
"2024-06-15 14:00";"1,12";"1,48";"13,8";"0,000";"23,4"
"2024-06-15 15:00";"1,92";"4,92";"14,5";"0,000";"24,000"
"2024-06-15 16:00";"0,25";"9,51";"15,000";"1,56";"24,8"
"2024-06-15 17:00";"3,97";"1,06";"15,3";"0,92";"23,8"
"2024-06-15 18:00";"5,88";"1,79";"15,2";"10,55";"22,7"
"2024-06-15 19:00";"5,3";"0,000";"15,8";"10,28";"22,4"
"2024-06-15 20:00";"0,05";"10,16";"16,000";"21,12";"21,3"
"2024-06-15 21:00";"0,000";"3,27";"15,3";"15,58";"20,6"
"2024-06-15 22:00";"0,000";"4,64";"14,3";"8,79";"18,000"
"2024-06-15 23:00";"0,000";"7,65";"13,4";"8,74";"16,6"
"2024-06-16 00:00";"0,000";"5,66";"11,6";"8,65";"16,4"
"2024-06-16 01:00";"0,000";"6,13";"10,7";"9,35";"15,9"
"2024-06-16 02:00";"0,000";"6,26";"10,5";"5,58";"15,5"
"2024-06-16 03:00";"0,000";"5,46";"10,3";"3,3";"14,8"
"2024-06-16 04:00";"0,000";"5,35";"10,000";"3,39";"14,4"
"2024-06-16 05:00";"0,000";"4,46";"10,1";"3,54";"14,2"
"2024-06-16 06:00";"0,01";"2,54";"11,2";"3,03";"14,2"
"2024-06-16 07:00";"2,03";"0,59";"13,3";"0,9";"14,3"
"2024-06-16 08:00";"8,5";"0,000";"15,000";"0,88";"14,9"
"2024-06-16 09:00";"16,28";"0,000";"16,7";"3,3";"16,5"
"2024-06-16 10:00";"14,66";"0,000";"18,6";"1,01";"18,6"
"2024-06-16 11:00";"17,93";"0,000";"18,9";"0,16";"20,4"
"2024-06-16 12:00";"27,37";"0,000";"19,6";"0,000";"21,9"
"2024-06-16 13:00";"34,03";"0,000";"20,8";"0,27";"22,6"
"2024-06-16 14:00";"35,81";"0,000";"21,4";"0,56";"23,2"
"2024-06-16 15:00";"31,29";"0,000";"21,7";"0,15";"23,2"
"2024-06-16 16:00";"27,5";"0,000";"21,7";"1,89";"23,6"
"2024-06-16 17:00";"23,23";"0,000";"21,4";"7,18";"22,000"
"2024-06-16 18:00";"13,25";"0,000";"20,8";"6,56";"19,2"
"2024-06-16 19:00";"0,86";"9,96";"19,9";"4,96";"14,4"
"2024-06-16 20:00";"0,000";"13,78";"18,4";"8,39";"13,8"
"2024-06-16 21:00";"0,000";"5,84";"15,5";"9,63";"15,1"
"2024-06-16 22:00";"0,000";"11,28";"15,4";"7,52";"14,6"
"2024-06-16 23:00";"0,000";"8,79";"15,1";"7,49";"14,000"
"2024-06-17 00:00";"0,000";"8,84";"14,6";"3,81";"13,2"
"2024-06-17 01:00";"0,000";"8,81";"13,4";"3,66";"10,8"
"2024-06-17 02:00";"0,000";"8,5";"13,5";"4,23";"9,2"
"2024-06-17 03:00";"0,000";"5,78";"13,3";"5,33";"9,000"
"2024-06-17 04:00";"0,000";"5,13";"12,6";"4,83";"8,000"
"2024-06-17 05:00";"0,000";"4,28";"12,4";"4,54";"6,8"
"2024-06-17 06:00";"0,02";"1,43";"12,4";"5,18";"7,6"
"2024-06-17 07:00";"0,54";"1,5";"14,2";"2,93";"9,2"
"2024-06-17 08:00";"3,27";"0,83";"15,3";"0,12";"12,000"
"2024-06-17 09:00";"3,27";"3,51";"16,7";"0,000";"16,6"
"2024-06-17 10:00";"10,14";"0,000";"17,8";"0,000";"19,1"
"2024-06-17 11:00";"18,56";"0,12";"19,3";"0,89";"20,8"
"2024-06-17 12:00";"5,32";"1,19";"18,8";"1,53";"22,5"
"2024-06-17 13:00";"19,35";"0,000";"19,000";"0,59";"22,7"
"2024-06-17 14:00";"27,38";"0,000";"19,2";"0,000";"22,7"
"2024-06-17 15:00";"19,8";"0,01";"20,000";"0,16";"21,000"
"2024-06-17 16:00";"19,08";"0,000";"19,1";"3,18";"20,6"
"2024-06-17 17:00";"11,76";"0,000";"19,5";"5,72";"19,5"
"2024-06-17 18:00";"9,46";"0,02";"19,6";"1,36";"18,5"
"2024-06-17 19:00";"2,56";"0,07";"19,4";"0,43";"17,4"
"2024-06-17 20:00";"0,000";"6,18";"19,1";"1,76";"16,9"
"2024-06-17 21:00";"0,000";"11,31";"18,3";"6,1";"14,7"
"2024-06-17 22:00";"0,000";"10,63";"16,2";"5,19";"13,3"
"2024-06-17 23:00";"0,000";"8,7";"14,4";"6,24";"12,7"
"2024-06-18 00:00";"0,000";"8,65";"13,3";"8,62";"11,8"
"2024-06-18 01:00";"0,000";"8,74";"12,6";"10,53";"11,4"
"2024-06-18 02:00";"0,000";"8,71";"12,2";"10,55";"10,8"
"2024-06-18 03:00";"0,000";"8,8";"12,2";"10,62";"12,4"
"2024-06-18 04:00";"0,000";"8,47";"11,6";"6,84";"12,9"
"2024-06-18 05:00";"0,000";"7,74";"11,7";"6,06";"12,3"
"2024-06-18 06:00";"0,01";"3,89";"12,2";"6,28";"11,5"
"2024-06-18 07:00";"0,09";"5,08";"13,9";"2,41";"11,1"
"2024-06-18 08:00";"4,22";"0,08";"15,3";"0,36";"12,5"
"2024-06-18 09:00";"9,72";"0,21";"16,000";"0,06";"14,000"
"2024-06-18 10:00";"6,71";"1,3";"16,6";"0,000";"15,6"
"2024-06-18 11:00";"19,26";"0,43";"16,8";"0,000";"17,5"
"2024-06-18 12:00";"27,62";"0,000";"17,6";"0,02";"18,8"
"2024-06-18 13:00";"30,72";"0,03";"18,6";"0,000";"19,1"
"2024-06-18 14:00";"7,64";"5,1";"19,1";"0,46";"19,1"
"2024-06-18 15:00";"17,92";"0,74";"19,5";"0,05";"19,5"
"2024-06-18 16:00";"17,89";"0,000";"19,7";"0,13";"20,4"
"2024-06-18 17:00";"11,81";"0,000";"19,8";"0,87";"21,3"
"2024-06-18 18:00";"1,77";"3,86";"19,5";"4,91";"21,2"
"2024-06-18 19:00";"0,000";"4,68";"19,000";"14,69";"21,1"
"2024-06-18 20:00";"0,000";"9,67";"18,4";"10,87";"20,6"
"2024-06-18 21:00";"0,000";"8,02";"17,5";"10,5";"19,3"
"2024-06-18 22:00";"0,000";"8,34";"16,2";"6,87";"16,7"
"2024-06-18 23:00";"0,000";"5,11";"15,5";"8,81";"14,5"
"2024-06-19 00:00";"0,000";"5,2";"14,8";"8,7";"13,000"
"2024-06-19 01:00";"0,000";"5,21";"14,7";"6,000";"11,4"
"2024-06-19 02:00";"0,000";"5,16";"14,1";"5,14";"10,6"
"2024-06-19 03:00";"0,000";"5,22";"13,5";"5,48";"10,000"
"2024-06-19 04:00";"0,000";"5,1";"12,7";"4,61";"8,5"
"2024-06-19 05:00";"0,000";"3,79";"11,8";"3,76";"9,000"
"2024-06-19 06:00";"0,000";"2,1";"11,3";"1,74";"10,2"
"2024-06-19 07:00";"0,38";"1,09";"12,1";"2,64";"10,8"
"2024-06-19 08:00";"5,02";"0,02";"13,4";"3,45";"11,5"
"2024-06-19 09:00";"4,54";"1,32";"14,000";"0,06";"13,2"
"2024-06-19 10:00";"6,25";"1,27";"14,2";"0,69";"19,4"
"2024-06-19 11:00";"4,82";"2,23";"14,5";"0,04";"20,6"
"2024-06-19 12:00";"12,96";"0,09";"14,9";"0,01";"22,000"
"2024-06-19 13:00";"21,91";"0,000";"15,7";"0,000";"22,8"
"2024-06-19 14:00";"18,67";"0,000";"16,000";"0,000";"23,5"
"2024-06-19 15:00";"35,04";"0,000";"16,4";"0,000";"24,000"
"2024-06-19 16:00";"20,84";"0,000";"17,7";"0,000";"24,7"
"2024-06-19 17:00";"18,77";"0,05";"17,7";"0,000";"22,6"
"2024-06-19 18:00";"1,06";"10,46";"17,7";"1,26";"19,9"
"2024-06-19 19:00";"0,51";"9,11";"17,2";"1,87";"18,000"
"2024-06-19 20:00";"0,000";"6,09";"16,5";"4,86";"18,6"
"2024-06-19 21:00";"0,000";"10,22";"15,3";"8,84";"18,7"
"2024-06-19 22:00";"0,000";"19,06";"14,3";"6,76";"18,4"
"2024-06-19 23:00";"0,000";"8,51";"13,7";"9,84";"18,1"
"2024-06-20 00:00";"0,000";"8,58";"12,8";"7,58";"16,8"
"2024-06-20 01:00";"0,000";"8,44";"11,6";"7,24";"16,4"
"2024-06-20 02:00";"0,000";"5,8";"11,9";"6,06";"16,000"
"2024-06-20 03:00";"0,000";"5,08";"11,8";"5,02";"15,2"
"2024-06-20 04:00";"0,000";"5,16";"11,8";"4,84";"14,8"
"2024-06-20 05:00";"0,000";"4,51";"11,7";"3,5";"14,5"
"2024-06-20 06:00";"0,01";"2,73";"11,6";"4,16";"14,7"
"2024-06-20 07:00";"1,48";"5,86";"12,1";"4,65";"16,4"
"2024-06-20 08:00";"5,62";"0,39";"12,6";"1,39";"18,6"
"2024-06-20 09:00";"7,37";"1,4";"13,3";"1,95";"20,3"
"2024-06-20 10:00";"11,04";"1,21";"14,4";"0,49";"21,3"
"2024-06-20 11:00";"23,5";"0,52";"15,5";"0,000";"23,8"
"2024-06-20 12:00";"32,96";"0,000";"16,8";"0,000";"25,3"
"2024-06-20 13:00";"37,06";"0,000";"17,7";"0,000";"24,5"
"2024-06-20 14:00";"31,18";"0,000";"18,4";"0,27";"22,8"
"2024-06-20 15:00";"25,92";"0,000";"18,8";"0,88";"21,6"
"2024-06-20 16:00";"17,27";"0,000";"18,8";"0,000";"22,2"
"2024-06-20 17:00";"10,31";"0,14";"18,6";"0,000";"22,5"
"2024-06-20 18:00";"0,02";"5,71";"18,3";"5,45";"24,3"
"2024-06-20 19:00";"0,000";"4,88";"17,6";"1,41";"24,4"
"2024-06-20 20:00";"0,000";"17,51";"16,8";"0,17";"22,9"
"2024-06-20 21:00";"0,000";"12,58";"15,5";"16,000";"21,6"
"2024-06-20 22:00";"0,000";"13,89";"14,3";"8,85";"20,6"
"2024-06-20 23:00";"0,000";"15,58";"13,2";"14,68";"19,3"
"2024-06-21 00:00";"0,000";"15,65";"12,1";"10,28";"18,000"
"2024-06-21 01:00";"0,000";"11,35";"11,7";"8,2";"18,2"
"2024-06-21 02:00";"0,000";"8,66";"11,6";"8,19";"17,9"
"2024-06-21 03:00";"0,000";"8,63";"10,9";"8,18";"17,8"
"2024-06-21 04:00";"0,000";"3,62";"11,5";"8,23";"17,7"
"2024-06-21 05:00";"0,12";"0,66";"11,2";"6,53";"18,000"
"2024-06-21 06:00";"0,97";"0,1";"11,7";"4,91";"18,1"
"2024-06-21 07:00";"4,14";"0,000";"12,8";"2,43";"18,2"
"2024-06-21 08:00";"5,31";"0,000";"14,4";"0,08";"19,000"
"2024-06-21 09:00";"13,08";"0,000";"16,3";"0,01";"19,4"
"2024-06-21 10:00";"22,35";"0,000";"18,4";"0,61";"20,3"
"2024-06-21 11:00";"18,92";"0,000";"19,1";"0,3";"21,000"
"2024-06-21 12:00";"30,47";"0,000";"19,4";"0,000";"22,6"
"2024-06-21 13:00";"30,94";"0,000";"19,4";"0,01";"24,3"
"2024-06-21 14:00";"31,18";"0,000";"20,8";"0,000";"22,9"
"2024-06-21 15:00";"31,15";"0,000";"20,7";"0,23";"23,7"
"2024-06-21 16:00";"16,37";"0,000";"21,8";"0,47";"24,3"
"2024-06-21 17:00";"3,8";"0,000";"21,1";"0,000";"24,4"
"2024-06-21 18:00";"2,65";"0,04";"19,6";"1,59";"24,5"
"2024-06-21 19:00";"0,08";"1,21";"19,8";"1,85";"23,4"
"2024-06-21 20:00";"0,000";"2,39";"19,6";"19,31";"21,7"
"2024-06-21 21:00";"0,000";"5,13";"19,3";"13,97";"19,9"
"2024-06-21 22:00";"0,000";"4,14";"18,8";"6,5";"18,5"
"2024-06-21 23:00";"0,000";"1,64";"16,6";"5,34";"16,7"
"2024-06-22 00:00";"0,000";"1,73";"15,7";"5,44";"15,000"
"2024-06-22 01:00";"0,000";"1,67";"14,8";"5,38";"14,4"
"2024-06-22 02:00";"0,000";"1,69";"14,2";"5,32";"14,3"
"2024-06-22 03:00";"0,000";"2,14";"14,1";"5,38";"13,7"
"2024-06-22 04:00";"0,000";"4,74";"14,5";"5,01";"13,3"
"2024-06-22 05:00";"0,000";"3,4";"14,7";"3,78";"12,3"
"2024-06-22 06:00";"1,42";"0,11";"14,7";"1,67";"11,4"
"2024-06-22 07:00";"3,43";"0,000";"15,2";"1,43";"13,7"
"2024-06-22 08:00";"2,69";"0,08";"16,1";"1,48";"15,6"
"2024-06-22 09:00";"4,42";"0,000";"16,8";"0,85";"17,3"
"2024-06-22 10:00";"4,31";"0,000";"16,9";"0,000";"18,3"
"2024-06-22 11:00";"2,69";"0,000";"17,5";"0,000";"19,8"
"2024-06-22 12:00";"2,24";"0,000";"17,5";"0,000";"21,000"
"2024-06-22 13:00";"0,9";"0,59";"16,9";"0,000";"21,9"
"2024-06-22 14:00";"1,02";"0,07";"16,7";"0,000";"23,000"
"2024-06-22 15:00";"0,96";"1,93";"16,3";"0,000";"23,6"
"2024-06-22 16:00";"1,58";"0,03";"16,4";"0,1";"23,9"
"2024-06-22 17:00";"0,13";"1,63";"16,2";"0,000";"23,7"
"2024-06-22 18:00";"0,000";"14,22";"15,4";"0,06";"23,7"
"2024-06-22 19:00";"0,000";"6,7";"14,9";"7,87";"23,5"
"2024-06-22 20:00";"0,000";"29,35";"14,7";"12,13";"22,4"
"2024-06-22 21:00";"0,000";"23,01";"14,9";"13,42";"20,7"
"2024-06-22 22:00";"0,000";"12,65";"14,9";"14,14";"18,9"
"2024-06-22 23:00";"0,000";"15,12";"14,9";"15,32";"18,2"
"2024-06-23 00:00";"0,000";"15,61";"14,9";"15,08";"17,9"
"2024-06-23 01:00";"0,000";"15,6";"14,9";"15,37";"16,6"
"2024-06-23 02:00";"0,000";"15,17";"14,6";"15,44";"16,4"
"2024-06-23 03:00";"0,000";"12,15";"14,5";"15,08";"15,7"
"2024-06-23 04:00";"0,000";"12,07";"14,3";"15,07";"16,2"
"2024-06-23 05:00";"0,000";"11,7";"14,4";"13,53";"16,000"
"2024-06-23 06:00";"0,000";"9,96";"14,2";"4,94";"15,6"
"2024-06-23 07:00";"0,000";"7,48";"14,000";"0,34";"14,9"
"2024-06-23 08:00";"0,000";"7,8";"14,8";"1,03";"17,5"
"2024-06-23 09:00";"0,000";"4,76";"14,6";"2,38";"19,000"
"2024-06-23 10:00";"0,39";"5,64";"14,6";"0,000";"20,7"
"2024-06-23 11:00";"0,000";"16,43";"15,3";"0,000";"21,2"
"2024-06-23 12:00";"0,03";"9,05";"15,2";"0,000";"21,7"
"2024-06-23 13:00";"2,38";"1,21";"15,8";"0,000";"22,000"
"2024-06-23 14:00";"3,9";"0,64";"16,5";"0,000";"21,4"
"2024-06-23 15:00";"2,12";"2,63";"17,1";"0,000";"21,5"
"2024-06-23 16:00";"2,62";"4,81";"17,3";"0,000";"20,8"
"2024-06-23 17:00";"0,9";"15,1";"18,3";"0,000";"20,2"
"2024-06-23 18:00";"0,21";"10,4";"17,8";"0,15";"19,5"
"2024-06-23 19:00";"0,000";"22,11";"17,3";"0,36";"19,1"
"2024-06-23 20:00";"0,000";"11,55";"17,5";"3,07";"19,5"
"2024-06-23 21:00";"0,000";"4,77";"16,4";"4,78";"19,2"
"2024-06-23 22:00";"0,000";"5,18";"14,8";"5,49";"16,5"
"2024-06-23 23:00";"0,000";"5,3";"13,000";"5,47";"14,3"
"2024-06-24 00:00";"0,000";"6,12";"11,9";"5,43";"13,2"
"2024-06-24 01:00";"0,000";"5,56";"12,000";"5,38";"12,1"
"2024-06-24 02:00";"0,000";"5,52";"11,5";"3,79";"11,9"
"2024-06-24 03:00";"0,000";"2,26";"10,5";"1,75";"11,3"
"2024-06-24 04:00";"0,000";"1,89";"10,1";"1,41";"10,2"
"2024-06-24 05:00";"0,08";"0,99";"9,6";"0,61";"9,1"
"2024-06-24 06:00";"0,26";"1,03";"10,1";"0,19";"10,1"
"2024-06-24 07:00";"2,73";"0,76";"12,4";"0,02";"13,3"
"2024-06-24 08:00";"3,29";"0,99";"14,4";"0,000";"15,1"
"2024-06-24 09:00";"8,88";"0,05";"15,3";"0,000";"16,3"
"2024-06-24 10:00";"10,96";"2,22";"16,1";"0,02";"17,4"
"2024-06-24 11:00";"17,59";"0,000";"16,9";"0,000";"18,5"
"2024-06-24 12:00";"20,39";"0,23";"17,9";"0,000";"19,8"
"2024-06-24 13:00";"30,48";"0,000";"18,5";"0,000";"21,000"
"2024-06-24 14:00";"33,68";"0,000";"19,000";"0,01";"21,8"
"2024-06-24 15:00";"31,86";"0,000";"19,4";"0,000";"21,7"
"2024-06-24 16:00";"25,81";"0,000";"19,7";"0,000";"22,6"
"2024-06-24 17:00";"18,73";"0,01";"19,7";"0,000";"23,000"
"2024-06-24 18:00";"11,31";"0,04";"19,5";"0,000";"23,000"
"2024-06-24 19:00";"3,9";"0,59";"19,8";"0,35";"22,8"
"2024-06-24 20:00";"0,81";"0,04";"19,5";"1,97";"22,5"
"2024-06-24 21:00";"0,000";"0,86";"17,9";"7,64";"21,6"
"2024-06-24 22:00";"0,000";"1,47";"15,8";"8,19";"19,7"
"2024-06-24 23:00";"0,000";"1,59";"14,1";"8,53";"17,4"
"2024-06-25 00:00";"0,000";"1,63";"12,8";"8,6";"16,1"
"2024-06-25 01:00";"0,000";"1,67";"12,1";"8,53";"14,5"
"2024-06-25 02:00";"0,000";"1,67";"11,2";"8,54";"13,8"
"2024-06-25 03:00";"0,000";"1,7";"11,3";"8,53";"13,1"
"2024-06-25 04:00";"0,000";"1,44";"10,5";"8,25";"11,7"
"2024-06-25 05:00";"0,000";"0,91";"10,000";"7,51";"10,7"
"2024-06-25 06:00";"0,02";"0,43";"10,6";"6,41";"10,7"
"2024-06-25 07:00";"1,06";"1,48";"13,2";"2,32";"13,3"
"2024-06-25 08:00";"5,81";"0,000";"16,5";"0,01";"16,8"
"2024-06-25 09:00";"12,25";"0,06";"19,1";"0,000";"20,3"
"2024-06-25 10:00";"15,35";"0,14";"20,5";"0,000";"22,5"
"2024-06-25 11:00";"19,43";"0,5";"21,4";"0,83";"23,2"
"2024-06-25 12:00";"17,83";"0,000";"22,6";"0,04";"23,6"
"2024-06-25 13:00";"4,05";"0,64";"22,2";"0,000";"24,1"
"2024-06-25 14:00";"18,54";"0,71";"21,6";"0,000";"24,7"
"2024-06-25 15:00";"13,64";"0,000";"22,3";"0,01";"25,2"
"2024-06-25 16:00";"21,3";"0,000";"22,3";"0,000";"25,4"
"2024-06-25 17:00";"14,2";"0,000";"21,9";"0,24";"24,9"
"2024-06-25 18:00";"4,13";"0,01";"22,5";"0,96";"24,2"
"2024-06-25 19:00";"0,02";"2,4";"22,6";"16,86";"23,8"
"2024-06-25 20:00";"0,000";"6,67";"22,000";"16,43";"23,3"
"2024-06-25 21:00";"0,000";"11,24";"21,000";"15,52";"21,3"
"2024-06-25 22:00";"0,000";"12,01";"18,9";"8,6";"18,8"
"2024-06-25 23:00";"0,000";"9,99";"16,7";"5,4";"16,4"
"2024-06-26 00:00";"0,000";"8,77";"15,5";"5,36";"14,8"
"2024-06-26 01:00";"0,000";"6,57";"14,8";"4,95";"13,5"
"2024-06-26 02:00";"0,000";"5,23";"14,000";"1,71";"12,5"
"2024-06-26 03:00";"0,000";"5,3";"13,9";"1,7";"12,1"
"2024-06-26 04:00";"0,000";"3,6";"13,6";"1,41";"12,5"
"2024-06-26 05:00";"0,000";"0,78";"13,8";"0,73";"13,000"
"2024-06-26 06:00";"0,05";"0,18";"13,1";"0,47";"13,5"
"2024-06-26 07:00";"1,31";"1,14";"16,5";"0,97";"16,9"
"2024-06-26 08:00";"5,91";"0,01";"18,7";"0,000";"19,8"
"2024-06-26 09:00";"5,41";"1,53";"20,9";"0,95";"22,4"
"2024-06-26 10:00";"17,6";"0,08";"22,5";"0,02";"24,000"
"2024-06-26 11:00";"23,47";"0,000";"24,3";"0,000";"25,000"
"2024-06-26 12:00";"14,15";"0,38";"24,4";"0,000";"25,8"
"2024-06-26 13:00";"12,55";"0,17";"25,000";"0,000";"26,5"
"2024-06-26 14:00";"22,35";"0,2";"24,8";"0,02";"27,1"
"2024-06-26 15:00";"5,77";"1,55";"25,3";"0,15";"26,6"
"2024-06-26 16:00";"24,19";"0,000";"26,7";"0,87";"24,5"
"2024-06-26 17:00";"19,18";"0,000";"25,9";"1,35";"18,000"
"2024-06-26 18:00";"9,05";"0,000";"26,3";"4,37";"13,8"
"2024-06-26 19:00";"5,09";"0,000";"25,4";"4,08";"13,8"
"2024-06-26 20:00";"0,68";"0,04";"24,6";"6,56";"13,8"
"2024-06-26 21:00";"0,000";"0,9";"23,7";"11,56";"14,1"
"2024-06-26 22:00";"0,000";"1,64";"21,8";"9,39";"17,000"
"2024-06-26 23:00";"0,000";"1,57";"20,5";"14,07";"16,8"
"2024-06-27 00:00";"0,000";"1,62";"19,9";"8,38";"16,5"
"2024-06-27 01:00";"0,000";"1,61";"19,2";"5,15";"15,8"
"2024-06-27 02:00";"0,000";"1,6";"18,5";"5,13";"15,4"
"2024-06-27 03:00";"0,000";"1,55";"15,4";"5,19";"15,000"
"2024-06-27 04:00";"0,000";"1,27";"15,7";"4,94";"14,8"
"2024-06-27 05:00";"0,000";"0,63";"16,4";"3,66";"14,7"
"2024-06-27 06:00";"0,11";"0,08";"17,4";"2,75";"14,3"
"2024-06-27 07:00";"1,66";"0,05";"18,8";"2,31";"14,5"
"2024-06-27 08:00";"6,81";"0,000";"20,1";"0,86";"15,2"
"2024-06-27 09:00";"13,2";"0,000";"22,1";"0,26";"16,1"
"2024-06-27 10:00";"20,04";"0,000";"24,2";"2,15";"16,7"
"2024-06-27 11:00";"25,64";"0,000";"26,3";"0,3";"16,8"
"2024-06-27 12:00";"29,14";"0,000";"27,4";"1,49";"16,6"
"2024-06-27 13:00";"29,44";"0,000";"28,7";"0,21";"16,5"
"2024-06-27 14:00";"31,64";"0,000";"29,3";"0,02";"16,3"
"2024-06-27 15:00";"28,83";"0,000";"29,9";"0,08";"15,6"
"2024-06-27 16:00";"18,28";"0,000";"30,2";"0,1";"16,6"
"2024-06-27 17:00";"13,46";"0,000";"29,9";"6,55";"16,9"
"2024-06-27 18:00";"10,47";"0,000";"29,6";"1,36";"17,000"
"2024-06-27 19:00";"2,97";"0,000";"28,5";"0,95";"17,1"
"2024-06-27 20:00";"0,04";"4,93";"27,8";"3,54";"15,8"
"2024-06-27 21:00";"0,000";"11,75";"26,3";"4,19";"16,3"
"2024-06-27 22:00";"0,000";"8,77";"24,7";"2,2";"16,2"
"2024-06-27 23:00";"0,000";"8,55";"23,8";"1,97";"16,1"
"2024-06-28 00:00";"0,000";"8,6";"22,7";"1,88";"15,6"
"2024-06-28 01:00";"0,000";"8,56";"20,2";"1,83";"15,1"
"2024-06-28 02:00";"0,000";"8,63";"18,9";"1,8";"14,7"
"2024-06-28 03:00";"0,000";"8,63";"18,9";"1,79";"14,4"
"2024-06-28 04:00";"0,000";"8,18";"18,8";"1,62";"14,3"
"2024-06-28 05:00";"0,000";"6,75";"18,7";"0,67";"13,4"
"2024-06-28 06:00";"0,000";"5,2";"18,8";"0,07";"13,3"
"2024-06-28 07:00";"0,000";"6,45";"19,2";"0,55";"14,5"
"2024-06-28 08:00";"0,44";"6,32";"19,9";"0,34";"15,7"
"2024-06-28 09:00";"1,12";"9,08";"21,1";"2,4";"16,4"
"2024-06-28 10:00";"6,9";"1,34";"22,3";"0,54";"18,000"
"2024-06-28 11:00";"13,39";"0,17";"23,1";"0,54";"18,7"
"2024-06-28 12:00";"1,94";"8,08";"21,4";"0,65";"19,7"
"2024-06-28 13:00";"8,88";"3,34";"20,7";"0,000";"20,5"
"2024-06-28 14:00";"3,36";"2,9";"23,8";"0,000";"20,8"
"2024-06-28 15:00";"12,52";"0,93";"21,4";"0,02";"20,9"
"2024-06-28 16:00";"14,22";"2,01";"21,8";"0,000";"21,4"
"2024-06-28 17:00";"0,18";"13,23";"22,6";"0,000";"21,9"
"2024-06-28 18:00";"2,92";"5,36";"21,1";"0,16";"22,1"
"2024-06-28 19:00";"0,56";"4,25";"21,2";"2,87";"22,1"
"2024-06-28 20:00";"0,000";"9,76";"20,5";"14,96";"21,4"
"2024-06-28 21:00";"0,000";"7,34";"19,1";"10,93";"20,4"
"2024-06-28 22:00";"0,000";"7,52";"17,3";"7,17";"18,4"
"2024-06-28 23:00";"0,000";"10,44";"16,6";"5,88";"16,8"
"2024-06-29 00:00";"0,000";"5,67";"16,7";"8,81";"14,4"
"2024-06-29 01:00";"0,000";"4,83";"16,4";"8,84";"12,9"
"2024-06-29 02:00";"0,000";"4,76";"15,6";"8,75";"12,4"
"2024-06-29 03:00";"0,000";"4,82";"15,3";"8,75";"12,6"
"2024-06-29 04:00";"0,000";"4,53";"14,9";"8,52";"12,1"
"2024-06-29 05:00";"0,000";"3,75";"14,7";"7,81";"11,2"
"2024-06-29 06:00";"0,12";"2,5";"14,8";"6,23";"10,8"
"2024-06-29 07:00";"4,3";"0,000";"15,6";"6,98";"12,4"
"2024-06-29 08:00";"9,000";"0,000";"16,3";"1,84";"15,4"
"2024-06-29 09:00";"6,46";"0,55";"17,1";"1,19";"17,7"
"2024-06-29 10:00";"13,14";"0,37";"17,4";"4,44";"18,5"
"2024-06-29 11:00";"14,96";"0,53";"18,2";"0,43";"17,2"
"2024-06-29 12:00";"20,71";"0,000";"18,9";"1,9";"18,000"
"2024-06-29 13:00";"24,06";"0,06";"19,8";"1,03";"20,000"
"2024-06-29 14:00";"13,18";"0,09";"20,4";"0,31";"20,7"
"2024-06-29 15:00";"17,97";"0,000";"20,8";"0,32";"21,4"
"2024-06-29 16:00";"20,76";"0,000";"21,1";"1,95";"20,8"
"2024-06-29 17:00";"18,95";"0,000";"21,3";"0,48";"20,8"
"2024-06-29 18:00";"14,71";"0,000";"21,1";"0,03";"20,8"
"2024-06-29 19:00";"3,35";"0,04";"20,8";"0,36";"20,3"
"2024-06-29 20:00";"0,000";"2,33";"20,5";"7,37";"19,8"
"2024-06-29 21:00";"0,000";"4,24";"19,7";"11,7";"19,5"
"2024-06-29 22:00";"0,000";"4,97";"17,4";"9,33";"18,6"
"2024-06-29 23:00";"0,000";"4,86";"16,000";"8,67";"17,6"
"2024-06-30 00:00";"0,000";"6,02";"15,2";"8,56";"17,3"
"2024-06-30 01:00";"0,000";"4,99";"15,3";"8,56";"16,4"
"2024-06-30 02:00";"0,000";"4,98";"15,2";"8,61";"15,8"
"2024-06-30 03:00";"0,000";"5,000";"15,4";"8,61";"15,7"
"2024-06-30 04:00";"0,000";"4,98";"15,7";"8,59";"15,7"
"2024-06-30 05:00";"0,000";"4,93";"15,8";"8,59";"14,4"
"2024-06-30 06:00";"0,000";"4,37";"16,000";"7,9";"13,1"
"2024-06-30 07:00";"0,000";"3,42";"15,2";"9,6";"12,5"
"2024-06-30 08:00";"0,000";"3,52";"15,5";"6,88";"14,1"
"2024-06-30 09:00";"0,000";"6,15";"15,8";"6,29";"14,9"
"2024-06-30 10:00";"0,05";"10,41";"15,7";"0,46";"15,5"
"2024-06-30 11:00";"3,31";"1,18";"16,6";"0,06";"16,6"
"2024-06-30 12:00";"4,44";"0,35";"17,6";"0,000";"17,2"
"2024-06-30 13:00";"0,01";"12,71";"16,9";"0,000";"17,8"
"2024-06-30 14:00";"1,62";"1,51";"14,5";"0,000";"17,6"
"2024-06-30 15:00";"0,5";"12,06";"14,9";"0,000";"17,7"
"2024-06-30 16:00";"0,08";"7,81";"15,4";"0,06";"18,4"
"2024-06-30 17:00";"0,66";"2,58";"15,4";"0,02";"19,5"
"2024-06-30 18:00";"2,4";"0,08";"15,5";"0,04";"19,6"
"2024-06-30 19:00";"0,22";"7,13";"15,6";"0,27";"20,1"
"2024-06-30 20:00";"0,05";"16,53";"16,000";"9,57";"19,5"
"2024-06-30 21:00";"0,000";"9,29";"16,000";"11,14";"18,4"
"2024-06-30 22:00";"0,000";"2,43";"14,8";"6,9";"17,1"
"2024-06-30 23:00";"0,000";"4,16";"13,7";"5,91";"15,8"
"2024-07-01 00:00";"0,000";"1,71";"12,7";"5,45";"14,6"
"2024-07-01 01:00";"0,000";"1,71";"12,8";"5,38";"15,4"
"2024-07-01 02:00";"0,000";"2,5";"12,1";"5,35";"15,8"
"2024-07-01 03:00";"0,000";"1,71";"12,4";"5,42";"15,8"
"2024-07-01 04:00";"0,000";"1,6";"12,000";"5,24";"14,3"
"2024-07-01 05:00";"0,1";"0,33";"11,4";"4,45";"13,2"
"2024-07-01 06:00";"0,62";"0,02";"11,7";"3,35";"13,000"
"2024-07-01 07:00";"0,55";"2,68";"12,7";"2,65";"13,7"
"2024-07-01 08:00";"5,91";"0,19";"14,8";"1,36";"13,8"
"2024-07-01 09:00";"12,87";"0,09";"15,8";"1,47";"14,7"
"2024-07-01 10:00";"12,48";"0,5";"16,4";"1,25";"13,8"
"2024-07-01 11:00";"21,45";"0,03";"17,000";"0,52";"14,9"
"2024-07-01 12:00";"22,68";"0,07";"17,5";"2,79";"15,8"
"2024-07-01 13:00";"34,88";"0,000";"18,3";"0,9";"14,7"
"2024-07-01 14:00";"13,69";"0,56";"18,7";"2,06";"15,9"
"2024-07-01 15:00";"11,78";"2,17";"18,7";"1,91";"14,7"
"2024-07-01 16:00";"13,51";"1,28";"18,5";"3,67";"14,3"
"2024-07-01 17:00";"6,87";"3,91";"19,4";"2,25";"13,2"
"2024-07-01 18:00";"0,14";"7,78";"18,6";"4,49";"12,9"
"2024-07-01 19:00";"0,36";"2,11";"17,3";"11,17";"12,9"
"2024-07-01 20:00";"0,000";"8,7";"17,8";"9,94";"12,7"
"2024-07-01 21:00";"0,000";"11,63";"17,3";"7,17";"12,5"
"2024-07-01 22:00";"0,000";"12,76";"15,4";"1,73";"12,6"
"2024-07-01 23:00";"0,000";"8,4";"14,1";"1,75";"13,000"
"2024-07-02 00:00";"0,000";"5,1";"13,8";"1,74";"13,4"
"2024-07-02 01:00";"0,000";"4,02";"14,2";"1,75";"14,1"
"2024-07-02 02:00";"0,000";"2,86";"14,000";"1,79";"14,9"
"2024-07-02 03:00";"0,000";"4,63";"12,7";"1,83";"15,1"
"2024-07-02 04:00";"0,000";"4,59";"13,000";"1,77";"14,8"
"2024-07-02 05:00";"0,000";"4,11";"13,6";"0,88";"14,7"
"2024-07-02 06:00";"0,08";"3,12";"13,8";"0,09";"14,5"
"2024-07-02 07:00";"0,25";"2,09";"13,5";"0,000";"15,000"
"2024-07-02 08:00";"0,45";"3,49";"13,5";"0,000";"15,5"
"2024-07-02 09:00";"3,61";"1,44";"13,9";"0,000";"16,1"
"2024-07-02 10:00";"8,2";"0,24";"14,5";"0,000";"16,9"
"2024-07-02 11:00";"11,47";"0,000";"15,5";"0,000";"18,000"
"2024-07-02 12:00";"5,54";"2,07";"15,2";"0,13";"18,3"
"2024-07-02 13:00";"4,19";"1,4";"15,000";"0,000";"17,1"
"2024-07-02 14:00";"5,04";"0,2";"15,000";"0,000";"17,1"
"2024-07-02 15:00";"2,4";"0,66";"15,8";"0,26";"15,9"
"2024-07-02 16:00";"0,86";"6,58";"16,3";"0,000";"16,6"
"2024-07-02 17:00";"0,03";"15,28";"16,7";"9,33";"18,1"
"2024-07-02 18:00";"0,34";"6,31";"16,3";"15,74";"16,7"
"2024-07-02 19:00";"0,000";"11,52";"15,3";"7,38";"16,3"
"2024-07-02 20:00";"0,000";"4,3";"15,4";"5,73";"15,8"
"2024-07-02 21:00";"0,000";"5,000";"15,6";"18,54";"15,7"
"2024-07-02 22:00";"0,000";"5,02";"15,3";"16,2";"15,6"
"2024-07-02 23:00";"0,000";"5,9";"14,9";"10,9";"14,9"
"2024-07-03 00:00";"0,000";"5,32";"14,3";"9,22";"14,9"
"2024-07-03 01:00";"0,000";"5,82";"14,000";"9,24";"14,5"
"2024-07-03 02:00";"0,000";"3,2";"13,9";"9,2";"14,1"
"2024-07-03 03:00";"0,000";"1,8";"13,8";"8,54";"13,6"
"2024-07-03 04:00";"0,000";"1,86";"13,7";"5,77";"13,9"
"2024-07-03 05:00";"0,000";"2,15";"13,5";"4,46";"14,000"
"2024-07-03 06:00";"0,08";"0,92";"13,000";"2,9";"14,1"
"2024-07-03 07:00";"1,15";"0,84";"13,2";"2,77";"14,5"
"2024-07-03 08:00";"1,1";"2,57";"13,4";"2,06";"14,8"
"2024-07-03 09:00";"3,97";"0,43";"13,6";"0,34";"12,3"
"2024-07-03 10:00";"3,17";"1,76";"14,2";"1,62";"15,5"
"2024-07-03 11:00";"16,81";"0,08";"14,8";"0,13";"16,6"
"2024-07-03 12:00";"9,65";"0,32";"16,6";"0,86";"17,3"
"2024-07-03 13:00";"20,82";"0,000";"17,1";"0,52";"16,3"
"2024-07-03 14:00";"26,53";"0,000";"17,7";"1,67";"14,6"
"2024-07-03 15:00";"17,23";"0,11";"17,4";"0,09";"16,4"
"2024-07-03 16:00";"19,99";"0,05";"17,3";"0,000";"17,000"
"2024-07-03 17:00";"10,44";"0,000";"17,3";"0,52";"15,4"
"2024-07-03 18:00";"5,12";"10,82";"17,3";"0,45";"15,5"
"2024-07-03 19:00";"1,61";"4,1";"17,1";"1,65";"16,4"
"2024-07-03 20:00";"0,000";"9,88";"16,5";"4,06";"16,7"
"2024-07-03 21:00";"0,000";"14,39";"15,9";"5,45";"13,3"
"2024-07-03 22:00";"0,000";"17,45";"15,4";"6,82";"12,9"
"2024-07-03 23:00";"0,000";"11,86";"14,2";"5,83";"13,4"
"2024-07-04 00:00";"0,000";"11,9";"14,3";"5,81";"13,4"
"2024-07-04 01:00";"0,000";"11,94";"14,4";"5,81";"13,4"
"2024-07-04 02:00";"0,000";"11,89";"13,6";"5,84";"13,4"
"2024-07-04 03:00";"0,000";"9,98";"12,8";"5,78";"13,8"
"2024-07-04 04:00";"0,000";"8,46";"12,6";"5,88";"12,9"
"2024-07-04 05:00";"0,000";"7,6";"12,1";"4,82";"11,3"
"2024-07-04 06:00";"0,000";"4,26";"11,8";"3,57";"11,3"
"2024-07-04 07:00";"0,04";"2,1";"12,1";"4,5";"12,7"
"2024-07-04 08:00";"1,78";"1,73";"12,7";"0,34";"12,5"
"2024-07-04 09:00";"1,64";"4,04";"14,4";"0,01";"13,7"
"2024-07-04 10:00";"6,42";"0,46";"14,3";"0,13";"15,2"
"2024-07-04 11:00";"10,85";"0,000";"15,000";"0,1";"16,2"
"2024-07-04 12:00";"0,97";"2,04";"15,000";"0,07";"15,000"
"2024-07-04 13:00";"0,05";"6,72";"13,6";"1,04";"13,5"
"2024-07-04 14:00";"0,57";"6,69";"13,2";"0,15";"14,4"
"2024-07-04 15:00";"9,34";"0,54";"13,2";"3,13";"16,8"
"2024-07-04 16:00";"17,2";"0,01";"14,7";"5,76";"15,4"
"2024-07-04 17:00";"10,48";"0,12";"16,6";"0,01";"17,000"
"2024-07-04 18:00";"8,21";"0,28";"16,8";"12,31";"17,7"
"2024-07-04 19:00";"3,8";"0,53";"16,1";"8,33";"17,2"
"2024-07-04 20:00";"0,19";"2,47";"15,7";"10,44";"16,4"
"2024-07-04 21:00";"0,000";"4,64";"14,8";"15,36";"15,6"
"2024-07-04 22:00";"0,000";"5,63";"14,000";"16,79";"14,1"
"2024-07-04 23:00";"0,000";"6,82";"12,8";"19,66";"14,7"
"2024-07-05 00:00";"0,000";"5,58";"11,3";"19,66";"14,3"
"2024-07-05 01:00";"0,000";"5,5";"12,2";"17,61";"13,7"
"2024-07-05 02:00";"0,000";"5,49";"12,3";"16,02";"13,5"
"2024-07-05 03:00";"0,000";"5,64";"12,3";"16,11";"12,9"
"2024-07-05 04:00";"0,000";"5,4";"12,000";"15,95";"12,000"
"2024-07-05 05:00";"0,000";"4,3";"12,000";"15,22";"11,5"
"2024-07-05 06:00";"0,08";"2,19";"12,2";"9,97";"10,8"
"2024-07-05 07:00";"0,25";"3,85";"13,000";"5,85";"11,7"
"2024-07-05 08:00";"0,92";"5,5";"13,8";"0,35";"14,2"
"2024-07-05 09:00";"2,28";"6,31";"12,000";"8,45";"16,4"
"2024-07-05 10:00";"0,13";"15,64";"14,4";"3,95";"16,4"
"2024-07-05 11:00";"11,07";"3,08";"12,7";"0,03";"15,8"
"2024-07-05 12:00";"8,62";"2,36";"15,000";"0,000";"17,2"
"2024-07-05 13:00";"15,34";"0,000";"17,000";"3,53";"17,2"
"2024-07-05 14:00";"21,53";"0,02";"17,1";"6,95";"16,1"
"2024-07-05 15:00";"2,59";"1,48";"16,000";"5,23";"15,6"
"2024-07-05 16:00";"10,75";"0,33";"17,1";"0,000";"16,6"
"2024-07-05 17:00";"3,79";"3,89";"17,1";"2,54";"18,5"
"2024-07-05 18:00";"7,23";"1,57";"15,9";"5,5";"19,6"
"2024-07-05 19:00";"0,000";"3,56";"16,2";"22,9";"20,000"
"2024-07-05 20:00";"0,000";"3,58";"12,9";"7,12";"19,1"
"2024-07-05 21:00";"0,000";"5,05";"13,6";"11,92";"17,7"
"2024-07-05 22:00";"0,000";"11,08";"13,7";"7,23";"17,1"
"2024-07-05 23:00";"0,000";"5,65";"13,9";"1,97";"15,8"
"2024-07-06 00:00";"0,000";"5,44";"13,7";"1,92";"15,3"
"2024-07-06 01:00";"0,000";"5,19";"13,7";"1,94";"14,9"
"2024-07-06 02:00";"0,000";"5,32";"13,2";"1,9";"14,3"
"2024-07-06 03:00";"0,000";"5,34";"13,000";"1,96";"13,1"
"2024-07-06 04:00";"0,000";"5,29";"12,4";"2,05";"13,000"
"2024-07-06 05:00";"0,000";"4,85";"12,000";"1,37";"12,4"
"2024-07-06 06:00";"0,000";"2,89";"12,8";"0,77";"12,8"
"2024-07-06 07:00";"0,55";"0,94";"13,7";"1,08";"13,5"
"2024-07-06 08:00";"2,99";"4,11";"15,1";"0,34";"13,7"
"2024-07-06 09:00";"10,64";"0,000";"16,2";"0,06";"14,1"
"2024-07-06 10:00";"17,74";"0,000";"17,1";"0,01";"15,1"
"2024-07-06 11:00";"14,81";"0,000";"18,1";"0,000";"16,1"
"2024-07-06 12:00";"22,24";"0,000";"18,1";"0,000";"16,8"
"2024-07-06 13:00";"25,71";"0,000";"20,1";"0,8";"18,1"
"2024-07-06 14:00";"25,75";"0,000";"21,5";"0,39";"18,9"
"2024-07-06 15:00";"14,29";"0,000";"23,000";"0,28";"19,9"
"2024-07-06 16:00";"13,78";"0,05";"23,5";"0,000";"18,9"
"2024-07-06 17:00";"4,34";"2,02";"23,8";"0,11";"15,4"
"2024-07-06 18:00";"2,97";"6,95";"23,7";"0,91";"16,5"
"2024-07-06 19:00";"0,000";"15,53";"23,000";"0,02";"17,8"
"2024-07-06 20:00";"0,000";"15,63";"21,8";"0,11";"17,8"
"2024-07-06 21:00";"0,000";"2,65";"20,6";"0,7";"17,8"
"2024-07-06 22:00";"0,000";"1,61";"17,9";"3,99";"15,4"
"2024-07-06 23:00";"0,000";"1,75";"17,9";"5,27";"14,1"
"2024-07-07 00:00";"0,000";"1,77";"16,8";"5,47";"13,6"
"2024-07-07 01:00";"0,000";"1,86";"15,6";"5,43";"13,000"
"2024-07-07 02:00";"0,000";"1,81";"15,1";"5,43";"12,000"
"2024-07-07 03:00";"0,000";"1,78";"14,6";"5,48";"12,3"
"2024-07-07 04:00";"0,000";"1,66";"14,2";"5,32";"12,2"
"2024-07-07 05:00";"0,000";"0,75";"14,000";"4,000";"11,4"
"2024-07-07 06:00";"0,96";"0,13";"14,2";"2,02";"12,1"
"2024-07-07 07:00";"3,21";"0,01";"14,4";"1,62";"14,000"
"2024-07-07 08:00";"5,12";"0,000";"14,9";"0,81";"15,1"
"2024-07-07 09:00";"6,3";"0,61";"15,1";"1,73";"15,8"
"2024-07-07 10:00";"8,06";"0,13";"16,3";"1,39";"17,000"
"2024-07-07 11:00";"10,4";"0,000";"17,2";"0,03";"18,1"
"2024-07-07 12:00";"18,64";"0,000";"17,7";"0,000";"18,9"
"2024-07-07 13:00";"27,02";"0,000";"18,7";"0,42";"19,4"
"2024-07-07 14:00";"24,58";"0,000";"18,7";"0,33";"19,8"
"2024-07-07 15:00";"26,95";"0,000";"18,7";"0,23";"20,1"
"2024-07-07 16:00";"16,93";"0,47";"19,1";"0,000";"20,9"
"2024-07-07 17:00";"19,11";"0,41";"19,1";"0,06";"20,7"
"2024-07-07 18:00";"2,26";"5,93";"18,7";"9,89";"20,7"
"2024-07-07 19:00";"1,98";"10,51";"18,5";"3,27";"20,9"
"2024-07-07 20:00";"0,000";"13,2";"17,6";"11,95";"20,6"
"2024-07-07 21:00";"0,000";"15,87";"16,7";"28,97";"19,3"
"2024-07-07 22:00";"0,000";"7,49";"16,3";"19,36";"17,1"
"2024-07-07 23:00";"0,000";"5,21";"14,6";"12,52";"15,2"
"2024-07-08 00:00";"0,000";"5,21";"13,3";"11,08";"13,5"
"2024-07-08 01:00";"0,000";"5,22";"13,3";"5,76";"11,7"
"2024-07-08 02:00";"0,000";"5,31";"12,9";"5,44";"10,9"
"2024-07-08 03:00";"0,000";"5,28";"13,2";"5,49";"10,2"
"2024-07-08 04:00";"0,000";"3,76";"13,4";"4,95";"9,5"
"2024-07-08 05:00";"0,000";"1,39";"13,1";"3,76";"8,8"
"2024-07-08 06:00";"0,43";"0,24";"12,9";"3,11";"9,2"
"2024-07-08 07:00";"2,41";"1,1";"13,5";"3,65";"12,7"
"2024-07-08 08:00";"6,15";"0,05";"14,9";"0,53";"16,6"
"2024-07-08 09:00";"13,15";"0,000";"15,8";"0,000";"18,2"
"2024-07-08 10:00";"12,33";"0,000";"18,1";"0,000";"20,000"
"2024-07-08 11:00";"8,16";"0,000";"18,3";"0,000";"21,3"
"2024-07-08 12:00";"8,8";"0,01";"16,9";"0,000";"22,000"
"2024-07-08 13:00";"19,37";"0,000";"15,7";"0,000";"22,5"
"2024-07-08 14:00";"25,44";"0,39";"18,7";"0,000";"23,2"
"2024-07-08 15:00";"20,7";"0,82";"20,4";"0,000";"23,8"
"2024-07-08 16:00";"18,74";"0,79";"20,2";"0,000";"24,2"
"2024-07-08 17:00";"10,000";"0,98";"20,5";"0,000";"23,9"
"2024-07-08 18:00";"5,79";"0,45";"20,2";"1,15";"24,4"
"2024-07-08 19:00";"0,28";"3,15";"19,000";"6,22";"24,2"
"2024-07-08 20:00";"0,000";"8,03";"19,000";"6,33";"23,4"
"2024-07-08 21:00";"0,000";"9,44";"17,9";"9,59";"21,8"
"2024-07-08 22:00";"0,000";"11,37";"16,3";"12,36";"19,4"
"2024-07-08 23:00";"0,000";"11,85";"15,000";"12,55";"16,9"
"2024-07-09 00:00";"0,000";"11,91";"13,2";"12,47";"15,7"
"2024-07-09 01:00";"0,000";"11,84";"11,9";"12,43";"14,3"
"2024-07-09 02:00";"0,000";"10,72";"11,8";"12,46";"12,7"
"2024-07-09 03:00";"0,000";"8,38";"11,3";"12,26";"12,7"
"2024-07-09 04:00";"0,000";"8,17";"11,000";"9,17";"12,2"
"2024-07-09 05:00";"0,000";"5,05";"10,7";"4,78";"10,5"
"2024-07-09 06:00";"0,000";"3,71";"11,4";"3,73";"9,5"
"2024-07-09 07:00";"0,11";"2,28";"13,7";"2,27";"12,9"
"2024-07-09 08:00";"4,99";"0,000";"16,9";"0,11";"17,1"
"2024-07-09 09:00";"7,71";"1,14";"18,5";"0,000";"19,3"
"2024-07-09 10:00";"2,93";"2,26";"19,3";"0,000";"21,4"
"2024-07-09 11:00";"7,42";"0,000";"19,6";"0,000";"23,1"
"2024-07-09 12:00";"14,82";"0,000";"19,6";"0,000";"23,8"
"2024-07-09 13:00";"5,58";"1,59";"20,5";"0,000";"24,4"
"2024-07-09 14:00";"1,06";"3,21";"20,5";"0,000";"25,000"
"2024-07-09 15:00";"7,41";"1,36";"19,9";"0,000";"25,6"
"2024-07-09 16:00";"7,62";"1,94";"19,8";"0,1";"25,8"
"2024-07-09 17:00";"12,01";"0,000";"20,2";"0,000";"26,5"
"2024-07-09 18:00";"2,41";"0,9";"21,000";"7,72";"26,1"
"2024-07-09 19:00";"0,72";"14,92";"20,6";"9,89";"24,5"
"2024-07-09 20:00";"0,000";"14,9";"20,2";"10,22";"22,8"
"2024-07-09 21:00";"0,000";"13,05";"19,1";"10,34";"21,2"
"2024-07-09 22:00";"0,000";"5,2";"18,2";"12,93";"19,3"
"2024-07-09 23:00";"0,000";"5,05";"17,6";"5,86";"17,4"
"2024-07-10 00:00";"0,000";"5,12";"17,5";"1,83";"17,000"
"2024-07-10 01:00";"0,000";"2,58";"17,5";"1,75";"17,2"
"2024-07-10 02:00";"0,000";"1,59";"17,8";"1,76";"14,7"
"2024-07-10 03:00";"0,000";"1,6";"18,3";"1,73";"16,1"
"2024-07-10 04:00";"0,000";"1,47";"18,6";"1,63";"16,6"
"2024-07-10 05:00";"0,000";"0,77";"18,8";"0,63";"15,1"
"2024-07-10 06:00";"0,1";"0,54";"18,7";"0,16";"16,1"
"2024-07-10 07:00";"0,25";"0,88";"19,3";"0,000";"18,5"
"2024-07-10 08:00";"3,48";"0,01";"20,1";"0,000";"20,000"
"2024-07-10 09:00";"10,56";"0,000";"22,000";"0,21";"19,9"
"2024-07-10 10:00";"17,18";"0,000";"24,5";"0,01";"21,000"
"2024-07-10 11:00";"20,47";"0,000";"25,6";"3,6";"22,2"
"2024-07-10 12:00";"17,63";"0,09";"26,000";"2,48";"22,2"
"2024-07-10 13:00";"1,39";"0,29";"25,9";"4,07";"21,8"
"2024-07-10 14:00";"2,48";"0,05";"21,000";"3,73";"19,4"
"2024-07-10 15:00";"0,24";"1,3";"20,8";"3,13";"16,000"
"2024-07-10 16:00";"2,58";"0,27";"20,8";"1,64";"15,9"
"2024-07-10 17:00";"8,29";"0,000";"21,000";"3,68";"17,3"
"2024-07-10 18:00";"7,04";"0,02";"21,5";"5,03";"18,9"
"2024-07-10 19:00";"0,02";"11,35";"21,3";"9,63";"17,8"
"2024-07-10 20:00";"0,000";"8,85";"20,6";"2,75";"17,3"
"2024-07-10 21:00";"0,000";"6,03";"19,4";"1,55";"16,4"
"2024-07-10 22:00";"0,000";"5,07";"19,4";"2,88";"14,7"
"2024-07-10 23:00";"0,000";"5,03";"18,000";"5,29";"13,000"
"2024-07-11 00:00";"0,000";"8,36";"16,9";"5,3";"11,8"
"2024-07-11 01:00";"0,000";"8,67";"16,1";"5,29";"11,3"
"2024-07-11 02:00";"0,000";"8,73";"15,8";"5,3";"10,9"
"2024-07-11 03:00";"0,000";"7,27";"15,5";"5,3";"10,4"
"2024-07-11 04:00";"0,000";"5,13";"15,1";"5,23";"10,1"
"2024-07-11 05:00";"0,000";"4,54";"15,000";"1,98";"9,4"
"2024-07-11 06:00";"0,000";"2,17";"15,3";"0,23";"8,5"
"2024-07-11 07:00";"1,46";"0,29";"16,4";"0,000";"10,2"
"2024-07-11 08:00";"3,17";"0,49";"17,8";"0,02";"11,3"
"2024-07-11 09:00";"1,81";"4,09";"18,6";"0,04";"11,7"
"2024-07-11 10:00";"0,35";"5,31";"17,9";"0,14";"15,9"
"2024-07-11 11:00";"2,53";"0,02";"17,8";"0,000";"19,1"
"2024-07-11 12:00";"6,5";"0,61";"17,9";"0,000";"20,5"
"2024-07-11 13:00";"0,17";"2,66";"18,4";"0,1";"21,000"
"2024-07-11 14:00";"1,52";"3,62";"17,8";"0,03";"21,000"
"2024-07-11 15:00";"0,98";"5,49";"16,4";"0,000";"23,1"
"2024-07-11 16:00";"1,55";"3,78";"16,8";"0,000";"24,000"
"2024-07-11 17:00";"0,66";"9,42";"16,9";"0,000";"24,000"
"2024-07-11 18:00";"0,73";"10,48";"18,3";"0,14";"23,8"
"2024-07-11 19:00";"0,14";"9,61";"19,7";"0,71";"22,5"
"2024-07-11 20:00";"0,000";"9,41";"20,3";"2,25";"21,1"
"2024-07-11 21:00";"0,000";"16,01";"18,6";"1,01";"19,6"
"2024-07-11 22:00";"0,000";"10,57";"16,8";"1,67";"18,4"
"2024-07-11 23:00";"0,000";"8,95";"15,9";"2,49";"17,9"
"2024-07-12 00:00";"0,000";"8,71";"14,9";"1,83";"17,7"
"2024-07-12 01:00";"0,000";"8,67";"14,4";"1,69";"17,3"
"2024-07-12 02:00";"0,000";"9,4";"14,1";"1,69";"17,000"
"2024-07-12 03:00";"0,000";"8,69";"13,5";"1,76";"17,8"
"2024-07-12 04:00";"0,000";"8,48";"13,1";"1,54";"18,000"
"2024-07-12 05:00";"0,000";"7,27";"12,9";"0,68";"18,1"
"2024-07-12 06:00";"0,000";"4,62";"13,000";"0,99";"18,8"
"2024-07-12 07:00";"0,000";"3,65";"14,8";"1,28";"18,7"
"2024-07-12 08:00";"2,51";"3,7";"15,7";"0,94";"14,1"
"2024-07-12 09:00";"4,71";"1,66";"16,1";"0,59";"12,1"
"2024-07-12 10:00";"15,79";"0,000";"17,4";"0,28";"11,6"
"2024-07-12 11:00";"11,76";"0,03";"19,8";"0,07";"12,1"
"2024-07-12 12:00";"24,88";"0,000";"21,5";"0,02";"12,6"
"2024-07-12 13:00";"31,71";"0,000";"21,6";"0,000";"13,000"
"2024-07-12 14:00";"28,42";"0,000";"22,5";"0,000";"14,5"
"2024-07-12 15:00";"20,98";"0,01";"23,8";"0,000";"17,000"
"2024-07-12 16:00";"16,21";"0,000";"23,4";"0,29";"18,8"
"2024-07-12 17:00";"15,57";"0,000";"22,5";"1,04";"19,6"
"2024-07-12 18:00";"2,49";"4,56";"22,3";"1,36";"19,3"
"2024-07-12 19:00";"0,81";"4,87";"22,000";"6,6";"20,4"
"2024-07-12 20:00";"0,35";"7,3";"21,5";"10,06";"19,3"
"2024-07-12 21:00";"0,000";"8,3";"20,4";"13,22";"18,4"
"2024-07-12 22:00";"0,000";"2,37";"19,3";"12,32";"17,000"
"2024-07-12 23:00";"0,000";"1,54";"18,9";"12,32";"16,5"
"2024-07-13 00:00";"0,000";"4,75";"18,7";"9,52";"15,4"
"2024-07-13 01:00";"0,000";"4,9";"18,7";"8,66";"15,4"
"2024-07-13 02:00";"0,000";"4,83";"18,5";"8,64";"14,8"
"2024-07-13 03:00";"0,000";"4,96";"18,7";"8,69";"14,000"
"2024-07-13 04:00";"0,000";"4,87";"18,7";"8,22";"13,3"
"2024-07-13 05:00";"0,000";"4,69";"18,3";"4,25";"13,1"
"2024-07-13 06:00";"0,000";"3,68";"17,9";"3,53";"13,1"
"2024-07-13 07:00";"0,000";"2,93";"17,3";"1,88";"14,2"
"2024-07-13 08:00";"0,000";"3,81";"17,2";"0,01";"16,5"
"2024-07-13 09:00";"0,000";"8,06";"17,3";"0,000";"17,6"
"2024-07-13 10:00";"0,5";"4,08";"17,000";"0,000";"17,7"
"2024-07-13 11:00";"0,04";"7,06";"16,6";"0,000";"17,9"
"2024-07-13 12:00";"0,000";"15,67";"16,6";"0,000";"16,6"
"2024-07-13 13:00";"0,13";"3,87";"16,5";"0,000";"17,9"
"2024-07-13 14:00";"0,49";"7,98";"15,8";"0,000";"19,8"
"2024-07-13 15:00";"0,000";"17,33";"15,4";"0,000";"20,9"
"2024-07-13 16:00";"0,22";"11,93";"15,6";"0,02";"20,7"
"2024-07-13 17:00";"0,000";"11,3";"15,6";"0,000";"19,1"
"2024-07-13 18:00";"0,000";"24,45";"15,7";"0,08";"19,1"
"2024-07-13 19:00";"0,000";"20,92";"15,6";"0,24";"15,2"
"2024-07-13 20:00";"0,000";"7,97";"15,4";"0,89";"16,5"
"2024-07-13 21:00";"0,000";"8,17";"15,6";"2,41";"16,8"
"2024-07-13 22:00";"0,000";"5,28";"15,2";"1,03";"16,2"
"2024-07-13 23:00";"0,000";"4,88";"14,6";"1,43";"14,1"
"2024-07-14 00:00";"0,000";"6,9";"14,5";"1,86";"13,5"
"2024-07-14 01:00";"0,000";"4,91";"14,000";"1,84";"13,3"
"2024-07-14 02:00";"0,000";"1,97";"13,6";"1,84";"12,8"
"2024-07-14 03:00";"0,000";"1,72";"13,2";"1,81";"12,7"
"2024-07-14 04:00";"0,000";"1,82";"13,2";"1,78";"11,8"
"2024-07-14 05:00";"0,000";"1,02";"13,4";"0,89";"11,2"
"2024-07-14 06:00";"0,84";"0,08";"14,7";"0,52";"11,5"
"2024-07-14 07:00";"3,69";"0,000";"15,4";"0,14";"12,7"
"2024-07-14 08:00";"6,84";"0,000";"15,8";"0,000";"14,5"
"2024-07-14 09:00";"7,09";"0,000";"15,9";"0,000";"15,8"
"2024-07-14 10:00";"15,47";"0,000";"16,6";"0,000";"16,9"
"2024-07-14 11:00";"11,13";"0,000";"17,5";"0,000";"18,000"
"2024-07-14 12:00";"7,99";"0,18";"18,000";"0,000";"18,3"
"2024-07-14 13:00";"10,000";"0,3";"18,3";"0,79";"19,1"
"2024-07-14 14:00";"11,45";"0,01";"18,6";"0,63";"20,1"
"2024-07-14 15:00";"6,7";"3,65";"19,2";"0,000";"21,000"
"2024-07-14 16:00";"11,62";"2,12";"19,7";"0,000";"21,4"
"2024-07-14 17:00";"9,36";"0,88";"19,7";"0,01";"21,7"
"2024-07-14 18:00";"5,58";"0,31";"20,000";"5,31";"21,6"
"2024-07-14 19:00";"0,66";"13,06";"19,8";"2,59";"21,3"
"2024-07-14 20:00";"0,000";"14,44";"19,4";"9,77";"20,9"
"2024-07-14 21:00";"0,000";"17,36";"18,5";"6,24";"20,2"
"2024-07-14 22:00";"0,000";"11,34";"16,5";"5,53";"17,4"
"2024-07-14 23:00";"0,000";"9,54";"15,1";"5,62";"15,9"
"2024-07-15 00:00";"0,000";"8,48";"14,1";"5,42";"15,7"
"2024-07-15 01:00";"0,000";"8,43";"13,7";"5,38";"15,1"
"2024-07-15 02:00";"0,000";"8,44";"14,5";"5,4";"14,9"
"2024-07-15 03:00";"0,000";"8,55";"14,9";"5,35";"15,8"
"2024-07-15 04:00";"0,000";"8,53";"15,4";"5,31";"16,2"
"2024-07-15 05:00";"0,000";"8,18";"15,3";"1,25";"16,1"
"2024-07-15 06:00";"0,000";"6,12";"15,000";"0,4";"16,5"
"2024-07-15 07:00";"0,000";"2,46";"15,3";"0,000";"17,2"
"2024-07-15 08:00";"1,57";"1,25";"16,1";"0,000";"17,8"
"2024-07-15 09:00";"5,61";"0,43";"17,3";"0,000";"18,5"
"2024-07-15 10:00";"14,84";"0,000";"19,4";"0,000";"19,8"
"2024-07-15 11:00";"26,36";"0,000";"20,5";"0,84";"21,8"
"2024-07-15 12:00";"28,6";"0,000";"21,3";"0,000";"23,6"
"2024-07-15 13:00";"31,71";"0,03";"21,6";"0,000";"25,000"
"2024-07-15 14:00";"26,95";"0,000";"21,6";"0,000";"25,7"
"2024-07-15 15:00";"11,13";"0,13";"21,8";"0,03";"26,000"
"2024-07-15 16:00";"7,79";"1,66";"21,2";"0,02";"26,4"
"2024-07-15 17:00";"12,01";"0,1";"20,7";"2,61";"27,000"
"2024-07-15 18:00";"7,97";"1,34";"21,1";"11,82";"26,2"
"2024-07-15 19:00";"5,81";"0,000";"20,6";"5,74";"25,1"
"2024-07-15 20:00";"0,46";"2,4";"20,2";"6,5";"24,2"
"2024-07-15 21:00";"0,000";"8,16";"19,3";"10,38";"23,4"
"2024-07-15 22:00";"0,000";"12,66";"17,9";"10,41";"22,4"
"2024-07-15 23:00";"0,000";"8,7";"15,9";"12,26";"21,9"
"2024-07-16 00:00";"0,000";"8,49";"14,7";"10,9";"22,1"
"2024-07-16 01:00";"0,000";"8,53";"14,2";"8,62";"23,3"
"2024-07-16 02:00";"0,000";"8,55";"13,9";"8,56";"23,4"
"2024-07-16 03:00";"0,000";"6,49";"13,7";"5,27";"22,9"
"2024-07-16 04:00";"0,000";"5,08";"13,6";"5,07";"21,7"
"2024-07-16 05:00";"0,000";"4,25";"13,2";"4,79";"18,5"
"2024-07-16 06:00";"0,18";"1,61";"13,8";"4,51";"17,9"
"2024-07-16 07:00";"3,28";"0,000";"16,9";"3,55";"16,2"
"2024-07-16 08:00";"4,2";"0,000";"18,5";"1,54";"15,8"
"2024-07-16 09:00";"1,15";"0,8";"19,1";"0,1";"17,1"
"2024-07-16 10:00";"0,22";"9,13";"19,2";"0,07";"19,000"
"2024-07-16 11:00";"3,12";"0,29";"18,6";"0,27";"21,1"
"2024-07-16 12:00";"1,2";"1,28";"18,5";"0,53";"22,4"
"2024-07-16 13:00";"9,87";"0,000";"18,3";"0,1";"23,1"
"2024-07-16 14:00";"9,68";"0,2";"17,8";"0,36";"23,1"
"2024-07-16 15:00";"0,03";"11,51";"17,9";"0,46";"23,7"
"2024-07-16 16:00";"0,3";"11,81";"18,4";"0,02";"23,8"
"2024-07-16 17:00";"2,69";"2,74";"19,1";"1,08";"23,1"
"2024-07-16 18:00";"1,09";"1,78";"19,4";"3,5";"22,5"
"2024-07-16 19:00";"0,15";"2,49";"19,000";"15,9";"22,2"
"2024-07-16 20:00";"0,000";"3,96";"18,8";"17,2";"21,3"
"2024-07-16 21:00";"0,000";"4,53";"18,5";"11,35";"20,4"
"2024-07-16 22:00";"0,000";"6,16";"17,7";"7,26";"19,1"
"2024-07-16 23:00";"0,000";"6,74";"16,9";"6,48";"17,4"
"2024-07-17 00:00";"0,000";"5,17";"16,5";"5,48";"17,9"
"2024-07-17 01:00";"0,000";"5,21";"16,9";"5,41";"17,8"
"2024-07-17 02:00";"0,000";"5,23";"16,9";"3,61";"17,000"
"2024-07-17 03:00";"0,000";"5,26";"16,3";"1,85";"16,8"
"2024-07-17 04:00";"0,000";"5,28";"16,6";"1,77";"16,7"
"2024-07-17 05:00";"0,000";"4,66";"16,5";"0,99";"15,1"
"2024-07-17 06:00";"0,000";"3,67";"16,5";"0,19";"14,8"
"2024-07-17 07:00";"1,4";"0,75";"17,1";"0,78";"15,7"
"2024-07-17 08:00";"6,14";"0,000";"17,8";"0,99";"17,7"
"2024-07-17 09:00";"9,42";"0,12";"18,2";"0,55";"17,6"
"2024-07-17 10:00";"9,21";"3,31";"19,000";"5,81";"15,4"
"2024-07-17 11:00";"22,79";"0,06";"19,5";"0,35";"13,5"
"2024-07-17 12:00";"13,07";"0,000";"20,4";"0,21";"16,6"
"2024-07-17 13:00";"16,67";"0,000";"21,000";"0,35";"19,4"
"2024-07-17 14:00";"7,5";"0,01";"20,8";"0,42";"17,7"
"2024-07-17 15:00";"14,82";"0,000";"20,000";"0,000";"17,3"
"2024-07-17 16:00";"2,84";"5,04";"20,7";"0,01";"19,2"
"2024-07-17 17:00";"2,3";"1,19";"19,3";"0,19";"19,7"
"2024-07-17 18:00";"4,69";"0,000";"18,4";"0,14";"19,2"
"2024-07-17 19:00";"4,88";"0,000";"19,6";"0,11";"18,7"
"2024-07-17 20:00";"0,19";"0,37";"19,5";"1,25";"16,2"
"2024-07-17 21:00";"0,000";"1,57";"18,8";"6,33";"15,3"
"2024-07-17 22:00";"0,000";"2,8";"18,3";"8,63";"15,7"
"2024-07-17 23:00";"0,000";"5,14";"17,8";"7,4";"15,3"
"2024-07-18 00:00";"0,000";"5,13";"17,6";"7,000";"15,2"
"2024-07-18 01:00";"0,000";"5,16";"17,4";"5,41";"14,8"
"2024-07-18 02:00";"0,000";"5,09";"16,8";"5,49";"14,4"
"2024-07-18 03:00";"0,000";"1,69";"15,9";"4,66";"13,9"
"2024-07-18 04:00";"0,000";"1,67";"15,5";"1,88";"13,6"
"2024-07-18 05:00";"0,03";"0,85";"15,6";"0,88";"13,3"
"2024-07-18 06:00";"0,8";"0,11";"15,1";"0,91";"13,3"
"2024-07-18 07:00";"2,19";"0,000";"15,1";"0,000";"14,1"
"2024-07-18 08:00";"5,46";"0,81";"15,5";"0,19";"14,6"
"2024-07-18 09:00";"8,99";"0,54";"16,2";"2,15";"15,8"
"2024-07-18 10:00";"23,4";"0,000";"17,3";"0,22";"16,9"
"2024-07-18 11:00";"23,89";"0,000";"17,9";"0,02";"17,9"
"2024-07-18 12:00";"16,21";"0,000";"19,1";"0,02";"18,9"
"2024-07-18 13:00";"21,01";"0,000";"18,9";"0,000";"19,5"
"2024-07-18 14:00";"10,39";"0,000";"19,000";"0,000";"19,9"
"2024-07-18 15:00";"9,4";"0,000";"19,1";"0,000";"20,2"
"2024-07-18 16:00";"9,75";"0,000";"18,7";"3,34";"20,1"
"2024-07-18 17:00";"6,43";"0,49";"18,9";"1,53";"19,9"
"2024-07-18 18:00";"2,41";"2,68";"19,1";"0,000";"18,5"
"2024-07-18 19:00";"5,91";"0,000";"19,000";"5,09";"19,4"
"2024-07-18 20:00";"0,52";"0,24";"19,000";"10,22";"18,7"
"2024-07-18 21:00";"0,000";"1,31";"17,7";"9,01";"17,6"
"2024-07-18 22:00";"0,000";"1,62";"15,9";"2,07";"16,7"
"2024-07-18 23:00";"0,000";"1,68";"14,8";"1,82";"14,7"
"2024-07-19 00:00";"0,000";"1,63";"14,5";"1,75";"14,3"
"2024-07-19 01:00";"0,000";"1,6";"13,6";"1,85";"12,9"
"2024-07-19 02:00";"0,000";"1,68";"13,9";"1,88";"13,1"
"2024-07-19 03:00";"0,000";"1,72";"13,6";"1,83";"12,3"
"2024-07-19 04:00";"0,000";"1,73";"13,2";"1,84";"12,2"
"2024-07-19 05:00";"0,000";"1,07";"12,9";"1,09";"12,7"
"2024-07-19 06:00";"0,000";"0,51";"12,6";"0,29";"12,7"
"2024-07-19 07:00";"0,81";"0,08";"14,000";"0,02";"13,4"
"2024-07-19 08:00";"6,5";"0,000";"16,3";"0,000";"14,7"
"2024-07-19 09:00";"13,87";"0,000";"17,4";"0,000";"15,5"
"2024-07-19 10:00";"22,55";"0,000";"18,4";"0,000";"15,8"
"2024-07-19 11:00";"27,77";"0,000";"19,5";"0,000";"16,8"
"2024-07-19 12:00";"32,07";"0,000";"20,9";"0,37";"17,6"
"2024-07-19 13:00";"32,62";"0,000";"22,000";"0,81";"17,3"
"2024-07-19 14:00";"34,4";"0,000";"22,8";"0,04";"17,7"
"2024-07-19 15:00";"31,96";"0,000";"23,2";"0,17";"19,2"
"2024-07-19 16:00";"27,68";"0,000";"23,4";"0,71";"19,000"
"2024-07-19 17:00";"20,55";"0,000";"23,4";"0,78";"18,9"
"2024-07-19 18:00";"9,79";"0,000";"23,1";"0,29";"18,7"
"2024-07-19 19:00";"1,65";"0,16";"22,7";"4,01";"18,1"
"2024-07-19 20:00";"0,000";"9,47";"21,8";"10,32";"17,5"
"2024-07-19 21:00";"0,000";"7,23";"20,2";"12,81";"15,7"
"2024-07-19 22:00";"0,000";"5,21";"18,3";"14,19";"14,7"
"2024-07-19 23:00";"0,000";"5,03";"16,6";"12,68";"13,000"
"2024-07-20 00:00";"0,000";"5,07";"14,3";"12,49";"12,000"
"2024-07-20 01:00";"0,000";"5,12";"13,8";"12,37";"11,5"
"2024-07-20 02:00";"0,000";"5,15";"13,2";"12,29";"11,3"
"2024-07-20 03:00";"0,000";"4,31";"13,000";"12,35";"10,000"
"2024-07-20 04:00";"0,000";"1,57";"12,5";"12,42";"8,3"
"2024-07-20 05:00";"0,000";"1,11";"12,3";"10,38";"7,5"
"2024-07-20 06:00";"0,000";"0,46";"12,000";"6,98";"9,8"
"2024-07-20 07:00";"0,74";"0,06";"12,4";"5,97";"12,5"
"2024-07-20 08:00";"5,58";"0,12";"16,7";"1,53";"14,4"
"2024-07-20 09:00";"6,99";"0,000";"19,4";"1,22";"15,3"
"2024-07-20 10:00";"19,59";"0,000";"21,1";"0,38";"16,3"
"2024-07-20 11:00";"26,55";"0,000";"22,4";"0,01";"14,2"
"2024-07-20 12:00";"31,54";"0,000";"23,6";"0,43";"15,6"
"2024-07-20 13:00";"30,74";"0,000";"24,4";"0,39";"17,000"
"2024-07-20 14:00";"32,78";"0,000";"24,7";"0,04";"18,3"
"2024-07-20 15:00";"31,45";"0,000";"25,3";"0,000";"18,7"
"2024-07-20 16:00";"24,35";"0,000";"25,4";"0,33";"18,7"
"2024-07-20 17:00";"7,62";"0,000";"25,7";"0,000";"16,1"
"2024-07-20 18:00";"4,23";"0,59";"24,2";"0,1";"16,3"
"2024-07-20 19:00";"1,7";"0,26";"23,6";"1,93";"17,3"
"2024-07-20 20:00";"0,000";"3,44";"22,7";"8,57";"16,9"
"2024-07-20 21:00";"0,000";"7,17";"21,4";"10,87";"16,6"
"2024-07-20 22:00";"0,000";"8,37";"19,4";"9,88";"15,000"
"2024-07-20 23:00";"0,000";"8,3";"17,9";"9,19";"15,1"
"2024-07-21 00:00";"0,000";"4,8";"16,4";"6,56";"15,1"
"2024-07-21 01:00";"0,000";"4,76";"15,4";"5,64";"13,9"
"2024-07-21 02:00";"0,000";"4,81";"15,000";"5,68";"13,7"
"2024-07-21 03:00";"0,000";"4,82";"14,8";"5,65";"13,2"
"2024-07-21 04:00";"0,000";"4,67";"14,9";"5,65";"13,6"
"2024-07-21 05:00";"0,000";"4,15";"14,7";"3,62";"13,000"
"2024-07-21 06:00";"0,000";"3,54";"15,1";"0,43";"13,1"
"2024-07-21 07:00";"0,000";"2,54";"15,7";"0,67";"13,8"
"2024-07-21 08:00";"3,2";"0,01";"19,4";"0,000";"14,5"
"2024-07-21 09:00";"10,38";"0,000";"21,4";"0,000";"15,3"
"2024-07-21 10:00";"18,69";"0,000";"23,1";"0,000";"16,000"
"2024-07-21 11:00";"26,66";"0,000";"24,3";"0,000";"17,000"
"2024-07-21 12:00";"32,12";"0,000";"25,4";"0,7";"17,8"
"2024-07-21 13:00";"33,21";"0,000";"26,3";"0,61";"17,9"
"2024-07-21 14:00";"33,89";"0,000";"26,6";"0,68";"18,2"
"2024-07-21 15:00";"30,82";"0,000";"26,9";"0,07";"18,6"
"2024-07-21 16:00";"18,53";"0,000";"27,000";"1,08";"18,5"
"2024-07-21 17:00";"15,42";"0,000";"26,3";"5,85";"19,1"
"2024-07-21 18:00";"5,51";"1,83";"25,8";"6,01";"19,000"
"2024-07-21 19:00";"0,48";"7,12";"25,2";"7,45";"18,8"
"2024-07-21 20:00";"0,000";"4,32";"24,3";"26,51";"18,2"
"2024-07-21 21:00";"0,000";"5,26";"22,3";"12,12";"17,3"
"2024-07-21 22:00";"0,000";"5,19";"20,5";"12,49";"15,5"
"2024-07-21 23:00";"0,000";"5,12";"19,1";"12,47";"14,1"
"2024-07-22 00:00";"0,000";"4,95";"18,4";"10,96";"13,1"
"2024-07-22 01:00";"0,000";"4,99";"17,8";"9,15";"12,3"
"2024-07-22 02:00";"0,000";"4,98";"18,000";"9,31";"13,2"
"2024-07-22 03:00";"0,000";"5,04";"18,2";"9,35";"13,000"
"2024-07-22 04:00";"0,000";"5,06";"18,000";"9,34";"11,6"
"2024-07-22 05:00";"0,000";"4,4";"18,1";"6,22";"11,1"
"2024-07-22 06:00";"0,32";"2,43";"18,3";"2,81";"10,6"
"2024-07-22 07:00";"1,21";"0,15";"18,6";"0,2";"10,7"
"2024-07-22 08:00";"3,85";"0,16";"19,2";"0,000";"12,1"
"2024-07-22 09:00";"4,48";"0,000";"19,9";"0,000";"14,000"
"2024-07-22 10:00";"3,86";"0,000";"20,4";"1,02";"15,2"
"2024-07-22 11:00";"0,03";"10,61";"20,7";"0,16";"14,8"
"2024-07-22 12:00";"0,000";"12,84";"20,6";"1,13";"17,2"
"2024-07-22 13:00";"0,23";"3,13";"19,7";"0,000";"17,6"
"2024-07-22 14:00";"0,02";"2,34";"19,3";"0,04";"17,7"
"2024-07-22 15:00";"1,79";"1,12";"19,000";"0,000";"16,6"
"2024-07-22 16:00";"1,04";"5,3";"19,3";"0,000";"18,1"
"2024-07-22 17:00";"0,34";"1,34";"19,000";"0,000";"18,7"
"2024-07-22 18:00";"0,03";"7,45";"17,6";"0,000";"16,4"
"2024-07-22 19:00";"0,000";"12,96";"17,1";"4,6";"15,3"
"2024-07-22 20:00";"0,000";"9,95";"17,1";"3,08";"13,6"
"2024-07-22 21:00";"0,000";"11,99";"17,1";"5,000";"12,2"
"2024-07-22 22:00";"0,000";"8,25";"16,8";"7,2";"12,2"
"2024-07-22 23:00";"0,000";"5,85";"16,7";"8,51";"13,5"
"2024-07-23 00:00";"0,000";"6,43";"16,3";"8,63";"13,000"
"2024-07-23 01:00";"0,000";"8,14";"15,3";"8,56";"12,8"
"2024-07-23 02:00";"0,000";"8,13";"13,8";"8,65";"12,7"
"2024-07-23 03:00";"0,000";"8,21";"13,6";"8,66";"12,4"
"2024-07-23 04:00";"0,000";"8,14";"13,4";"8,6";"12,1"
"2024-07-23 05:00";"0,000";"7,62";"12,7";"8,18";"11,5"
"2024-07-23 06:00";"0,000";"7,02";"12,3";"6,8";"11,000"
"2024-07-23 07:00";"0,000";"6,03";"13,8";"2,98";"10,5"
"2024-07-23 08:00";"0,81";"0,89";"16,1";"0,19";"11,3"
"2024-07-23 09:00";"8,49";"0,03";"17,5";"0,37";"13,7"
"2024-07-23 10:00";"7,69";"0,1";"18,5";"0,68";"14,5"
"2024-07-23 11:00";"7,31";"1,12";"18,5";"0,57";"12,7"
"2024-07-23 12:00";"28,87";"0,000";"20,000";"1,65";"15,1"
"2024-07-23 13:00";"19,53";"0,08";"22,4";"4,66";"16,3"
"2024-07-23 14:00";"31,07";"0,000";"22,3";"1,1";"15,2"
"2024-07-23 15:00";"20,82";"0,000";"23,1";"2,2";"14,3"
"2024-07-23 16:00";"10,92";"0,37";"22,7";"0,24";"13,4"
"2024-07-23 17:00";"3,21";"1,26";"22,4";"6,22";"13,1"
"2024-07-23 18:00";"0,02";"3,61";"21,5";"14,72";"12,7"
"2024-07-23 19:00";"0,000";"9,24";"20,9";"14,46";"11,7"
"2024-07-23 20:00";"0,000";"7,54";"19,9";"10,15";"11,000"
"2024-07-23 21:00";"0,000";"8,37";"19,2";"7,26";"10,9"
"2024-07-23 22:00";"0,000";"8,27";"18,4";"6,75";"11,5"
"2024-07-23 23:00";"0,000";"5,000";"17,3";"2,73";"11,5"
"2024-07-24 00:00";"0,000";"5,04";"16,1";"1,83";"11,6"
"2024-07-24 01:00";"0,000";"5,05";"15,8";"1,88";"11,9"
"2024-07-24 02:00";"0,000";"5,11";"15,9";"1,88";"12,6"
"2024-07-24 03:00";"0,000";"5,17";"15,6";"1,88";"13,6"
"2024-07-24 04:00";"0,000";"5,19";"15,5";"1,93";"13,9"
"2024-07-24 05:00";"0,000";"2,09";"15,2";"1,39";"13,3"
"2024-07-24 06:00";"0,79";"0,1";"14,2";"0,3";"13,4"
"2024-07-24 07:00";"2,000";"0,000";"15,2";"0,06";"13,2"
"2024-07-24 08:00";"7,05";"0,000";"17,1";"0,02";"14,3"
"2024-07-24 09:00";"11,37";"0,000";"18,000";"0,000";"16,3"
"2024-07-24 10:00";"12,95";"0,000";"19,1";"0,71";"17,7"
"2024-07-24 11:00";"20,67";"0,000";"19,9";"0,36";"18,7"
"2024-07-24 12:00";"23,43";"0,02";"21,000";"1,04";"18,5"
"2024-07-24 13:00";"26,83";"0,53";"21,2";"2,61";"18,9"
"2024-07-24 14:00";"32,33";"0,000";"21,5";"0,43";"20,6"
"2024-07-24 15:00";"27,73";"0,01";"21,8";"0,01";"20,8"
"2024-07-24 16:00";"10,53";"0,1";"21,000";"0,02";"21,7"
"2024-07-24 17:00";"6,23";"0,03";"21,000";"3,66";"22,000"
"2024-07-24 18:00";"6,22";"0,000";"20,4";"8,11";"22,1"
"2024-07-24 19:00";"1,15";"11,68";"19,8";"7,51";"21,8"
"2024-07-24 20:00";"0,1";"0,81";"19,4";"5,74";"21,4"
"2024-07-24 21:00";"0,000";"2,25";"18,9";"8,55";"20,000"
"2024-07-24 22:00";"0,000";"1,55";"18,3";"8,64";"18,5"
"2024-07-24 23:00";"0,000";"1,53";"18,000";"8,57";"17,9"
"2024-07-25 00:00";"0,000";"1,53";"17,3";"8,65";"17,5"
"2024-07-25 01:00";"0,000";"1,56";"16,1";"8,21";"15,5"
"2024-07-25 02:00";"0,000";"1,57";"15,7";"5,06";"14,5"
"2024-07-25 03:00";"0,000";"1,61";"15,4";"5,12";"13,4"
"2024-07-25 04:00";"0,000";"1,64";"16,000";"5,16";"11,8"
"2024-07-25 05:00";"0,000";"1,49";"16,2";"4,35";"10,8"
"2024-07-25 06:00";"0,27";"0,44";"16,1";"3,19";"11,6"
"2024-07-25 07:00";"2,18";"0,000";"16,2";"0,000";"12,9"
"2024-07-25 08:00";"2,06";"0,000";"16,4";"0,000";"13,7"
"2024-07-25 09:00";"7,43";"0,000";"16,5";"0,1";"15,000"
"2024-07-25 10:00";"16,71";"0,01";"17,1";"1,82";"16,5"
"2024-07-25 11:00";"19,15";"0,000";"17,9";"0,07";"17,5"
"2024-07-25 12:00";"19,59";"0,18";"18,4";"0,07";"18,6"
"2024-07-25 13:00";"26,51";"0,000";"18,6";"0,2";"19,3"
"2024-07-25 14:00";"26,14";"0,000";"18,9";"0,31";"19,6"
"2024-07-25 15:00";"23,11";"0,000";"19,2";"0,000";"20,1"
"2024-07-25 16:00";"18,51";"0,000";"19,7";"2,46";"20,3"
"2024-07-25 17:00";"17,86";"0,000";"20,000";"0,81";"20,7"
"2024-07-25 18:00";"8,42";"0,000";"19,7";"0,01";"19,8"
"2024-07-25 19:00";"2,29";"0,52";"19,8";"2,78";"20,1"
"2024-07-25 20:00";"0,05";"11,96";"19,6";"6,06";"18,9"
"2024-07-25 21:00";"0,000";"2,53";"18,8";"8,02";"17,3"
"2024-07-25 22:00";"0,000";"4,9";"15,9";"6,1";"15,9"
"2024-07-25 23:00";"0,000";"4,78";"14,4";"7,86";"15,9"
"2024-07-26 00:00";"0,000";"4,82";"14,7";"7,17";"15,6"
"2024-07-26 01:00";"0,000";"4,75";"14,6";"5,52";"14,5"
"2024-07-26 02:00";"0,000";"4,83";"14,3";"5,48";"13,3"
"2024-07-26 03:00";"0,000";"4,93";"14,4";"5,65";"12,8"
"2024-07-26 04:00";"0,000";"4,88";"14,9";"5,63";"12,6"
"2024-07-26 05:00";"0,000";"4,54";"15,000";"5,000";"11,9"
"2024-07-26 06:00";"0,000";"3,03";"14,7";"4,11";"11,8"
"2024-07-26 07:00";"0,24";"0,38";"15,3";"0,25";"12,8"
"2024-07-26 08:00";"2,94";"0,000";"16,2";"0,000";"14,1"
"2024-07-26 09:00";"5,31";"0,000";"17,8";"0,000";"15,1"
"2024-07-26 10:00";"7,62";"0,61";"19,3";"0,000";"16,1"
"2024-07-26 11:00";"14,26";"0,000";"20,6";"0,000";"16,8"
"2024-07-26 12:00";"4,26";"3,8";"20,8";"0,89";"15,6"
"2024-07-26 13:00";"5,97";"0,93";"20,9";"0,66";"17,2"
"2024-07-26 14:00";"5,41";"0,05";"20,9";"0,31";"18,7"
"2024-07-26 15:00";"1,1";"2,72";"20,9";"0,000";"18,4"
"2024-07-26 16:00";"0,09";"3,17";"20,2";"0,13";"18,8"
"2024-07-26 17:00";"0,92";"1,29";"17,7";"1,78";"17,3"
"2024-07-26 18:00";"0,04";"5,1";"17,6";"0,07";"13,3"
"2024-07-26 19:00";"0,000";"7,7";"17,3";"3,61";"16,2"
"2024-07-26 20:00";"0,000";"8,27";"17,2";"8,06";"15,000"
"2024-07-26 21:00";"0,000";"6,46";"16,6";"11,74";"14,7"
"2024-07-26 22:00";"0,000";"7,04";"16,6";"11,96";"14,1"
"2024-07-26 23:00";"0,000";"8,03";"16,7";"12,13";"14,2"
"2024-07-27 00:00";"0,000";"7,78";"17,3";"12,06";"14,5"
"2024-07-27 01:00";"0,000";"4,07";"17,7";"12,14";"14,5"
"2024-07-27 02:00";"0,000";"1,94";"18,1";"12,15";"14,3"
"2024-07-27 03:00";"0,000";"1,72";"17,8";"11,12";"14,6"
"2024-07-27 04:00";"0,000";"1,62";"17,4";"9,06";"14,8"
"2024-07-27 05:00";"0,000";"1,19";"16,4";"8,69";"14,7"
"2024-07-27 06:00";"0,26";"0,28";"15,1";"7,05";"13,4"
"2024-07-27 07:00";"2,35";"0,01";"15,1";"3,04";"11,5"
"2024-07-27 08:00";"6,56";"0,000";"16,8";"1,41";"11,5"
"2024-07-27 09:00";"12,92";"0,000";"17,2";"6,48";"13,1"
"2024-07-27 10:00";"13,28";"0,000";"17,7";"4,36";"14,5"
"2024-07-27 11:00";"22,49";"0,000";"18,3";"1,22";"16,1"
"2024-07-27 12:00";"25,06";"0,01";"19,000";"0,2";"17,4"
"2024-07-27 13:00";"30,82";"0,15";"19,3";"0,73";"18,3"
"2024-07-27 14:00";"26,27";"0,03";"19,7";"0,000";"14,9"
"2024-07-27 15:00";"18,06";"0,81";"20,5";"0,000";"18,1"
"2024-07-27 16:00";"23,19";"0,000";"20,8";"0,000";"19,8"
"2024-07-27 17:00";"19,58";"0,000";"21,4";"0,01";"18,4"
"2024-07-27 18:00";"11,6";"0,000";"21,6";"0,7";"19,9"
"2024-07-27 19:00";"4,47";"0,000";"21,2";"2,69";"20,000"
"2024-07-27 20:00";"0,19";"4,8";"20,6";"11,25";"19,2"
"2024-07-27 21:00";"0,000";"22,26";"19,5";"8,45";"17,3"
"2024-07-27 22:00";"0,000";"9,93";"18,1";"8,61";"14,9"
"2024-07-27 23:00";"0,000";"1,55";"16,7";"8,64";"13,4"
"2024-07-28 00:00";"0,000";"1,54";"15,6";"8,59";"12,9"
"2024-07-28 01:00";"0,000";"1,52";"15,6";"8,64";"12,1"
"2024-07-28 02:00";"0,000";"1,59";"14,7";"8,71";"11,000"
"2024-07-28 03:00";"0,000";"1,65";"14,5";"8,8";"10,000"
"2024-07-28 04:00";"0,000";"1,63";"14,1";"8,8";"9,3"
"2024-07-28 05:00";"0,000";"1,16";"13,6";"8,17";"8,4"
"2024-07-28 06:00";"0,71";"0,27";"14,6";"5,68";"8,1"
"2024-07-28 07:00";"1,79";"0,000";"14,5";"1,98";"9,1"
"2024-07-28 08:00";"4,47";"0,000";"15,000";"0,18";"11,6"
"2024-07-28 09:00";"8,27";"0,000";"16,3";"0,000";"16,9"
"2024-07-28 10:00";"11,5";"0,87";"17,7";"0,000";"19,2"
"2024-07-28 11:00";"16,73";"1,28";"18,9";"0,000";"20,3"
"2024-07-28 12:00";"22,99";"0,02";"19,5";"0,000";"21,000"
"2024-07-28 13:00";"21,88";"0,000";"20,000";"0,000";"21,6"
"2024-07-28 14:00";"23,55";"0,01";"20,5";"0,68";"22,2"
"2024-07-28 15:00";"23,69";"0,09";"21,4";"1,86";"22,6"
"2024-07-28 16:00";"18,97";"0,03";"21,5";"0,15";"22,4"
"2024-07-28 17:00";"11,11";"0,26";"21,4";"0,26";"22,4"
"2024-07-28 18:00";"0,82";"8,13";"21,2";"0,56";"22,2"
"2024-07-28 19:00";"0,49";"9,6";"20,5";"1,64";"21,8"
"2024-07-28 20:00";"0,000";"13,73";"19,7";"1,86";"20,9"
"2024-07-28 21:00";"0,000";"17,48";"18,7";"1,61";"19,3"
"2024-07-28 22:00";"0,000";"15,1";"17,6";"1,81";"16,6"
"2024-07-28 23:00";"0,000";"13,62";"17,1";"2,58";"15,000"
"2024-07-29 00:00";"0,000";"12,21";"16,7";"7,9";"14,000"
"2024-07-29 01:00";"0,000";"11,84";"16,2";"8,64";"13,000"
"2024-07-29 02:00";"0,000";"11,82";"15,6";"8,78";"11,9"
"2024-07-29 03:00";"0,000";"11,9";"15,1";"8,86";"11,4"
"2024-07-29 04:00";"0,000";"11,95";"14,7";"8,86";"11,8"
"2024-07-29 05:00";"0,000";"11,11";"14,3";"8,34";"13,000"
"2024-07-29 06:00";"0,35";"3,41";"14,4";"6,79";"14,1"
"2024-07-29 07:00";"2,86";"0,000";"15,2";"3,73";"14,4"
"2024-07-29 08:00";"6,61";"0,000";"16,1";"1,1";"14,6"
"2024-07-29 09:00";"13,36";"0,000";"16,8";"0,000";"16,7"
"2024-07-29 10:00";"20,83";"0,000";"17,8";"0,08";"20,3"
"2024-07-29 11:00";"16,59";"0,4";"19,000";"4,86";"21,000"
"2024-07-29 12:00";"29,48";"0,000";"19,6";"1,32";"20,8"
"2024-07-29 13:00";"31,9";"0,000";"20,2";"2,13";"21,2"
"2024-07-29 14:00";"27,6";"0,000";"20,4";"0,000";"20,6"
"2024-07-29 15:00";"27,25";"0,000";"20,9";"2,24";"20,6"
"2024-07-29 16:00";"25,35";"0,000";"21,1";"0,9";"19,000"
"2024-07-29 17:00";"16,15";"0,000";"21,4";"3,18";"20,9"
"2024-07-29 18:00";"5,95";"0,01";"21,4";"2,63";"20,9"
"2024-07-29 19:00";"0,31";"1,2";"20,8";"0,92";"20,6"
"2024-07-29 20:00";"0,000";"8,65";"20,1";"12,27";"20,4"
"2024-07-29 21:00";"0,000";"12,27";"18,3";"17,28";"19,7"
"2024-07-29 22:00";"0,000";"12,46";"16,3";"11,4";"17,7"
"2024-07-29 23:00";"0,000";"12,46";"14,8";"8,56";"15,9"
"2024-07-30 00:00";"0,000";"12,4";"13,8";"8,53";"14,7"
"2024-07-30 01:00";"0,000";"11,22";"12,7";"8,63";"14,2"
"2024-07-30 02:00";"0,000";"8,9";"12,7";"8,58";"14,3"
"2024-07-30 03:00";"0,000";"6,64";"12,1";"8,57";"14,4"
"2024-07-30 04:00";"0,000";"4,91";"11,6";"8,55";"13,7"
"2024-07-30 05:00";"0,000";"1,68";"11,2";"5,95";"13,3"
"2024-07-30 06:00";"0,89";"0,000";"11,4";"3,36";"12,5"
"2024-07-30 07:00";"3,04";"0,000";"13,7";"1,13";"12,6"
"2024-07-30 08:00";"6,37";"0,02";"16,1";"0,1";"13,8"
"2024-07-30 09:00";"8,31";"0,000";"18,000";"0,000";"15,1"
"2024-07-30 10:00";"15,32";"0,000";"19,4";"0,000";"16,5"
"2024-07-30 11:00";"9,91";"2,27";"19,7";"0,000";"18,2"
"2024-07-30 12:00";"11,08";"0,21";"20,3";"0,23";"19,3"
"2024-07-30 13:00";"29,41";"0,000";"20,6";"0,8";"20,4"
"2024-07-30 14:00";"31,53";"0,03";"21,4";"0,01";"20,9"
"2024-07-30 15:00";"30,71";"0,000";"22,000";"0,03";"17,5"
"2024-07-30 16:00";"19,43";"0,000";"22,5";"2,52";"16,4"
"2024-07-30 17:00";"14,45";"0,000";"22,5";"1,04";"20,3"
"2024-07-30 18:00";"10,89";"0,000";"22,1";"7,87";"21,5"
"2024-07-30 19:00";"2,78";"2,2";"21,6";"5,78";"20,2"
"2024-07-30 20:00";"0,05";"1,49";"21,000";"1,9";"17,1"
"2024-07-30 21:00";"0,000";"1,46";"19,5";"7,52";"14,8"
"2024-07-30 22:00";"0,000";"1,62";"16,2";"5,55";"14,3"
"2024-07-30 23:00";"0,000";"1,54";"14,7";"4,99";"14,1"
"2024-07-31 00:00";"0,000";"1,53";"14,000";"5,04";"15,000"
"2024-07-31 01:00";"0,000";"1,55";"13,6";"5,09";"15,000"
"2024-07-31 02:00";"0,000";"1,56";"12,7";"5,12";"15,000"
"2024-07-31 03:00";"0,000";"1,61";"12,2";"5,1";"14,4"
"2024-07-31 04:00";"0,000";"1,63";"11,8";"5,23";"13,6"
"2024-07-31 05:00";"0,000";"1,16";"11,7";"4,59";"13,7"
"2024-07-31 06:00";"0,01";"0,5";"12,3";"3,08";"13,5"
"2024-07-31 07:00";"0,55";"0,000";"13,5";"1,11";"14,4"
"2024-07-31 08:00";"5,33";"0,000";"17,1";"3,61";"15,5"
"2024-07-31 09:00";"9,64";"0,01";"19,000";"0,1";"16,3"
"2024-07-31 10:00";"16,87";"0,07";"19,6";"0,34";"17,2"
"2024-07-31 11:00";"24,77";"0,000";"20,1";"0,53";"16,9"
"2024-07-31 12:00";"23,67";"0,000";"20,6";"0,13";"18,1"
"2024-07-31 13:00";"24,44";"0,000";"20,3";"0,000";"19,1"
"2024-07-31 14:00";"31,03";"0,000";"20,4";"0,01";"19,000"
"2024-07-31 15:00";"32,63";"0,000";"20,8";"3,81";"17,6"
"2024-07-31 16:00";"26,03";"0,000";"20,7";"1,6";"15,6"
"2024-07-31 17:00";"18,13";"0,000";"20,5";"0,45";"15,000"
"2024-07-31 18:00";"11,54";"0,000";"20,3";"13,28";"16,5"
"2024-07-31 19:00";"0,88";"2,79";"19,8";"12,18";"16,7"
"2024-07-31 20:00";"0,000";"11,02";"19,000";"8,39";"16,8"
"2024-07-31 21:00";"0,000";"6,4";"17,7";"12,39";"16,5"
"2024-07-31 22:00";"0,000";"4,82";"15,6";"13,76";"14,7"
"2024-07-31 23:00";"0,000";"4,79";"14,3";"13,49";"13,000"
"2024-08-01 00:00";"0,000";"4,79";"13,9";"10,77";"11,6"
"2024-08-01 01:00";"0,000";"4,81";"13,8";"8,59";"10,7"
"2024-08-01 02:00";"0,000";"4,85";"12,7";"8,55";"10,5"
"2024-08-01 03:00";"0,000";"4,86";"12,1";"8,58";"10,6"
"2024-08-01 04:00";"0,000";"4,94";"11,8";"8,61";"10,5"
"2024-08-01 05:00";"0,000";"4,52";"12,6";"8,64";"10,3"
"2024-08-01 06:00";"0,01";"3,05";"10,4";"6,56";"10,1"
"2024-08-01 07:00";"0,84";"0,02";"11,4";"3,08";"10,2"
"2024-08-01 08:00";"6,24";"0,000";"14,7";"2,17";"10,4"
"2024-08-01 09:00";"11,98";"0,000";"16,8";"0,14";"10,7"
"2024-08-01 10:00";"19,14";"0,000";"17,5";"0,000";"12,6"
"2024-08-01 11:00";"27,44";"0,000";"18,2";"0,000";"14,4"
"2024-08-01 12:00";"29,51";"0,000";"18,8";"0,000";"16,4"
"2024-08-01 13:00";"28,77";"0,000";"19,8";"1,22";"16,6"
"2024-08-01 14:00";"28,67";"0,000";"20,3";"11,95";"14,6"
"2024-08-01 15:00";"26,35";"0,000";"20,9";"3,15";"15,9"
"2024-08-01 16:00";"18,18";"0,000";"21,4";"4,19";"16,6"
"2024-08-01 17:00";"6,57";"0,000";"21,1";"1,16";"17,6"
"2024-08-01 18:00";"1,12";"0,93";"21,3";"0,34";"18,8"
"2024-08-01 19:00";"0,000";"6,31";"21,1";"5,67";"17,5"
"2024-08-01 20:00";"0,000";"8,85";"20,1";"9,47";"16,000"
"2024-08-01 21:00";"0,000";"6,94";"18,5";"15,5";"16,000"
"2024-08-01 22:00";"0,000";"2,92";"16,5";"14,87";"14,6"
"2024-08-01 23:00";"0,000";"2,68";"15,5";"12,01";"14,000"
"2024-08-02 00:00";"0,000";"2,82";"14,1";"11,95";"13,2"
"2024-08-02 01:00";"0,000";"2,66";"13,1";"11,97";"12,7"
"2024-08-02 02:00";"0,000";"2,74";"12,5";"11,93";"13,5"
"2024-08-02 03:00";"0,000";"2,78";"11,3";"11,94";"14,5"
"2024-08-02 04:00";"0,000";"2,75";"10,3";"11,95";"13,9"
"2024-08-02 05:00";"0,000";"2,39";"10,1";"8,32";"12,2"
"2024-08-02 06:00";"0,000";"1,2";"9,8";"6,31";"11,000"
"2024-08-02 07:00";"0,43";"0,12";"11,1";"2,45";"10,8"
"2024-08-02 08:00";"4,82";"0,02";"14,1";"3,34";"12,8"
"2024-08-02 09:00";"9,94";"0,000";"18,000";"0,73";"15,000"
"2024-08-02 10:00";"9,12";"1,62";"19,7";"0,2";"16,9"
"2024-08-02 11:00";"17,94";"0,12";"21,000";"0,01";"18,5"
"2024-08-02 12:00";"31,54";"0,000";"22,2";"0,000";"19,000"
"2024-08-02 13:00";"33,57";"0,000";"22,3";"0,66";"19,7"
"2024-08-02 14:00";"30,83";"0,000";"22,3";"0,29";"20,7"
"2024-08-02 15:00";"20,69";"0,000";"22,9";"0,000";"20,8"
"2024-08-02 16:00";"26,21";"0,000";"23,000";"0,1";"20,7"
"2024-08-02 17:00";"18,63";"0,000";"23,1";"2,94";"20,2"
"2024-08-02 18:00";"7,63";"4,38";"22,6";"1,17";"19,6"
"2024-08-02 19:00";"0,21";"5,61";"22,3";"5,64";"18,9"
"2024-08-02 20:00";"0,000";"12,09";"21,5";"7,85";"18,000"
"2024-08-02 21:00";"0,000";"4,75";"19,4";"7,7";"17,4"
"2024-08-02 22:00";"0,000";"2,36";"16,8";"1,84";"16,7"
"2024-08-02 23:00";"0,000";"2,25";"15,2";"1,76";"15,4"
"2024-08-03 00:00";"0,000";"1,56";"14,4";"1,75";"14,5"
"2024-08-03 01:00";"0,000";"1,58";"14,2";"1,76";"12,4"
"2024-08-03 02:00";"0,000";"1,61";"12,9";"1,72";"11,5"
"2024-08-03 03:00";"0,000";"1,67";"11,8";"1,77";"11,5"
"2024-08-03 04:00";"0,000";"1,59";"11,6";"1,79";"11,7"
"2024-08-03 05:00";"0,000";"1,25";"11,2";"1,34";"11,8"
"2024-08-03 06:00";"0,09";"0,29";"10,8";"0,34";"11,6"
"2024-08-03 07:00";"0,77";"0,01";"11,6";"0,07";"12,000"
"2024-08-03 08:00";"5,36";"0,000";"13,9";"1,16";"12,6"
"2024-08-03 09:00";"10,51";"0,000";"17,3";"0,000";"13,7"
"2024-08-03 10:00";"9,7";"0,76";"19,000";"0,07";"16,000"
"2024-08-03 11:00";"27,8";"0,000";"19,7";"2,84";"17,3"
"2024-08-03 12:00";"20,71";"0,000";"20,5";"1,11";"18,8"
"2024-08-03 13:00";"21,26";"0,000";"21,2";"0,55";"19,2"
"2024-08-03 14:00";"18,82";"0,000";"21,2";"0,000";"20,5"
"2024-08-03 15:00";"19,19";"0,000";"21,9";"0,000";"21,2"
"2024-08-03 16:00";"17,81";"0,000";"22,1";"0,000";"21,2"
"2024-08-03 17:00";"12,81";"0,000";"22,2";"0,000";"19,8"
"2024-08-03 18:00";"6,06";"0,08";"22,000";"3,35";"18,9"
"2024-08-03 19:00";"0,73";"1,58";"21,3";"1,9";"18,4"
"2024-08-03 20:00";"0,000";"3,84";"19,8";"4,29";"18,4"
"2024-08-03 21:00";"0,000";"5,13";"19,000";"8,46";"17,2"
"2024-08-03 22:00";"0,000";"7,61";"17,6";"8,43";"15,8"
"2024-08-03 23:00";"0,000";"8,45";"17,3";"8,41";"13,5"
"2024-08-04 00:00";"0,000";"10,99";"16,4";"8,44";"12,9"
"2024-08-04 01:00";"0,000";"11,41";"16,6";"8,46";"12,6"
"2024-08-04 02:00";"0,000";"11,43";"16,9";"8,47";"11,8"
"2024-08-04 03:00";"0,000";"11,46";"17,3";"8,45";"10,8"
"2024-08-04 04:00";"0,000";"9,85";"17,4";"8,49";"10,2"
"2024-08-04 05:00";"0,000";"5,54";"17,3";"8,06";"10,000"
"2024-08-04 06:00";"0,000";"4,33";"17,4";"6,03";"10,4"
"2024-08-04 07:00";"0,39";"1,67";"17,4";"1,29";"12,9"
"2024-08-04 08:00";"2,82";"0,88";"18,000";"0,12";"15,1"
"2024-08-04 09:00";"0,05";"1,59";"18,8";"0,000";"16,2"
"2024-08-04 10:00";"0,31";"6,48";"19,5";"0,000";"17,5"
"2024-08-04 11:00";"0,69";"2,53";"19,8";"0,000";"18,7"
"2024-08-04 12:00";"4,94";"0,03";"20,000";"0,000";"19,3"
"2024-08-04 13:00";"2,91";"2,8";"20,6";"0,000";"19,7"
"2024-08-04 14:00";"5,86";"3,05";"19,4";"0,000";"19,9"
"2024-08-04 15:00";"7,02";"0,01";"19,3";"0,000";"20,4"
"2024-08-04 16:00";"5,06";"0,9";"18,9";"0,000";"21,3"
"2024-08-04 17:00";"2,67";"5,68";"18,8";"3,44";"21,000"
"2024-08-04 18:00";"2,42";"3,61";"19,3";"3,52";"20,6"
"2024-08-04 19:00";"0,93";"8,94";"19,8";"1,53";"20,4"
"2024-08-04 20:00";"0,000";"4,44";"18,9";"5,18";"19,5"
"2024-08-04 21:00";"0,000";"1,92";"17,8";"10,1";"17,5"
"2024-08-04 22:00";"0,000";"1,73";"17,2";"5,11";"16,2"
"2024-08-04 23:00";"0,000";"1,73";"16,9";"4,14";"16,1"
"2024-08-05 00:00";"0,000";"1,79";"16,000";"1,86";"15,5"
"2024-08-05 01:00";"0,000";"1,76";"16,000";"1,83";"15,000"
"2024-08-05 02:00";"0,000";"1,83";"15,8";"1,85";"14,8"
"2024-08-05 03:00";"0,000";"1,82";"14,6";"1,94";"15,000"
"2024-08-05 04:00";"0,000";"1,87";"13,4";"1,86";"14,8"
"2024-08-05 05:00";"0,000";"1,52";"12,6";"1,56";"15,2"
"2024-08-05 06:00";"0,000";"0,99";"12,3";"0,34";"15,1"
"2024-08-05 07:00";"0,000";"6,5";"13,4";"0,01";"15,2"
"2024-08-05 08:00";"0,7";"6,38";"16,1";"0,000";"15,5"
"2024-08-05 09:00";"9,17";"0,02";"17,000";"0,13";"15,7"
"2024-08-05 10:00";"14,000";"0,04";"17,9";"1,79";"16,2"
"2024-08-05 11:00";"16,22";"0,08";"18,8";"0,75";"17,2"
"2024-08-05 12:00";"26,76";"0,000";"19,4";"0,74";"17,8"
"2024-08-05 13:00";"29,43";"0,04";"19,9";"0,000";"18,3"
"2024-08-05 14:00";"28,87";"0,000";"20,5";"0,15";"18,7"
"2024-08-05 15:00";"29,03";"0,000";"20,6";"0,3";"19,1"
"2024-08-05 16:00";"21,99";"0,28";"21,000";"0,02";"19,7"
"2024-08-05 17:00";"10,48";"0,000";"21,1";"0,08";"20,4"
"2024-08-05 18:00";"0,3";"9,22";"20,8";"0,53";"20,1"
"2024-08-05 19:00";"0,000";"9,14";"19,8";"0,19";"19,6"
"2024-08-05 20:00";"0,000";"10,92";"18,8";"1,79";"19,3"
"2024-08-05 21:00";"0,000";"9,22";"17,5";"3,63";"18,2"
"2024-08-05 22:00";"0,000";"9,05";"15,8";"1,87";"15,8"
"2024-08-05 23:00";"0,000";"6,78";"15,4";"2,15";"14,4"
"2024-08-06 00:00";"0,000";"5,06";"14,9";"5,7";"13,4"
"2024-08-06 01:00";"0,000";"5,01";"14,1";"8,68";"12,4"
"2024-08-06 02:00";"0,000";"5,17";"13,6";"8,64";"11,9"
"2024-08-06 03:00";"0,000";"1,92";"12,4";"8,72";"12,1"
"2024-08-06 04:00";"0,000";"1,72";"12,1";"8,71";"11,3"
"2024-08-06 05:00";"0,000";"1,46";"11,8";"8,62";"10,000"
"2024-08-06 06:00";"0,000";"0,82";"11,8";"7,27";"9,9"
"2024-08-06 07:00";"0,13";"1,35";"11,9";"4,6";"12,1"
"2024-08-06 08:00";"3,73";"0,01";"14,8";"0,04";"12,9"
"2024-08-06 09:00";"5,49";"0,49";"18,5";"1,9";"13,7"
"2024-08-06 10:00";"11,47";"0,01";"19,5";"3,24";"15,2"
"2024-08-06 11:00";"24,48";"0,000";"20,9";"1,27";"15,4"
"2024-08-06 12:00";"22,72";"0,16";"21,4";"2,46";"14,8"
"2024-08-06 13:00";"24,49";"0,000";"22,2";"0,16";"14,4"
"2024-08-06 14:00";"19,06";"0,000";"23,2";"4,48";"14,5"
"2024-08-06 15:00";"13,05";"2,68";"23,1";"3,46";"14,5"
"2024-08-06 16:00";"8,26";"2,25";"22,5";"4,58";"14,000"
"2024-08-06 17:00";"15,47";"0,01";"22,9";"6,92";"13,6"
"2024-08-06 18:00";"7,91";"0,000";"22,6";"5,24";"13,000"
"2024-08-06 19:00";"0,55";"11,26";"22,1";"6,63";"12,000"
"2024-08-06 20:00";"0,000";"14,24";"21,6";"10,85";"11,1"
"2024-08-06 21:00";"0,000";"8,33";"20,2";"14,41";"10,9"
"2024-08-06 22:00";"0,000";"7,99";"18,000";"12,94";"10,4"
"2024-08-06 23:00";"0,000";"1,97";"16,5";"12,22";"9,9"
"2024-08-07 00:00";"0,000";"1,55";"16,3";"12,12";"9,8"
"2024-08-07 01:00";"0,000";"1,63";"16,2";"12,17";"9,8"
"2024-08-07 02:00";"0,000";"1,6";"16,8";"12,19";"10,4"
"2024-08-07 03:00";"0,000";"1,57";"17,000";"12,21";"10,4"
"2024-08-07 04:00";"0,000";"1,63";"17,2";"12,24";"10,4"
"2024-08-07 05:00";"0,000";"1,34";"17,7";"12,2";"10,000"
"2024-08-07 06:00";"0,01";"0,56";"17,8";"10,77";"10,9"
"2024-08-07 07:00";"0,12";"1,16";"17,6";"10,24";"11,6"
"2024-08-07 08:00";"3,72";"0,07";"19,000";"6,65";"11,5"
"2024-08-07 09:00";"5,98";"0,19";"21,2";"8,54";"10,9"
"2024-08-07 10:00";"12,45";"0,01";"22,9";"7,81";"10,9"
"2024-08-07 11:00";"24,48";"0,000";"24,3";"1,94";"10,7"
"2024-08-07 12:00";"28,42";"0,000";"25,000";"9,62";"10,8"
"2024-08-07 13:00";"29,1";"0,000";"25,4";"5,07";"10,8"
"2024-08-07 14:00";"24,97";"0,000";"25,7";"2,09";"11,9"
"2024-08-07 15:00";"14,41";"0,000";"26,1";"6,53";"12,8"
"2024-08-07 16:00";"9,71";"0,000";"24,7";"19,08";"12,8"
"2024-08-07 17:00";"5,72";"0,000";"24,2";"5,15";"13,2"
"2024-08-07 18:00";"5,01";"0,000";"23,6";"0,59";"12,9"
"2024-08-07 19:00";"3,1";"0,000";"23,000";"1,62";"14,1"
"2024-08-07 20:00";"0,24";"2,16";"22,4";"3,72";"14,3"
"2024-08-07 21:00";"0,000";"4,27";"21,3";"9,41";"13,8"
"2024-08-07 22:00";"0,000";"2,18";"20,2";"12,93";"13,9"
"2024-08-07 23:00";"0,000";"4,43";"19,6";"9,14";"13,7"
"2024-08-08 00:00";"0,000";"4,84";"19,1";"6,32";"13,9"
"2024-08-08 01:00";"0,000";"4,78";"18,5";"5,57";"14,2"
"2024-08-08 02:00";"0,000";"4,79";"18,7";"5,64";"14,000"
"2024-08-08 03:00";"0,000";"4,8";"18,5";"5,69";"13,8"
"2024-08-08 04:00";"0,000";"4,86";"18,000";"5,85";"13,7"
"2024-08-08 05:00";"0,000";"4,9";"17,7";"5,96";"13,5"
"2024-08-08 06:00";"0,000";"3,96";"17,8";"5,66";"13,7"
"2024-08-08 07:00";"0,77";"1,32";"17,3";"6,72";"13,7"
"2024-08-08 08:00";"3,97";"0,04";"17,6";"3,99";"13,9"
"2024-08-08 09:00";"5,26";"0,07";"17,6";"3,45";"13,8"
"2024-08-08 10:00";"4,07";"2,69";"19,000";"7,95";"14,4"
"2024-08-08 11:00";"14,75";"0,01";"19,7";"0,31";"15,1"
"2024-08-08 12:00";"14,19";"0,01";"20,4";"0,43";"15,6"
"2024-08-08 13:00";"19,07";"0,000";"20,8";"0,1";"17,000"
"2024-08-08 14:00";"16,1";"0,000";"21,3";"0,6";"18,1"
"2024-08-08 15:00";"9,82";"0,09";"21,000";"0,14";"18,4"
"2024-08-08 16:00";"9,8";"0,000";"21,1";"0,000";"18,4"
"2024-08-08 17:00";"8,37";"0,000";"21,4";"0,67";"17,9"
"2024-08-08 18:00";"0,19";"1,11";"21,2";"0,91";"17,7"
"2024-08-08 19:00";"0,14";"3,22";"18,4";"14,36";"15,8"
"2024-08-08 20:00";"0,000";"25,79";"19,1";"6,79";"14,000"
"2024-08-08 21:00";"0,000";"6,47";"18,5";"5,42";"13,9"
"2024-08-08 22:00";"0,000";"5,2";"16,6";"5,44";"13,6"
"2024-08-08 23:00";"0,000";"5,11";"15,6";"5,53";"13,6"
"2024-08-09 00:00";"0,000";"5,02";"15,4";"5,56";"12,1"
"2024-08-09 01:00";"0,000";"4,76";"14,8";"5,64";"13,1"
"2024-08-09 02:00";"0,000";"5,08";"14,4";"5,64";"13,4"
"2024-08-09 03:00";"0,000";"5,04";"14,6";"7,74";"13,2"
"2024-08-09 04:00";"0,000";"5,1";"14,5";"5,79";"12,5"
"2024-08-09 05:00";"0,000";"4,93";"14,8";"5,73";"12,5"
"2024-08-09 06:00";"0,000";"3,29";"15,000";"4,47";"12,8"
"2024-08-09 07:00";"1,43";"0,82";"15,3";"2,44";"13,2"
"2024-08-09 08:00";"0,46";"1,17";"16,7";"3,56";"12,6"
"2024-08-09 09:00";"1,49";"2,94";"18,4";"1,08";"12,3"
"2024-08-09 10:00";"0,55";"5,61";"19,3";"1,3";"11,7"
"2024-08-09 11:00";"0,87";"2,86";"20,3";"1,16";"12,1"
"2024-08-09 12:00";"0,000";"5,01";"19,8";"7,51";"12,3"
"2024-08-09 13:00";"0,000";"4,21";"18,7";"4,63";"12,3"
"2024-08-09 14:00";"0,000";"2,27";"17,2";"0,91";"12,3"
"2024-08-09 15:00";"0,000";"4,71";"17,7";"1,19";"12,8"
"2024-08-09 16:00";"0,000";"13,19";"18,5";"6,1";"13,2"
"2024-08-09 17:00";"0,01";"10,07";"19,2";"2,45";"13,6"
"2024-08-09 18:00";"0,35";"8,69";"20,000";"5,19";"14,000"
"2024-08-09 19:00";"0,11";"10,59";"20,000";"7,39";"14,000"
"2024-08-09 20:00";"0,000";"8,03";"20,3";"8,96";"13,7"
"2024-08-09 21:00";"0,000";"13,38";"19,5";"11,56";"13,9"
"2024-08-09 22:00";"0,000";"10,3";"18,1";"7,8";"13,7"
"2024-08-09 23:00";"0,000";"8,3";"17,6";"6,18";"13,6"
"2024-08-10 00:00";"0,000";"8,37";"17,000";"6,65";"13,000"
"2024-08-10 01:00";"0,000";"8,32";"16,6";"6,12";"13,000"
"2024-08-10 02:00";"0,000";"8,46";"16,3";"6,63";"13,000"
"2024-08-10 03:00";"0,000";"8,42";"16,1";"6,19";"11,5"
"2024-08-10 04:00";"0,000";"8,47";"16,000";"6,74";"11,3"
"2024-08-10 05:00";"0,000";"8,09";"16,000";"5,77";"11,9"
"2024-08-10 06:00";"0,000";"6,98";"15,9";"1,89";"12,000"
"2024-08-10 07:00";"0,75";"1,5";"16,2";"3,1";"12,2"
"2024-08-10 08:00";"3,93";"0,000";"16,8";"2,63";"12,6"
"2024-08-10 09:00";"8,85";"0,000";"17,5";"4,82";"13,000"
"2024-08-10 10:00";"15,42";"0,000";"18,1";"3,42";"12,9"
"2024-08-10 11:00";"19,5";"0,000";"19,1";"3,78";"13,8"
"2024-08-10 12:00";"18,16";"0,000";"20,000";"6,8";"14,3"
"2024-08-10 13:00";"18,64";"0,000";"20,4";"8,51";"14,2"
"2024-08-10 14:00";"21,1";"0,000";"21,1";"4,68";"14,2"
"2024-08-10 15:00";"19,01";"0,000";"21,2";"1,77";"15,2"
"2024-08-10 16:00";"10,17";"0,1";"21,9";"3,52";"16,2"
"2024-08-10 17:00";"5,14";"4,45";"21,8";"0,77";"16,1"
"2024-08-10 18:00";"2,16";"3,13";"22,000";"2,07";"16,1"
"2024-08-10 19:00";"1,1";"2,42";"21,6";"4,83";"16,7"
"2024-08-10 20:00";"0,000";"5,36";"20,8";"9,29";"16,3"
"2024-08-10 21:00";"0,000";"5,34";"19,5";"9,67";"14,3"
"2024-08-10 22:00";"0,000";"2,55";"19,2";"9,84";"12,2"
"2024-08-10 23:00";"0,000";"4,2";"18,7";"13,16";"10,9"
"2024-08-11 00:00";"0,000";"5,05";"18,2";"12,62";"11,6"
"2024-08-11 01:00";"0,000";"5,03";"17,5";"13,31";"13,2"
"2024-08-11 02:00";"0,000";"5,06";"16,9";"12,77";"13,000"
"2024-08-11 03:00";"0,000";"4,98";"16,4";"13,17";"12,8"
"2024-08-11 04:00";"0,000";"4,87";"16,2";"10,51";"12,9"
"2024-08-11 05:00";"0,000";"4,68";"16,000";"9,02";"12,6"
"2024-08-11 06:00";"0,000";"3,72";"15,8";"7,36";"12,5"
"2024-08-11 07:00";"0,000";"2,24";"16,1";"3,5";"12,6"
"2024-08-11 08:00";"0,28";"1,95";"16,7";"5,8";"13,9"
"2024-08-11 09:00";"3,18";"0,53";"17,5";"1,43";"14,8"
"2024-08-11 10:00";"4,89";"0,42";"18,3";"6,78";"15,8"
"2024-08-11 11:00";"8,47";"2,47";"18,9";"0,11";"16,5"
"2024-08-11 12:00";"11,57";"1,64";"19,1";"2,19";"16,9"
"2024-08-11 13:00";"18,46";"0,13";"19,5";"11,6";"17,8"
"2024-08-11 14:00";"17,39";"0,000";"19,9";"0,000";"18,2"
"2024-08-11 15:00";"13,52";"0,04";"20,4";"0,33";"18,1"
"2024-08-11 16:00";"4,3";"0,86";"20,1";"2,68";"18,5"
"2024-08-11 17:00";"2,1";"7,03";"20,1";"3,57";"18,3"
"2024-08-11 18:00";"0,41";"7,48";"19,7";"13,38";"18,3"
"2024-08-11 19:00";"0,04";"7,38";"19,5";"15,03";"18,1"
"2024-08-11 20:00";"0,000";"10,81";"19,000";"15,76";"17,5"
"2024-08-11 21:00";"0,000";"10,52";"17,6";"19,76";"16,7"
"2024-08-11 22:00";"0,000";"10,78";"15,8";"17,37";"15,6"
"2024-08-11 23:00";"0,000";"9,2";"15,2";"4,57";"14,6"
"2024-08-12 00:00";"0,000";"8,78";"15,2";"3,01";"13,9"
"2024-08-12 01:00";"0,000";"5,48";"14,4";"2,15";"13,4"
"2024-08-12 02:00";"0,000";"1,85";"14,2";"2,12";"13,4"
"2024-08-12 03:00";"0,000";"1,7";"13,2";"2,76";"13,6"
"2024-08-12 04:00";"0,000";"1,67";"13,000";"2,15";"13,9"
"2024-08-12 05:00";"0,000";"1,44";"12,5";"2,07";"14,7"
"2024-08-12 06:00";"0,000";"1,000";"12,000";"0,96";"15,000"
"2024-08-12 07:00";"0,04";"1,41";"12,9";"0,85";"15,8"
"2024-08-12 08:00";"2,7";"0,13";"14,8";"0,01";"16,3"
"2024-08-12 09:00";"5,33";"0,6";"15,9";"0,000";"16,9"
"2024-08-12 10:00";"8,44";"0,51";"16,6";"0,000";"18,2"
"2024-08-12 11:00";"12,73";"0,46";"17,4";"0,000";"22,000"
"2024-08-12 12:00";"8,36";"2,51";"18,2";"1,24";"22,5"
"2024-08-12 13:00";"8,56";"1,2";"19,5";"0,93";"24,4"
"2024-08-12 14:00";"14,35";"0,05";"20,3";"0,000";"24,2"
"2024-08-12 15:00";"14,53";"0,000";"20,5";"0,000";"24,8"
"2024-08-12 16:00";"14,1";"0,000";"20,8";"2,45";"24,8"
"2024-08-12 17:00";"11,71";"0,000";"20,9";"2,62";"23,8"
"2024-08-12 18:00";"5,27";"0,07";"20,9";"3,77";"21,8"
"2024-08-12 19:00";"0,000";"8,91";"20,6";"5,93";"20,6"
"2024-08-12 20:00";"0,000";"9,82";"20,1";"9,54";"17,7"
"2024-08-12 21:00";"0,000";"8,44";"18,000";"8,15";"15,8"
"2024-08-12 22:00";"0,000";"8,38";"15,9";"8,58";"14,7"
"2024-08-12 23:00";"0,000";"8,26";"15,000";"8,6";"13,6"
"2024-08-13 00:00";"0,000";"8,28";"14,1";"5,31";"13,5"
"2024-08-13 01:00";"0,000";"8,27";"12,2";"5,36";"12,6"
"2024-08-13 02:00";"0,000";"8,13";"11,7";"5,33";"12,5"
"2024-08-13 03:00";"0,000";"8,36";"11,1";"5,38";"12,3"
"2024-08-13 04:00";"0,000";"8,27";"11,000";"5,35";"11,7"
"2024-08-13 05:00";"0,000";"8,06";"10,8";"5,33";"11,7"
"2024-08-13 06:00";"0,000";"7,53";"12,7";"4,19";"11,6"
"2024-08-13 07:00";"0,000";"6,47";"12,7";"1,94";"11,4"
"2024-08-13 08:00";"0,19";"3,41";"16,4";"0,13";"12,6"
"2024-08-13 09:00";"0,69";"4,91";"18,8";"0,000";"14,3"
"2024-08-13 10:00";"9,94";"0,000";"20,6";"0,000";"14,6"
"2024-08-13 11:00";"16,2";"0,000";"22,1";"0,000";"16,9"
"2024-08-13 12:00";"17,46";"0,000";"22,7";"0,000";"18,5"
"2024-08-13 13:00";"19,01";"0,000";"23,2";"0,2";"20,2"
"2024-08-13 14:00";"19,3";"0,000";"23,6";"0,62";"21,3"
"2024-08-13 15:00";"18,41";"0,000";"23,6";"0,32";"21,9"
"2024-08-13 16:00";"12,49";"0,000";"23,7";"0,55";"22,2"
"2024-08-13 17:00";"5,91";"0,000";"23,000";"7,79";"22,3"
"2024-08-13 18:00";"3,5";"0,02";"23,000";"11,57";"22,000"
"2024-08-13 19:00";"1,42";"0,08";"22,5";"16,12";"21,9"
"2024-08-13 20:00";"0,000";"1,17";"21,2";"21,3";"21,000"
"2024-08-13 21:00";"0,000";"1,67";"19,5";"21,33";"19,2"
"2024-08-13 22:00";"0,000";"1,75";"18,000";"12,43";"16,6"
"2024-08-13 23:00";"0,000";"1,51";"17,3";"12,44";"15,1"
"2024-08-14 00:00";"0,000";"1,5";"16,9";"12,4";"14,3"
"2024-08-14 01:00";"0,000";"1,58";"17,000";"10,82";"13,5"
"2024-08-14 02:00";"0,000";"1,56";"17,2";"7,95";"13,2"
"2024-08-14 03:00";"0,000";"1,59";"17,3";"3,2";"13,1"
"2024-08-14 04:00";"0,000";"1,63";"17,2";"2,08";"13,000"
"2024-08-14 05:00";"0,000";"1,45";"16,9";"1,87";"13,000"
"2024-08-14 06:00";"0,000";"0,91";"17,2";"1,29";"13,1"
"2024-08-14 07:00";"0,1";"1,39";"17,3";"1,1";"14,2"
"2024-08-14 08:00";"1,47";"0,17";"18,5";"0,34";"17,000"
"2024-08-14 09:00";"6,55";"0,000";"20,2";"0,000";"18,8"
"2024-08-14 10:00";"8,32";"0,15";"21,9";"0,000";"21,6"
"2024-08-14 11:00";"9,41";"0,16";"23,3";"0,000";"23,2"
"2024-08-14 12:00";"16,07";"0,000";"24,8";"0,000";"24,3"
"2024-08-14 13:00";"22,03";"0,000";"26,000";"0,000";"24,6"
"2024-08-14 14:00";"19,85";"0,000";"26,9";"0,000";"24,7"
"2024-08-14 15:00";"8,71";"0,11";"27,6";"0,000";"25,000"
"2024-08-14 16:00";"16,27";"0,000";"27,000";"0,000";"24,6"
"2024-08-14 17:00";"10,97";"0,000";"26,2";"0,000";"24,3"
"2024-08-14 18:00";"6,2";"0,000";"26,1";"0,78";"23,5"
"2024-08-14 19:00";"1,51";"0,000";"25,5";"0,39";"22,9"
"2024-08-14 20:00";"0,000";"1,01";"24,6";"1,71";"22,000"
"2024-08-14 21:00";"0,000";"2,69";"22,5";"4,2";"20,2"
"2024-08-14 22:00";"0,000";"5,16";"21,000";"6,25";"17,5"
"2024-08-14 23:00";"0,000";"5,13";"20,4";"5,15";"16,3"
"2024-08-15 00:00";"0,000";"5,09";"19,5";"4,95";"16,5"
"2024-08-15 01:00";"0,000";"5,08";"19,3";"7,28";"16,5"
"2024-08-15 02:00";"0,000";"5,12";"19,9";"8,27";"17,1"
"2024-08-15 03:00";"0,000";"5,13";"20,4";"7,04";"17,3"
"2024-08-15 04:00";"0,000";"5,08";"19,7";"5,29";"18,1"
"2024-08-15 05:00";"0,000";"5,13";"19,5";"4,85";"19,000"
"2024-08-15 06:00";"0,000";"3,95";"19,3";"4,14";"18,8"
"2024-08-15 07:00";"0,000";"3,63";"19,000";"8,77";"18,6"
"2024-08-15 08:00";"1,53";"0,58";"19,7";"5,19";"19,3"
"2024-08-15 09:00";"6,12";"0,000";"20,000";"7,8";"20,7"
"2024-08-15 10:00";"6,48";"0,19";"20,6";"0,04";"22,7"
"2024-08-15 11:00";"12,63";"0,000";"21,7";"0,17";"24,000"
"2024-08-15 12:00";"18,8";"0,000";"22,9";"0,000";"24,5"
"2024-08-15 13:00";"19,01";"0,000";"24,3";"0,12";"24,5"
"2024-08-15 14:00";"15,89";"0,000";"24,9";"7,74";"24,4"
"2024-08-15 15:00";"11,74";"0,65";"25,5";"2,3";"22,9"
"2024-08-15 16:00";"4,05";"1,04";"25,5";"4,38";"21,6"
"2024-08-15 17:00";"3,78";"0,000";"25,1";"0,02";"22,5"
"2024-08-15 18:00";"2,41";"0,000";"23,6";"0,000";"24,8"
"2024-08-15 19:00";"0,03";"3,76";"23,000";"9,2";"24,6"
"2024-08-15 20:00";"0,000";"9,74";"22,6";"13,86";"23,1"
"2024-08-15 21:00";"0,000";"12,03";"22,4";"9,53";"21,7"
"2024-08-15 22:00";"0,000";"5,31";"21,1";"7,92";"20,5"
"2024-08-15 23:00";"0,000";"5,03";"20,3";"8,63";"18,4"
"2024-08-16 00:00";"0,000";"5,13";"19,8";"10,79";"17,5"
"2024-08-16 01:00";"0,000";"5,1";"20,000";"11,69";"17,000"
"2024-08-16 02:00";"0,000";"5,04";"18,8";"8,64";"15,6"
"2024-08-16 03:00";"0,000";"1,64";"18,000";"8,65";"14,6"
"2024-08-16 04:00";"0,000";"1,55";"19,000";"7,38";"13,5"
"2024-08-16 05:00";"0,000";"1,66";"19,3";"4,94";"12,2"
"2024-08-16 06:00";"0,000";"0,81";"19,4";"3,31";"10,8"
"2024-08-16 07:00";"0,000";"4,28";"19,6";"3,1";"11,000"
"2024-08-16 08:00";"0,35";"2,19";"19,5";"1,25";"14,2"
"2024-08-16 09:00";"1,62";"7,08";"20,1";"1,46";"16,4"
"2024-08-16 10:00";"0,19";"2,78";"20,9";"0,01";"17,3"
"2024-08-16 11:00";"0,07";"8,34";"21,000";"0,47";"18,3"
"2024-08-16 12:00";"1,18";"2,01";"20,6";"0,64";"19,7"
"2024-08-16 13:00";"1,3";"2,89";"20,4";"0,000";"20,7"
"2024-08-16 14:00";"0,99";"5,05";"19,8";"0,000";"21,2"
"2024-08-16 15:00";"1,26";"4,07";"20,2";"0,000";"21,7"
"2024-08-16 16:00";"1,86";"2,33";"20,8";"0,000";"21,7"
"2024-08-16 17:00";"0,17";"5,58";"20,8";"0,000";"21,8"
"2024-08-16 18:00";"0,19";"2,9";"21,3";"11,19";"21,5"
"2024-08-16 19:00";"0,000";"6,89";"20,5";"13,22";"21,1"
"2024-08-16 20:00";"0,000";"1,29";"20,1";"9,13";"19,8"
"2024-08-16 21:00";"0,000";"1,82";"19,8";"2,4";"17,7"
"2024-08-16 22:00";"0,000";"4,22";"18,9";"1,83";"15,6"
"2024-08-16 23:00";"0,000";"5,18";"17,3";"1,8";"14,4"
"2024-08-17 00:00";"0,000";"5,17";"17,000";"1,77";"13,5"
"2024-08-17 01:00";"0,000";"5,17";"16,9";"1,8";"11,8"
"2024-08-17 02:00";"0,000";"5,25";"16,2";"1,8";"10,6"
"2024-08-17 03:00";"0,000";"5,21";"14,8";"1,76";"9,5"
"2024-08-17 04:00";"0,000";"5,24";"14,2";"1,78";"9,000"
"2024-08-17 05:00";"0,000";"5,17";"14,000";"1,57";"8,6"
"2024-08-17 06:00";"0,000";"4,16";"13,3";"0,73";"9,000"
"2024-08-17 07:00";"0,000";"2,43";"14,1";"2,72";"9,2"
"2024-08-17 08:00";"0,17";"3,6";"15,000";"6,87";"11,4"
"2024-08-17 09:00";"3,88";"0,18";"15,6";"3,25";"15,9"
"2024-08-17 10:00";"8,8";"0,01";"17,2";"0,000";"18,9"
"2024-08-17 11:00";"10,65";"0,21";"17,9";"0,000";"20,5"
"2024-08-17 12:00";"14,67";"0,07";"18,5";"0,000";"21,7"
"2024-08-17 13:00";"16,47";"0,05";"19,000";"0,000";"22,4"
"2024-08-17 14:00";"18,54";"0,000";"19,5";"1,76";"22,1"
"2024-08-17 15:00";"17,48";"0,000";"19,7";"7,11";"22,3"
"2024-08-17 16:00";"12,86";"0,000";"19,7";"0,04";"20,5"
"2024-08-17 17:00";"7,92";"0,17";"19,6";"1,65";"20,3"
"2024-08-17 18:00";"4,19";"0,000";"19,4";"4,000";"20,2"
"2024-08-17 19:00";"0,91";"6,48";"19,1";"9,46";"20,3"
"2024-08-17 20:00";"0,000";"10,84";"18,3";"11,93";"20,000"
"2024-08-17 21:00";"0,000";"16,54";"15,8";"11,56";"19,2"
"2024-08-17 22:00";"0,000";"11,56";"13,8";"13,6";"18,3"
"2024-08-17 23:00";"0,000";"4,89";"13,000";"11,9";"17,9"
"2024-08-18 00:00";"0,000";"4,9";"11,7";"11,96";"16,8"
"2024-08-18 01:00";"0,000";"4,96";"10,7";"11,95";"16,3"
"2024-08-18 02:00";"0,000";"4,98";"10,1";"11,96";"16,1"
"2024-08-18 03:00";"0,000";"4,98";"9,6";"11,94";"15,8"
"2024-08-18 04:00";"0,000";"4,94";"8,8";"14,88";"15,2"
"2024-08-18 05:00";"0,000";"4,92";"8,8";"11,88";"15,4"
"2024-08-18 06:00";"0,000";"4,04";"8,6";"6,54";"15,000"
"2024-08-18 07:00";"0,000";"2,37";"8,4";"7,28";"15,000"
"2024-08-18 08:00";"1,22";"0,22";"10,8";"6,08";"15,9"
"2024-08-18 09:00";"3,76";"0,09";"13,8";"3,8";"17,4"
"2024-08-18 10:00";"7,02";"0,01";"17,6";"2,98";"17,7"
"2024-08-18 11:00";"12,09";"0,000";"19,000";"0,000";"18,9"
"2024-08-18 12:00";"15,06";"0,000";"19,9";"0,000";"21,3"
"2024-08-18 13:00";"11,1";"0,29";"21,000";"0,01";"22,000"
"2024-08-18 14:00";"8,39";"0,43";"21,7";"0,000";"22,000"
"2024-08-18 15:00";"6,18";"0,23";"21,5";"0,000";"22,4"
"2024-08-18 16:00";"2,91";"0,2";"20,6";"0,000";"22,7"
"2024-08-18 17:00";"3,66";"0,79";"19,9";"0,000";"22,7"
"2024-08-18 18:00";"0,01";"21,09";"19,6";"3,4";"22,3"
"2024-08-18 19:00";"0,01";"8,73";"19,3";"7,08";"21,5"
"2024-08-18 20:00";"0,000";"8,04";"18,5";"9,15";"20,4"
"2024-08-18 21:00";"0,000";"5,66";"16,8";"11,84";"19,4"
"2024-08-18 22:00";"0,000";"3,76";"14,7";"8,39";"18,9"
"2024-08-18 23:00";"0,000";"1,72";"14,1";"5,49";"18,2"
"2024-08-19 00:00";"0,000";"1,68";"13,8";"7,91";"18,000"
"2024-08-19 01:00";"0,000";"1,76";"13,1";"8,48";"17,3"
"2024-08-19 02:00";"0,000";"1,7";"13,8";"7,58";"16,7"
"2024-08-19 03:00";"0,000";"1,72";"13,2";"5,49";"16,7"
"2024-08-19 04:00";"0,000";"1,78";"12,4";"5,18";"16,9"
"2024-08-19 05:00";"0,000";"1,7";"11,9";"5,09";"16,7"
"2024-08-19 06:00";"0,000";"1,07";"11,2";"3,95";"16,2"
"2024-08-19 07:00";"0,000";"1,71";"11,4";"1,42";"15,9"
"2024-08-19 08:00";"2,12";"0,03";"14,3";"0,94";"16,6"
"2024-08-19 09:00";"6,25";"0,12";"17,1";"0,16";"17,5"
"2024-08-19 10:00";"12,55";"0,000";"18,000";"0,000";"18,9"
"2024-08-19 11:00";"11,89";"0,01";"18,6";"0,000";"20,3"
"2024-08-19 12:00";"14,66";"0,000";"19,1";"0,000";"21,6"
"2024-08-19 13:00";"21,8";"0,000";"19,4";"0,000";"22,000"
"2024-08-19 14:00";"21,59";"0,03";"20,2";"0,000";"22,7"
"2024-08-19 15:00";"16,06";"0,01";"20,4";"0,000";"22,9"
"2024-08-19 16:00";"10,48";"0,36";"20,3";"0,000";"22,9"
"2024-08-19 17:00";"7,56";"0,38";"20,3";"1,12";"23,5"
"2024-08-19 18:00";"2,29";"1,57";"20,3";"9,44";"23,1"
"2024-08-19 19:00";"0,000";"3,54";"19,5";"13,63";"22,3"
"2024-08-19 20:00";"0,000";"7,05";"18,5";"5,43";"20,9"
"2024-08-19 21:00";"0,000";"5,22";"16,2";"5,18";"19,7"
"2024-08-19 22:00";"0,000";"8,33";"13,8";"2,6";"18,4"
"2024-08-19 23:00";"0,000";"8,6";"12,3";"1,77";"17,8"
"2024-08-20 00:00";"0,000";"8,6";"11,8";"1,77";"17,3"
"2024-08-20 01:00";"0,000";"8,57";"10,6";"1,77";"16,6"
"2024-08-20 02:00";"0,000";"8,59";"10,7";"1,77";"15,000"
"2024-08-20 03:00";"0,000";"5,17";"11,2";"1,71";"13,2"
"2024-08-20 04:00";"0,000";"5,13";"10,7";"1,76";"12,6"
"2024-08-20 05:00";"0,000";"5,18";"10,4";"1,76";"12,3"
"2024-08-20 06:00";"0,000";"4,52";"12,5";"1,1";"12,1"
"2024-08-20 07:00";"0,000";"4,46";"12,8";"0,000";"11,8"
"2024-08-20 08:00";"1,68";"0,68";"14,5";"0,000";"12,2"
"2024-08-20 09:00";"6,22";"0,01";"16,8";"0,5";"12,4"
"2024-08-20 10:00";"11,23";"0,000";"19,5";"5,38";"12,8"
"2024-08-20 11:00";"12,92";"0,000";"20,9";"6,17";"13,3"
"2024-08-20 12:00";"14,56";"0,000";"21,5";"1,72";"13,1"
"2024-08-20 13:00";"18,31";"0,000";"22,000";"6,07";"13,1"
"2024-08-20 14:00";"19,32";"0,000";"22,5";"0,26";"15,4"
"2024-08-20 15:00";"17,08";"0,000";"22,7";"0,23";"20,8"
"2024-08-20 16:00";"8,54";"0,000";"22,7";"1,8";"21,2"
"2024-08-20 17:00";"5,32";"0,000";"22,3";"0,37";"21,2"
"2024-08-20 18:00";"2,2";"0,000";"21,5";"0,000";"21,3"
"2024-08-20 19:00";"0,54";"3,35";"20,4";"4,61";"21,2"
"2024-08-20 20:00";"0,000";"14,16";"19,4";"16,78";"20,4"
"2024-08-20 21:00";"0,000";"5,48";"18,2";"15,27";"17,5"
"2024-08-20 22:00";"0,000";"1,96";"17,3";"8,56";"14,9"
"2024-08-20 23:00";"0,000";"1,59";"16,8";"8,59";"13,6"
"2024-08-21 00:00";"0,000";"1,65";"16,7";"8,57";"11,6"
"2024-08-21 01:00";"0,000";"1,59";"16,5";"8,61";"10,7"
"2024-08-21 02:00";"0,000";"1,58";"16,5";"8,62";"10,5"
"2024-08-21 03:00";"0,000";"1,67";"16,9";"8,68";"10,000"
"2024-08-21 04:00";"0,000";"1,63";"17,7";"8,58";"9,6"
"2024-08-21 05:00";"0,000";"1,72";"18,000";"8,58";"9,7"
"2024-08-21 06:00";"0,000";"1,53";"17,8";"7,4";"10,000"
"2024-08-21 07:00";"0,000";"2,39";"17,7";"5,98";"10,3"
"2024-08-21 08:00";"0,15";"1,75";"17,8";"4,04";"11,8"
"2024-08-21 09:00";"0,25";"7,81";"18,3";"0,14";"14,5"
"2024-08-21 10:00";"0,68";"1,84";"18,8";"0,31";"18,3"
"2024-08-21 11:00";"2,62";"0,34";"17,3";"0,93";"19,2"
"2024-08-21 12:00";"8,9";"0,04";"17,1";"0,38";"19,9"
"2024-08-21 13:00";"12,98";"0,06";"17,5";"0,99";"20,5"
"2024-08-21 14:00";"11,83";"0,05";"18,5";"0,49";"21,1"
"2024-08-21 15:00";"8,78";"1,05";"19,2";"0,37";"21,7"
"2024-08-21 16:00";"6,1";"1,15";"19,8";"0,000";"21,9"
"2024-08-21 17:00";"6,26";"0,01";"19,6";"0,000";"21,7"
"2024-08-21 18:00";"0,84";"1,000";"19,1";"0,000";"21,5"
"2024-08-21 19:00";"0,000";"5,02";"17,6";"5,78";"21,1"
"2024-08-21 20:00";"0,000";"10,83";"16,8";"10,84";"20,000"
"2024-08-21 21:00";"0,000";"5,4";"15,7";"7,61";"17,3"
"2024-08-21 22:00";"0,000";"8,44";"15,4";"5,06";"16,1"
"2024-08-21 23:00";"0,000";"8,45";"15,1";"5,57";"16,2"
"2024-08-22 00:00";"0,000";"8,42";"15,000";"5,09";"15,2"
"2024-08-22 01:00";"0,000";"7,16";"15,3";"5,08";"15,1"
"2024-08-22 02:00";"0,000";"5,1";"15,3";"5,04";"14,2"
"2024-08-22 03:00";"0,000";"4,93";"15,1";"5,05";"12,6"
"2024-08-22 04:00";"0,000";"5,02";"15,1";"2,38";"11,000"
"2024-08-22 05:00";"0,000";"5,08";"15,000";"1,81";"10,4"
"2024-08-22 06:00";"0,000";"4,31";"14,9";"0,96";"10,5"
"2024-08-22 07:00";"0,000";"4,58";"14,8";"1,75";"10,7"
"2024-08-22 08:00";"0,05";"2,87";"15,5";"1,02";"11,9"
"2024-08-22 09:00";"0,02";"3,81";"16,1";"0,02";"15,7"
"2024-08-22 10:00";"0,19";"4,01";"16,2";"0,23";"18,7"
"2024-08-22 11:00";"0,5";"0,33";"16,5";"0,37";"19,8"
"2024-08-22 12:00";"2,6";"0,26";"16,5";"0,49";"20,7"
"2024-08-22 13:00";"1,57";"0,61";"16,9";"0,000";"21,9"
"2024-08-22 14:00";"4,57";"0,29";"17,3";"0,01";"22,7"
"2024-08-22 15:00";"1,93";"0,12";"18,2";"0,000";"22,5"
"2024-08-22 16:00";"0,28";"0,67";"18,000";"0,000";"22,6"
"2024-08-22 17:00";"0,31";"0,09";"17,5";"0,03";"22,8"
"2024-08-22 18:00";"0,73";"0,28";"16,3";"0,000";"22,4"
"2024-08-22 19:00";"0,000";"1,16";"15,9";"6,59";"21,9"
"2024-08-22 20:00";"0,000";"1,99";"15,7";"9,98";"20,3"
"2024-08-22 21:00";"0,000";"2,85";"15,3";"8,83";"17,8"
"2024-08-22 22:00";"0,000";"1,99";"15,5";"11,87";"16,7"
"2024-08-22 23:00";"0,000";"1,65";"16,1";"12,03";"15,7"
"2024-08-23 00:00";"0,000";"1,59";"16,7";"12,07";"14,5"
"2024-08-23 01:00";"0,000";"1,6";"16,7";"12,03";"14,4"
"2024-08-23 02:00";"0,000";"1,69";"17,2";"12,000";"14,2"
"2024-08-23 03:00";"0,000";"1,76";"17,8";"11,59";"12,7"
"2024-08-23 04:00";"0,000";"1,73";"18,1";"8,64";"10,8"
"2024-08-23 05:00";"0,000";"1,85";"17,8";"8,000";"9,8"
"2024-08-23 06:00";"0,07";"1,25";"17,3";"2,51";"9,2"
"2024-08-23 07:00";"0,04";"3,47";"17,000";"0,24";"9,4"
"2024-08-23 08:00";"0,000";"4,65";"17,3";"0,34";"10,5"
"2024-08-23 09:00";"0,01";"9,38";"17,4";"0,08";"12,4"
"2024-08-23 10:00";"0,87";"6,42";"17,7";"0,31";"16,6"
"2024-08-23 11:00";"1,91";"4,63";"18,9";"0,37";"18,2"
"2024-08-23 12:00";"1,09";"3,55";"19,7";"5,47";"19,7"
"2024-08-23 13:00";"0,02";"9,45";"20,4";"7,87";"19,9"
"2024-08-23 14:00";"0,5";"5,83";"20,7";"0,29";"19,8"
"2024-08-23 15:00";"0,39";"5,51";"21,8";"0,01";"20,3"
"2024-08-23 16:00";"0,08";"4,13";"21,9";"0,000";"20,8"
"2024-08-23 17:00";"0,08";"2,13";"21,8";"2,17";"21,1"
"2024-08-23 18:00";"0,02";"3,43";"20,8";"3,71";"18,3"
"2024-08-23 19:00";"0,000";"4,46";"20,2";"9,51";"16,5"
"2024-08-23 20:00";"0,000";"3,55";"19,6";"7,56";"17,1"
"2024-08-23 21:00";"0,000";"8,71";"18,5";"8,45";"16,9"
"2024-08-23 22:00";"0,000";"8,4";"17,2";"5,34";"17,4"
"2024-08-23 23:00";"0,000";"5,91";"16,6";"5,3";"17,1"
"2024-08-24 00:00";"0,000";"5,39";"16,3";"5,38";"16,9"
"2024-08-24 01:00";"0,000";"5,76";"15,8";"5,86";"16,5"
"2024-08-24 02:00";"0,000";"5,57";"15,5";"7,66";"15,000"
"2024-08-24 03:00";"0,000";"5,49";"15,1";"3,69";"14,2"
"2024-08-24 04:00";"0,000";"4,71";"14,8";"1,82";"13,2"
"2024-08-24 05:00";"0,000";"2,52";"14,8";"1,77";"12,6"
"2024-08-24 06:00";"0,000";"1,13";"13,9";"0,97";"12,2"
"2024-08-24 07:00";"0,02";"0,87";"12,4";"4,38";"11,8"
"2024-08-24 08:00";"2,72";"0,000";"14,5";"7,81";"12,3"
"2024-08-24 09:00";"6,78";"0,09";"16,8";"1,49";"15,2"
"2024-08-24 10:00";"5,57";"0,33";"18,3";"2,07";"16,3"
"2024-08-24 11:00";"2,51";"4,38";"19,4";"1,11";"17,4"
"2024-08-24 12:00";"9,84";"0,21";"19,7";"0,06";"18,3"
"2024-08-24 13:00";"13,11";"0,03";"20,2";"0,01";"19,1"
"2024-08-24 14:00";"12,88";"0,000";"20,8";"0,56";"20,000"
"2024-08-24 15:00";"17,86";"0,000";"22,1";"0,000";"20,6"
"2024-08-24 16:00";"8,92";"0,000";"23,3";"0,000";"20,7"
"2024-08-24 17:00";"3,82";"0,35";"23,8";"0,000";"20,2"
"2024-08-24 18:00";"1,64";"0,54";"24,1";"0,65";"19,6"
"2024-08-24 19:00";"0,29";"0,34";"24,6";"0,62";"19,3"
"2024-08-24 20:00";"0,000";"9,42";"23,000";"1,9";"18,1"
"2024-08-24 21:00";"0,000";"18,02";"21,8";"1,83";"16,9"
"2024-08-24 22:00";"0,000";"5,42";"21,1";"2,37";"15,9"
"2024-08-24 23:00";"0,000";"5,36";"21,000";"5,09";"15,7"
"2024-08-25 00:00";"0,000";"5,32";"21,2";"5,11";"15,3"
"2024-08-25 01:00";"0,000";"5,25";"21,6";"5,11";"15,3"
"2024-08-25 02:00";"0,000";"5,24";"22,000";"5,1";"15,1"
"2024-08-25 03:00";"0,000";"5,28";"22,7";"5,07";"15,2"
"2024-08-25 04:00";"0,000";"5,18";"20,8";"5,13";"15,4"
"2024-08-25 05:00";"0,000";"5,1";"18,7";"5,1";"15,5"
"2024-08-25 06:00";"0,000";"4,69";"17,9";"3,05";"13,8"
"2024-08-25 07:00";"0,000";"3,81";"17,1";"4,16";"13,6"
"2024-08-25 08:00";"0,22";"1,97";"17,2";"1,19";"13,8"
"2024-08-25 09:00";"0,08";"1,48";"17,5";"0,06";"14,1"
"2024-08-25 10:00";"2,25";"1,000";"16,9";"4,53";"15,7"
"2024-08-25 11:00";"3,15";"2,36";"16,4";"1,6";"19,000"
"2024-08-25 12:00";"4,55";"3,45";"17,3";"6,42";"20,000"
"2024-08-25 13:00";"8,57";"2,23";"18,000";"0,000";"20,000"
"2024-08-25 14:00";"4,25";"4,17";"18,8";"0,000";"20,9"
"2024-08-25 15:00";"1,7";"6,11";"19,1";"0,000";"21,2"
"2024-08-25 16:00";"7,38";"0,59";"19,3";"0,59";"21,1"
"2024-08-25 17:00";"1,000";"3,49";"19,7";"8,86";"21,3"
"2024-08-25 18:00";"1,15";"1,55";"19,3";"8,33";"21,4"
"2024-08-25 19:00";"0,000";"25,5";"19,000";"6,03";"20,9"
"2024-08-25 20:00";"0,000";"14,41";"18,000";"27,02";"19,4"
"2024-08-25 21:00";"0,000";"17,22";"17,1";"14,93";"17,7"
"2024-08-25 22:00";"0,000";"11,99";"16,5";"5,17";"17,7"
"2024-08-25 23:00";"0,000";"11,77";"15,5";"5,21";"17,3"
"2024-08-26 00:00";"0,000";"11,77";"15,1";"5,21";"16,1"
"2024-08-26 01:00";"0,000";"11,79";"13,2";"8,12";"16,4"
"2024-08-26 02:00";"0,000";"11,84";"12,8";"8,77";"16,7"
"2024-08-26 03:00";"0,000";"9,48";"12,5";"8,77";"16,3"
"2024-08-26 04:00";"0,000";"8,36";"12,5";"10,49";"15,6"
"2024-08-26 05:00";"0,000";"8,36";"12,5";"8,29";"14,3"
"2024-08-26 06:00";"0,000";"4,97";"12,7";"5,37";"13,5"
"2024-08-26 07:00";"0,000";"6,28";"12,9";"3,99";"13,4"
"2024-08-26 08:00";"0,02";"4,49";"14,8";"2,94";"13,2"
"2024-08-26 09:00";"2,38";"0,92";"17,1";"1,95";"13,3"
"2024-08-26 10:00";"2,44";"2,43";"18,6";"2,51";"16,5"
"2024-08-26 11:00";"10,02";"0,95";"19,7";"0,000";"17,4"
"2024-08-26 12:00";"14,69";"0,23";"20,2";"0,000";"19,2"
"2024-08-26 13:00";"14,92";"0,27";"20,5";"0,000";"21,2"
"2024-08-26 14:00";"19,44";"0,000";"20,8";"0,46";"21,3"
"2024-08-26 15:00";"18,92";"0,000";"21,000";"0,12";"21,7"
"2024-08-26 16:00";"11,92";"0,000";"21,1";"0,000";"21,6"
"2024-08-26 17:00";"2,63";"2,48";"21,000";"0,01";"20,9"
"2024-08-26 18:00";"3,38";"0,000";"20,6";"0,18";"20,6"
"2024-08-26 19:00";"0,13";"4,85";"19,9";"6,48";"19,3"
"2024-08-26 20:00";"0,000";"2,77";"19,000";"8,52";"17,6"
"2024-08-26 21:00";"0,000";"10,6";"17,7";"8,55";"15,3"
"2024-08-26 22:00";"0,000";"10,81";"16,8";"6,76";"15,8"
"2024-08-26 23:00";"0,000";"6,21";"15,000";"6,64";"15,5"
"2024-08-27 00:00";"0,000";"5,28";"15,9";"8,45";"14,9"
"2024-08-27 01:00";"0,000";"5,29";"14,4";"8,52";"13,9"
"2024-08-27 02:00";"0,000";"5,26";"13,8";"8,56";"12,000"
"2024-08-27 03:00";"0,000";"5,32";"13,5";"8,49";"11,1"
"2024-08-27 04:00";"0,000";"5,38";"13,1";"8,53";"9,3"
"2024-08-27 05:00";"0,000";"5,42";"13,1";"8,49";"8,3"
"2024-08-27 06:00";"0,000";"7,79";"13,1";"7,67";"8,000"
"2024-08-27 07:00";"0,000";"12,56";"13,1";"6,1";"8,4"
"2024-08-27 08:00";"0,07";"4,83";"14,9";"3,86";"9,8"
"2024-08-27 09:00";"1,96";"2,44";"17,1";"0,42";"13,2"
"2024-08-27 10:00";"2,96";"1,83";"19,000";"0,000";"16,3"
"2024-08-27 11:00";"15,37";"0,000";"19,6";"0,000";"17,5"
"2024-08-27 12:00";"9,88";"0,51";"20,2";"0,05";"18,7"
"2024-08-27 13:00";"14,95";"0,42";"21,000";"0,99";"19,5"
"2024-08-27 14:00";"15,68";"0,000";"21,5";"6,01";"19,9"
"2024-08-27 15:00";"14,55";"0,000";"22,1";"6,41";"19,2"
"2024-08-27 16:00";"12,33";"0,000";"22,4";"2,35";"18,4"
"2024-08-27 17:00";"7,36";"0,000";"22,3";"18,69";"18,1"
"2024-08-27 18:00";"2,22";"0,08";"22,2";"11,89";"18,4"
"2024-08-27 19:00";"0,000";"3,32";"22,000";"17,31";"18,000"
"2024-08-27 20:00";"0,000";"5,54";"20,5";"11,13";"16,6"
"2024-08-27 21:00";"0,000";"5,28";"18,1";"12,94";"14,2"
"2024-08-27 22:00";"0,000";"5,21";"16,7";"5,24";"14,000"
"2024-08-27 23:00";"0,000";"4,65";"16,4";"5,29";"13,000"
"2024-08-28 00:00";"0,000";"1,99";"16,1";"5,35";"12,5"
"2024-08-28 01:00";"0,000";"1,61";"16,2";"5,3";"11,7"
"2024-08-28 02:00";"0,000";"1,62";"16,3";"5,34";"10,2"
"2024-08-28 03:00";"0,000";"1,67";"16,4";"5,32";"9,7"
"2024-08-28 04:00";"0,000";"1,66";"16,4";"5,45";"9,6"
"2024-08-28 05:00";"0,000";"1,84";"16,4";"5,44";"9,4"
"2024-08-28 06:00";"0,000";"1,26";"16,3";"4,61";"9,6"
"2024-08-28 07:00";"0,000";"0,84";"16,4";"6,93";"10,8"
"2024-08-28 08:00";"1,24";"0,52";"17,4";"4,89";"13,2"
"2024-08-28 09:00";"1,54";"4,45";"19,5";"9,92";"13,9"
"2024-08-28 10:00";"5,04";"1,19";"22,1";"3,27";"15,5"
"2024-08-28 11:00";"15,85";"0,000";"23,3";"1,18";"16,8"
"2024-08-28 12:00";"19,18";"0,000";"24,2";"5,000";"17,1"
"2024-08-28 13:00";"20,04";"0,000";"24,6";"0,92";"18,000"
"2024-08-28 14:00";"17,27";"0,000";"24,8";"1,04";"17,6"
"2024-08-28 15:00";"14,38";"0,000";"24,8";"0,3";"16,2"
"2024-08-28 16:00";"12,99";"0,000";"25,000";"0,02";"18,3"
"2024-08-28 17:00";"8,57";"0,000";"25,000";"0,65";"19,000"
"2024-08-28 18:00";"3,25";"4,7";"24,3";"6,06";"18,7"
"2024-08-28 19:00";"0,000";"15,76";"22,6";"10,39";"18,5"
"2024-08-28 20:00";"0,000";"6,65";"21,000";"9,62";"17,3"
"2024-08-28 21:00";"0,000";"14,17";"19,6";"14,91";"14,6"
"2024-08-28 22:00";"0,000";"6,05";"18,9";"14,74";"12,8"
"2024-08-28 23:00";"0,000";"4,85";"18,5";"8,99";"12,1"
"2024-08-29 00:00";"0,000";"4,88";"18,4";"5,96";"11,1"
"2024-08-29 01:00";"0,000";"4,83";"18,6";"5,51";"11,1"
"2024-08-29 02:00";"0,000";"4,88";"18,7";"5,59";"10,3"
"2024-08-29 03:00";"0,000";"4,89";"18,8";"5,62";"9,7"
"2024-08-29 04:00";"0,000";"4,85";"19,000";"5,59";"8,6"
"2024-08-29 05:00";"0,000";"5,000";"19,000";"5,7";"7,7"
"2024-08-29 06:00";"0,000";"4,52";"19,1";"5,06";"6,6"
"2024-08-29 07:00";"0,000";"5,15";"19,2";"8,43";"6,000"
"2024-08-29 08:00";"0,3";"1,54";"19,7";"3,32";"6,4"
"2024-08-29 09:00";"2,54";"0,14";"21,000";"0,87";"8,9"
"2024-08-29 10:00";"6,13";"0,02";"23,3";"0,23";"13,1"
"2024-08-29 11:00";"10,87";"0,000";"25,1";"0,6";"15,2"
"2024-08-29 12:00";"10,21";"0,02";"26,4";"1,22";"17,1"
"2024-08-29 13:00";"18,3";"0,000";"27,5";"1,18";"17,1"
"2024-08-29 14:00";"13,08";"0,000";"28,7";"1,54";"16,8"
"2024-08-29 15:00";"10,31";"0,34";"29,6";"3,67";"17,000"
"2024-08-29 16:00";"6,78";"0,000";"29,7";"2,1";"17,3"
"2024-08-29 17:00";"0,79";"5,27";"27,9";"0,44";"17,4"
"2024-08-29 18:00";"0,02";"4,38";"27,5";"0,32";"17,1"
"2024-08-29 19:00";"0,000";"12,06";"26,8";"1,13";"16,9"
"2024-08-29 20:00";"0,000";"15,35";"25,1";"12,58";"16,2"
"2024-08-29 21:00";"0,000";"16,06";"23,000";"22,76";"15,000"
"2024-08-29 22:00";"0,000";"5,52";"22,3";"6,86";"14,7"
"2024-08-29 23:00";"0,000";"5,19";"21,7";"5,29";"13,7"
"2024-08-30 00:00";"0,000";"5,18";"21,1";"5,3";"12,3"
"2024-08-30 01:00";"0,000";"5,13";"20,000";"5,25";"11,8"
"2024-08-30 02:00";"0,000";"5,05";"18,6";"5,78";"11,3"
"2024-08-30 03:00";"0,000";"5,12";"18,2";"5,34";"11,6"
"2024-08-30 04:00";"0,000";"4,71";"18,6";"4,71";"11,1"
"2024-08-30 05:00";"0,000";"1,74";"18,1";"2,02";"11,2"
"2024-08-30 06:00";"0,000";"1,08";"17,2";"2,62";"10,7"
"2024-08-30 07:00";"0,07";"2,42";"16,6";"1,59";"9,2"
"2024-08-30 08:00";"0,08";"3,64";"16,9";"3,64";"8,9"
"2024-08-30 09:00";"0,02";"8,27";"17,1";"3,74";"11,8"
"2024-08-30 10:00";"0,55";"7,24";"17,8";"5,04";"16,5"
"2024-08-30 11:00";"1,11";"3,27";"18,5";"0,000";"17,3"
"2024-08-30 12:00";"0,03";"8,94";"17,9";"0,000";"18,2"
"2024-08-30 13:00";"2,38";"3,05";"17,2";"0,000";"18,1"
"2024-08-30 14:00";"8,95";"0,28";"17,8";"0,000";"18,7"
"2024-08-30 15:00";"11,26";"0,000";"19,000";"0,01";"19,4"
"2024-08-30 16:00";"4,45";"1,79";"19,8";"0,000";"19,5"
"2024-08-30 17:00";"1,89";"0,12";"19,8";"0,000";"18,8"
"2024-08-30 18:00";"0,42";"1,72";"19,7";"15,14";"18,2"
"2024-08-30 19:00";"0,000";"14,45";"19,2";"12,18";"17,6"
"2024-08-30 20:00";"0,000";"7,79";"17,9";"15,39";"16,8"
"2024-08-30 21:00";"0,000";"5,23";"15,1";"14,29";"14,8"
"2024-08-30 22:00";"0,000";"5,58";"13,1";"9,56";"13,8"
"2024-08-30 23:00";"0,000";"3,31";"12,3";"5,98";"13,4"
"2024-08-31 00:00";"0,000";"1,64";"12,6";"3,77";"12,4"
"2024-08-31 01:00";"0,000";"1,62";"12,5";"1,93";"11,2"
"2024-08-31 02:00";"0,000";"1,57";"12,7";"2,03";"11,6"
"2024-08-31 03:00";"0,000";"1,75";"12,7";"3,71";"11,2"
"2024-08-31 04:00";"0,000";"3,58";"12,000";"2,06";"11,1"
"2024-08-31 05:00";"0,000";"2,68";"11,5";"2,1";"11,2"
"2024-08-31 06:00";"0,000";"1,08";"11,3";"1,47";"10,9"
"2024-08-31 07:00";"0,13";"0,22";"10,4";"1,48";"11,4"
"2024-08-31 08:00";"1,57";"1,15";"12,000";"2,23";"12,9"
"2024-08-31 09:00";"2,08";"6,52";"15,000";"1,84";"15,5"
"2024-08-31 10:00";"1,23";"4,34";"16,6";"6,54";"16,4"
"2024-08-31 11:00";"4,34";"1,22";"17,4";"12,71";"17,3"
"2024-08-31 12:00";"19,12";"0,000";"18,2";"13,28";"16,6"
"2024-08-31 13:00";"22,19";"0,000";"19,000";"11,77";"12,3"
"2024-08-31 14:00";"22,11";"0,000";"19,4";"10,77";"12,3"
"2024-08-31 15:00";"18,88";"0,000";"19,5";"6,23";"12,3"
"2024-08-31 16:00";"14,96";"0,000";"19,7";"5,89";"13,000"
"2024-08-31 17:00";"8,2";"0,000";"20,1";"9,98";"13,4"
"2024-08-31 18:00";"3,34";"0,000";"19,8";"8,27";"12,9"
"2024-08-31 19:00";"0,09";"1,01";"19,1";"6,73";"12,4"
"2024-08-31 20:00";"0,000";"2,47";"17,1";"16,21";"12,1"
"2024-08-31 21:00";"0,000";"2,97";"15,1";"15,71";"11,4"
"2024-08-31 22:00";"0,000";"4,93";"13,9";"10,46";"10,7"
"2024-08-31 23:00";"0,000";"4,78";"13,9";"9,02";"9,9"
"2024-09-01 00:00";"0,000";"4,82";"13,5";"9,43";"8,9"
"2024-09-01 01:00";"0,000";"4,86";"12,6";"9,57";"8,3"
"2024-09-01 02:00";"0,000";"4,86";"11,7";"9,16";"8,1"
"2024-09-01 03:00";"0,000";"4,94";"10,8";"9,7";"7,9"
"2024-09-01 04:00";"0,000";"4,94";"9,4";"9,14";"8,1"
"2024-09-01 05:00";"0,000";"4,93";"9,1";"9,59";"8,5"
"2024-09-01 06:00";"0,000";"4,26";"9,1";"8,82";"8,3"
"2024-09-01 07:00";"0,000";"3,15";"9,1";"11,67";"8,3"
"2024-09-01 08:00";"0,32";"1,68";"10,7";"6,33";"9,9"
"2024-09-01 09:00";"2,19";"0,2";"14,9";"10,36";"10,7"
"2024-09-01 10:00";"3,000";"0,68";"17,7";"10,31";"12,7"
"2024-09-01 11:00";"4,11";"0,31";"19,1";"1,65";"14,1"
"2024-09-01 12:00";"2,94";"2,53";"19,7";"2,47";"15,6"
"2024-09-01 13:00";"8,03";"0,17";"20,000";"6,12";"17,6"
"2024-09-01 14:00";"6,99";"0,26";"20,9";"0,83";"18,8"
"2024-09-01 15:00";"11,06";"0,000";"21,6";"0,51";"19,2"
"2024-09-01 16:00";"0,000";"5,99";"22,1";"0,19";"19,5"
"2024-09-01 17:00";"0,000";"32,55";"21,7";"0,000";"19,9"
"2024-09-01 18:00";"0,000";"16,12";"20,8";"7,72";"19,8"
"2024-09-01 19:00";"0,000";"23,09";"19,9";"5,25";"19,3"
"2024-09-01 20:00";"0,000";"17,87";"18,1";"5,58";"17,2"
"2024-09-01 21:00";"0,000";"16,24";"15,7";"5,68";"15,3"
"2024-09-01 22:00";"0,000";"8,54";"14,4";"5,67";"14,1"
"2024-09-01 23:00";"0,000";"8,1";"13,4";"5,67";"12,8"
"2024-09-02 00:00";"0,000";"5,13";"12,3";"5,62";"12,2"
"2024-09-02 01:00";"0,000";"5,13";"12,000";"5,72";"11,4"
"2024-09-02 02:00";"0,000";"5,17";"11,1";"5,67";"10,3"
"2024-09-02 03:00";"0,000";"5,23";"10,9";"5,73";"9,3"
"2024-09-02 04:00";"0,000";"5,26";"10,8";"5,7";"8,6"
"2024-09-02 05:00";"0,000";"5,3";"10,3";"5,83";"8,000"
"2024-09-02 06:00";"0,000";"4,9";"9,5";"5,26";"8,2"
"2024-09-02 07:00";"0,000";"3,72";"9,9";"3,18";"9,000"
"2024-09-02 08:00";"1,29";"1,32";"12,5";"1,18";"9,3"
"2024-09-02 09:00";"2,72";"2,11";"16,3";"2,5";"10,7"
"2024-09-02 10:00";"3,72";"1,15";"18,1";"1,82";"14,4"
"2024-09-02 11:00";"16,88";"0,000";"19,000";"0,03";"16,2"
"2024-09-02 12:00";"19,32";"0,000";"20,6";"0,000";"17,5"
"2024-09-02 13:00";"10,87";"0,04";"21,7";"0,02";"18,7"
"2024-09-02 14:00";"4,81";"0,13";"22,6";"0,000";"19,6"
"2024-09-02 15:00";"3,46";"3,71";"21,7";"0,000";"20,7"
"2024-09-02 16:00";"0,86";"5,96";"20,9";"0,000";"20,9"
"2024-09-02 17:00";"3,64";"0,03";"20,5";"2,58";"20,8"
"2024-09-02 18:00";"0,24";"2,1";"20,3";"7,94";"20,2"
"2024-09-02 19:00";"0,000";"7,61";"19,8";"15,42";"19,4"
"2024-09-02 20:00";"0,000";"9,37";"19,000";"12,73";"17,8"
"2024-09-02 21:00";"0,000";"5,26";"17,7";"13,46";"15,4"
"2024-09-02 22:00";"0,000";"5,18";"16,7";"10,2";"14,5"
"2024-09-02 23:00";"0,000";"5,11";"16,2";"9,33";"14,4"
"2024-09-03 00:00";"0,000";"4,01";"15,7";"9,23";"14,8"
"2024-09-03 01:00";"0,000";"1,93";"15,7";"8,1";"14,000"
"2024-09-03 02:00";"0,000";"4,17";"15,7";"5,79";"14,2"
"2024-09-03 03:00";"0,000";"1,63";"15,9";"5,54";"14,000"
"2024-09-03 04:00";"0,000";"1,67";"16,000";"5,64";"14,000"
"2024-09-03 05:00";"0,000";"1,84";"16,000";"4,61";"14,000"
"2024-09-03 06:00";"0,000";"1,41";"16,3";"2,09";"14,2"
"2024-09-03 07:00";"0,000";"3,71";"16,4";"1,03";"14,2"
"2024-09-03 08:00";"0,64";"2,48";"17,3";"0,000";"14,5"
"2024-09-03 09:00";"2,23";"2,06";"18,4";"0,000";"15,4"
"2024-09-03 10:00";"4,05";"3,6";"20,1";"0,000";"16,2"
"2024-09-03 11:00";"11,45";"0,52";"21,6";"0,17";"16,5"
"2024-09-03 12:00";"3,35";"4,61";"23,4";"3,06";"17,000"
"2024-09-03 13:00";"7,91";"3,71";"25,5";"2,27";"17,5"
"2024-09-03 14:00";"12,72";"0,000";"26,2";"1,04";"17,7"
"2024-09-03 15:00";"13,32";"0,000";"26,6";"1,87";"17,4"
"2024-09-03 16:00";"8,64";"0,000";"26,5";"0,52";"17,4"
"2024-09-03 17:00";"3,66";"0,000";"26,1";"5,48";"17,5"
"2024-09-03 18:00";"0,04";"4,73";"25,1";"19,48";"17,7"
"2024-09-03 19:00";"0,000";"8,23";"23,5";"15,04";"17,6"
"2024-09-03 20:00";"0,000";"16,08";"21,6";"15,14";"16,9"
"2024-09-03 21:00";"0,000";"12,38";"20,2";"15,6";"15,1"
"2024-09-03 22:00";"0,000";"12,24";"20,000";"8,35";"14,9"
"2024-09-03 23:00";"0,000";"12,05";"20,1";"8,95";"15,5"
"2024-09-04 00:00";"0,000";"12,000";"20,1";"8,87";"16,6"
"2024-09-04 01:00";"0,000";"11,97";"20,1";"6,39";"16,3"
"2024-09-04 02:00";"0,000";"11,29";"20,2";"5,34";"15,2"
"2024-09-04 03:00";"0,000";"8,46";"20,3";"5,36";"14,8"
"2024-09-04 04:00";"0,000";"5,92";"20,5";"5,31";"14,7"
"2024-09-04 05:00";"0,000";"4,99";"20,8";"5,35";"14,5"
"2024-09-04 06:00";"0,000";"4,64";"20,7";"5,38";"13,9"
"2024-09-04 07:00";"0,000";"2,5";"21,1";"7,79";"13,8"
"2024-09-04 08:00";"1,000";"0,65";"21,5";"2,6";"14,4"
"2024-09-04 09:00";"2,25";"0,52";"22,3";"4,56";"15,2"
"2024-09-04 10:00";"4,23";"2,62";"24,2";"6,95";"16,8"
"2024-09-04 11:00";"13,69";"0,000";"25,6";"0,43";"18,3"
"2024-09-04 12:00";"15,45";"0,000";"26,5";"0,02";"19,6"
"2024-09-04 13:00";"12,35";"0,05";"28,2";"0,000";"20,8"
"2024-09-04 14:00";"15,9";"0,000";"29,5";"0,000";"21,6"
"2024-09-04 15:00";"13,09";"0,000";"30,4";"0,000";"22,2"
"2024-09-04 16:00";"5,6";"1,5";"30,6";"0,000";"22,8"
"2024-09-04 17:00";"5,63";"0,000";"30,4";"0,000";"23,1"
"2024-09-04 18:00";"1,7";"0,12";"29,000";"0,14";"23,000"
"2024-09-04 19:00";"0,000";"1,17";"27,000";"1,22";"22,4"
"2024-09-04 20:00";"0,000";"1,91";"24,6";"2,42";"20,4"
"2024-09-04 21:00";"0,000";"1,8";"22,3";"3,85";"17,2"
"2024-09-04 22:00";"0,000";"1,79";"21,1";"4,1";"16,7"
"2024-09-04 23:00";"0,000";"1,7";"20,5";"1,86";"16,000"
"2024-09-05 00:00";"0,000";"1,74";"20,000";"1,77";"14,9"
"2024-09-05 01:00";"0,000";"1,72";"19,7";"1,76";"13,5"
"2024-09-05 02:00";"0,000";"1,72";"19,4";"1,74";"11,6"
"2024-09-05 03:00";"0,000";"1,7";"19,3";"1,83";"10,5"
"2024-09-05 04:00";"0,000";"1,73";"19,5";"1,94";"9,3"
"2024-09-05 05:00";"0,000";"1,91";"19,6";"1,86";"8,3"
"2024-09-05 06:00";"0,000";"1,51";"19,2";"1,43";"7,6"
"2024-09-05 07:00";"0,000";"3,28";"19,3";"4,18";"7,8"
"2024-09-05 08:00";"0,000";"7,67";"19,7";"2,8";"9,2"
"2024-09-05 09:00";"0,6";"3,06";"20,8";"4,91";"10,9"
"2024-09-05 10:00";"1,43";"1,33";"22,5";"0,000";"15,4"
"2024-09-05 11:00";"12,84";"0,000";"24,3";"0,000";"20,5"
"2024-09-05 12:00";"15,93";"0,000";"25,7";"0,000";"22,2"
"2024-09-05 13:00";"18,42";"0,000";"26,5";"0,000";"22,8"
"2024-09-05 14:00";"18,15";"0,000";"26,9";"0,000";"23,4"
"2024-09-05 15:00";"16,38";"0,000";"26,8";"0,000";"23,5"
"2024-09-05 16:00";"12,05";"0,000";"26,9";"0,000";"23,8"
"2024-09-05 17:00";"6,07";"0,000";"26,4";"0,36";"23,8"
"2024-09-05 18:00";"0,12";"2,36";"24,7";"14,49";"23,8"
"2024-09-05 19:00";"0,000";"8,2";"23,3";"7,14";"22,7"
"2024-09-05 20:00";"0,000";"15,3";"21,6";"24,48";"20,3"
"2024-09-05 21:00";"0,000";"12,57";"20,7";"17,09";"17,5"
"2024-09-05 22:00";"0,000";"12,42";"20,3";"5,64";"16,3"
"2024-09-05 23:00";"0,000";"12,41";"20,4";"2,08";"14,3"
"2024-09-06 00:00";"0,000";"11,27";"20,4";"1,73";"12,5"
"2024-09-06 01:00";"0,000";"11,79";"20,4";"1,77";"10,8"
"2024-09-06 02:00";"0,000";"11,8";"20,3";"1,74";"9,2"
"2024-09-06 03:00";"0,000";"11,84";"19,9";"1,81";"8,1"
"2024-09-06 04:00";"0,000";"9,46";"19,8";"1,84";"7,6"
"2024-09-06 05:00";"0,000";"1,88";"19,4";"1,9";"6,5"
"2024-09-06 06:00";"0,000";"1,49";"19,2";"1,36";"6,1"
"2024-09-06 07:00";"0,000";"2,13";"18,9";"3,53";"6,1"
"2024-09-06 08:00";"0,44";"3,71";"19,3";"6,35";"7,7"
"2024-09-06 09:00";"0,35";"10,75";"20,6";"3,1";"10,000"
"2024-09-06 10:00";"2,59";"2,02";"22,2";"0,29";"16,2"
"2024-09-06 11:00";"14,46";"0,000";"24,000";"0,000";"21,3"
"2024-09-06 12:00";"11,25";"0,000";"25,000";"0,000";"22,6"
"2024-09-06 13:00";"13,33";"0,000";"25,3";"0,000";"23,7"
"2024-09-06 14:00";"16,81";"0,000";"25,4";"0,000";"24,6"
"2024-09-06 15:00";"14,16";"0,000";"25,2";"0,000";"24,7"
"2024-09-06 16:00";"11,000";"0,000";"24,9";"0,66";"23,2"
"2024-09-06 17:00";"6,52";"0,000";"24,6";"0,1";"22,7"
"2024-09-06 18:00";"1,84";"0,000";"24,1";"1,77";"22,1"
"2024-09-06 19:00";"0,000";"2,18";"22,9";"2,39";"21,000"
"2024-09-06 20:00";"0,000";"4,37";"21,2";"9,94";"18,5"
"2024-09-06 21:00";"0,000";"12,16";"19,9";"6,15";"15,8"
"2024-09-06 22:00";"0,000";"3,39";"19,3";"5,29";"15,2"
"2024-09-06 23:00";"0,000";"1,68";"18,9";"5,22";"15,6"
"2024-09-07 00:00";"0,000";"1,63";"19,000";"5,14";"15,8"
"2024-09-07 01:00";"0,000";"1,7";"18,9";"5,16";"15,9"
"2024-09-07 02:00";"0,000";"1,69";"19,1";"5,11";"15,6"
"2024-09-07 03:00";"0,000";"1,7";"19,000";"2,39";"15,5"
"2024-09-07 04:00";"0,000";"1,65";"18,9";"1,73";"15,3"
"2024-09-07 05:00";"0,000";"1,61";"18,9";"1,82";"15,3"
"2024-09-07 06:00";"0,000";"1,17";"18,7";"1,54";"15,4"
"2024-09-07 07:00";"0,4";"0,08";"18,7";"3,96";"15,6"
"2024-09-07 08:00";"2,66";"0,000";"19,2";"5,54";"15,8"
"2024-09-07 09:00";"6,26";"0,000";"20,1";"4,03";"16,4"
"2024-09-07 10:00";"7,56";"0,2";"22,1";"1,19";"17,2"
"2024-09-07 11:00";"4,4";"4,11";"23,4";"0,000";"18,6"
"2024-09-07 12:00";"5,79";"2,24";"24,9";"0,000";"20,1"
"2024-09-07 13:00";"18,01";"0,000";"26,2";"0,000";"21,5"
"2024-09-07 14:00";"18,73";"0,000";"27,3";"0,000";"22,6"
"2024-09-07 15:00";"15,79";"0,000";"28,2";"0,000";"23,2"
"2024-09-07 16:00";"7,59";"0,62";"27,9";"0,000";"23,1"
"2024-09-07 17:00";"0,03";"8,03";"27,1";"0,000";"22,4"
"2024-09-07 18:00";"0,000";"10,2";"26,000";"1,51";"21,7"
"2024-09-07 19:00";"0,000";"4,66";"24,1";"2,41";"20,4"
"2024-09-07 20:00";"0,000";"6,99";"22,3";"9,8";"18,6"
"2024-09-07 21:00";"0,000";"15,31";"20,5";"13,02";"16,7"
"2024-09-07 22:00";"0,000";"6,000";"19,7";"10,53";"15,2"
"2024-09-07 23:00";"0,000";"7,22";"19,3";"8,64";"14,2"
"2024-09-08 00:00";"0,000";"8,53";"19,3";"8,27";"13,4"
"2024-09-08 01:00";"0,000";"8,5";"19,9";"5,61";"12,9"
"2024-09-08 02:00";"0,000";"8,45";"19,7";"5,02";"11,7"
"2024-09-08 03:00";"0,000";"8,51";"19,7";"5,09";"10,1"
"2024-09-08 04:00";"0,000";"8,51";"19,8";"5,1";"9,4"
"2024-09-08 05:00";"0,000";"8,57";"19,7";"5,1";"8,6"
"2024-09-08 06:00";"0,000";"8,000";"19,7";"4,75";"8,3"
"2024-09-08 07:00";"0,000";"6,83";"19,7";"5,16";"8,3"
"2024-09-08 08:00";"0,000";"5,71";"20,1";"1,37";"9,4"
"2024-09-08 09:00";"0,01";"2,98";"21,6";"2,37";"11,3"
"2024-09-08 10:00";"2,96";"1,72";"23,2";"2,41";"18,3"
"2024-09-08 11:00";"9,45";"0,01";"24,9";"0,000";"21,000"
"2024-09-08 12:00";"15,52";"0,000";"26,6";"0,000";"23,4"
"2024-09-08 13:00";"11,14";"0,000";"28,1";"0,000";"25,3"
"2024-09-08 14:00";"11,55";"0,03";"28,9";"0,000";"26,1"
"2024-09-08 15:00";"12,04";"0,000";"28,9";"0,000";"26,2"
"2024-09-08 16:00";"8,19";"0,000";"28,8";"0,000";"26,000"
"2024-09-08 17:00";"1,77";"0,12";"28,3";"0,23";"25,2"
"2024-09-08 18:00";"0,000";"7,06";"27,6";"3,74";"24,6"
"2024-09-08 19:00";"0,000";"14,28";"25,7";"13,23";"23,4"
"2024-09-08 20:00";"0,000";"14,65";"23,9";"11,9";"21,1"
"2024-09-08 21:00";"0,000";"12,38";"23,4";"1,88";"20,1"
"2024-09-08 22:00";"0,000";"12,23";"23,3";"7,4";"19,3"
"2024-09-08 23:00";"0,000";"12,09";"22,8";"8,24";"18,6"
"2024-09-09 00:00";"0,000";"9,21";"22,5";"8,05";"17,7"
"2024-09-09 01:00";"0,000";"8,7";"23,000";"4,98";"17,4"
"2024-09-09 02:00";"0,000";"8,68";"22,8";"7,28";"17,1"
"2024-09-09 03:00";"0,000";"8,67";"22,7";"8,38";"17,1"
"2024-09-09 04:00";"0,000";"8,61";"21,9";"8,31";"17,1"
"2024-09-09 05:00";"0,000";"8,67";"21,6";"8,23";"16,6"
"2024-09-09 06:00";"0,000";"8,72";"21,3";"7,87";"16,2"
"2024-09-09 07:00";"0,000";"6,83";"21,000";"7,12";"16,2"
"2024-09-09 08:00";"0,27";"1,62";"20,9";"2,15";"16,9"
"2024-09-09 09:00";"0,3";"6,92";"21,2";"0,000";"18,7"
"2024-09-09 10:00";"0,46";"5,09";"21,6";"0,000";"20,5"
"2024-09-09 11:00";"0,19";"0,99";"22,000";"0,000";"22,4"
"2024-09-09 12:00";"0,000";"4,9";"21,5";"0,000";"23,9"
"2024-09-09 13:00";"1,42";"0,66";"19,6";"0,000";"25,1"
"2024-09-09 14:00";"0,19";"2,11";"18,7";"0,000";"25,7"
"2024-09-09 15:00";"0,000";"6,15";"18,6";"0,000";"26,2"
"2024-09-09 16:00";"0,000";"13,77";"18,000";"0,000";"26,4"
"2024-09-09 17:00";"0,000";"6,93";"17,5";"1,94";"26,5"
"2024-09-09 18:00";"0,000";"5,47";"16,8";"6,64";"26,000"
"2024-09-09 19:00";"0,000";"6,25";"16,7";"1,31";"24,1"
"2024-09-09 20:00";"0,000";"7,11";"16,3";"3,81";"21,1"
"2024-09-09 21:00";"0,000";"9,63";"15,8";"5,02";"18,9"
"2024-09-09 22:00";"0,000";"5,38";"16,000";"7,07";"17,4"
"2024-09-09 23:00";"0,000";"1,69";"16,4";"10,06";"17,3"
"2024-09-10 00:00";"0,000";"2,12";"16,8";"11,89";"17,7"
"2024-09-10 01:00";"0,000";"1,58";"16,9";"11,87";"17,000"
"2024-09-10 02:00";"0,000";"1,57";"16,8";"11,89";"15,1"
"2024-09-10 03:00";"0,000";"1,59";"16,6";"11,9";"13,3"
"2024-09-10 04:00";"0,000";"2,45";"16,1";"11,95";"11,5"
"2024-09-10 05:00";"0,000";"1,88";"14,7";"11,89";"10,2"
"2024-09-10 06:00";"0,000";"1,87";"14,3";"11,56";"10,1"
"2024-09-10 07:00";"0,01";"4,12";"13,9";"10,34";"10,2"
"2024-09-10 08:00";"1,11";"0,49";"14,3";"11,000";"10,9"
"2024-09-10 09:00";"2,51";"0,81";"14,3";"10,08";"12,9"
"2024-09-10 10:00";"6,95";"0,89";"14,8";"0,65";"19,3"
"2024-09-10 11:00";"10,13";"0,67";"15,3";"0,000";"20,9"
"2024-09-10 12:00";"9,2";"2,51";"15,9";"0,000";"22,3"
"2024-09-10 13:00";"10,77";"0,6";"16,5";"0,000";"23,8"
"2024-09-10 14:00";"14,15";"0,33";"16,8";"0,000";"25,1"
"2024-09-10 15:00";"6,13";"0,02";"17,6";"0,64";"24,7"
"2024-09-10 16:00";"4,06";"0,000";"17,6";"0,000";"23,5"
"2024-09-10 17:00";"0,06";"6,09";"17,2";"0,000";"22,3"
"2024-09-10 18:00";"0,000";"11,87";"16,9";"2,58";"21,000"
"2024-09-10 19:00";"0,000";"16,76";"16,6";"12,21";"18,7"
"2024-09-10 20:00";"0,000";"20,8";"16,4";"13,44";"16,5"
"2024-09-10 21:00";"0,000";"19,21";"16,4";"9,76";"15,1"
"2024-09-10 22:00";"0,000";"20,25";"15,8";"5,39";"13,8"
"2024-09-10 23:00";"0,000";"16,33";"15,2";"5,4";"12,9"
"2024-09-11 00:00";"0,000";"12,04";"15,3";"5,45";"12,5"
"2024-09-11 01:00";"0,000";"12,13";"15,3";"5,54";"11,9"
"2024-09-11 02:00";"0,000";"8,83";"15,3";"5,51";"11,5"
"2024-09-11 03:00";"0,000";"10,79";"15,1";"5,66";"10,8"
"2024-09-11 04:00";"0,000";"12,85";"15,000";"5,73";"10,4"
"2024-09-11 05:00";"0,000";"12,06";"14,3";"5,76";"10,1"
"2024-09-11 06:00";"0,000";"8,76";"13,3";"6,73";"10,000"
"2024-09-11 07:00";"0,000";"11,4";"11,8";"4,91";"10,000"
"2024-09-11 08:00";"0,000";"6,17";"10,5";"3,8";"9,8"
"2024-09-11 09:00";"0,000";"8,05";"10,000";"1,57";"9,3"
"2024-09-11 10:00";"0,02";"5,68";"10,1";"2,93";"9,6"
"2024-09-11 11:00";"2,53";"0,95";"10,9";"2,2";"10,2"
"2024-09-11 12:00";"1,14";"3,27";"11,3";"1,000";"10,7"
"2024-09-11 13:00";"4,35";"0,83";"11,9";"0,01";"11,1"
"2024-09-11 14:00";"5,13";"0,33";"12,4";"0,000";"16,3"
"2024-09-11 15:00";"0,94";"10,46";"13,4";"0,000";"20,4"
"2024-09-11 16:00";"1,12";"3,72";"14,4";"0,16";"21,4"
"2024-09-11 17:00";"0,32";"2,99";"14,3";"0,08";"19,8"
"2024-09-11 18:00";"0,08";"3,78";"13,3";"0,35";"19,6"
"2024-09-11 19:00";"0,000";"22,59";"12,9";"10,91";"19,2"
"2024-09-11 20:00";"0,000";"24,53";"11,4";"12,75";"17,2"
"2024-09-11 21:00";"0,000";"16,23";"9,9";"11,9";"15,000"
"2024-09-11 22:00";"0,000";"18,42";"10,000";"9,22";"13,7"
"2024-09-11 23:00";"0,000";"9,5";"11,6";"7,39";"11,9"
"2024-09-12 00:00";"0,000";"9,15";"12,2";"1,75";"10,6"
"2024-09-12 01:00";"0,000";"8,54";"11,9";"1,69";"10,4"
"2024-09-12 02:00";"0,000";"6,34";"11,9";"1,69";"11,1"
"2024-09-12 03:00";"0,000";"5,92";"10,5";"1,76";"11,6"
"2024-09-12 04:00";"0,000";"6,59";"8,7";"1,82";"11,6"
"2024-09-12 05:00";"0,000";"6,3";"8,2";"1,83";"11,9"
"2024-09-12 06:00";"0,000";"5,97";"8,6";"1,72";"12,2"
"2024-09-12 07:00";"0,02";"2,78";"8,3";"2,95";"12,5"
"2024-09-12 08:00";"0,09";"3,8";"9,6";"5,31";"12,9"
"2024-09-12 09:00";"2,47";"5,39";"11,3";"6,92";"13,000"
"2024-09-12 10:00";"1,86";"5,04";"13,2";"2,47";"13,000"
"2024-09-12 11:00";"8,45";"1,23";"13,5";"0,38";"13,4"
"2024-09-12 12:00";"8,17";"2,47";"13,7";"7,45";"13,8"
"2024-09-12 13:00";"15,52";"0,14";"14,1";"4,28";"17,1"
"2024-09-12 14:00";"10,62";"0,01";"14,8";"1,44";"18,9"
"2024-09-12 15:00";"10,15";"0,24";"15,1";"2,39";"21,2"
"2024-09-12 16:00";"9,1";"0,000";"15,2";"0,63";"21,4"
"2024-09-12 17:00";"3,24";"0,01";"15,4";"3,55";"21,2"
"2024-09-12 18:00";"1,51";"1,14";"15,4";"3,85";"20,7"
"2024-09-12 19:00";"0,000";"5,44";"14,9";"10,21";"19,8"
"2024-09-12 20:00";"0,000";"5,89";"13,5";"5,34";"18,5"
"2024-09-12 21:00";"0,000";"6,07";"13,1";"8,32";"17,9"
"2024-09-12 22:00";"0,000";"6,04";"12,5";"8,46";"17,2"
"2024-09-12 23:00";"0,000";"9,12";"10,4";"8,57";"14,9"
"2024-09-13 00:00";"0,000";"6,16";"9,1";"10,2";"12,8"
"2024-09-13 01:00";"0,000";"6,32";"8,3";"8,09";"12,000"
"2024-09-13 02:00";"0,000";"6,38";"7,8";"5,04";"11,9"
"2024-09-13 03:00";"0,000";"6,5";"7,2";"5,09";"11,7"
"2024-09-13 04:00";"0,000";"4,03";"6,8";"5,13";"11,5"
"2024-09-13 05:00";"0,000";"3,21";"7,1";"5,09";"12,4"
"2024-09-13 06:00";"0,000";"3,5";"7,1";"5,05";"12,8"
"2024-09-13 07:00";"0,000";"3,29";"7,6";"7,5";"12,8"
"2024-09-13 08:00";"0,29";"4,12";"9,5";"5,82";"13,3"
"2024-09-13 09:00";"0,31";"3,57";"11,1";"10,72";"13,3"
"2024-09-13 10:00";"5,39";"0,16";"12,8";"6,01";"13,6"
"2024-09-13 11:00";"11,16";"0,000";"14,5";"1,43";"14,1"
"2024-09-13 12:00";"6,23";"0,91";"15,6";"1,18";"14,9"
"2024-09-13 13:00";"6,48";"0,99";"15,7";"0,01";"16,2"
"2024-09-13 14:00";"8,9";"0,000";"15,9";"0,000";"17,8"
"2024-09-13 15:00";"6,11";"0,99";"15,6";"0,07";"18,5"
"2024-09-13 16:00";"6,37";"0,06";"15,2";"2,1";"19,000"
"2024-09-13 17:00";"0,08";"10,95";"15,1";"15,36";"18,000"
"2024-09-13 18:00";"0,01";"15,17";"14,5";"15,2";"17,2"
"2024-09-13 19:00";"0,000";"14,79";"13,4";"16,25";"16,8"
"2024-09-13 20:00";"0,000";"8,86";"12,1";"15,52";"16,2"
"2024-09-13 21:00";"0,000";"13,24";"10,9";"21,63";"15,3"
"2024-09-13 22:00";"0,000";"10,67";"10,3";"10,36";"13,7"
"2024-09-13 23:00";"0,000";"5,51";"9,7";"5,5";"12,4"
"2024-09-14 00:00";"0,000";"5,85";"9,1";"5,54";"12,2"
"2024-09-14 01:00";"0,000";"3,13";"8,7";"6,27";"11,4"
"2024-09-14 02:00";"0,000";"2,7";"8,3";"5,81";"9,3"
"2024-09-14 03:00";"0,000";"2,83";"8,6";"5,91";"8,3"
"2024-09-14 04:00";"0,000";"2,74";"7,5";"6,08";"7,2"
"2024-09-14 05:00";"0,000";"2,82";"6,9";"6,6";"5,3"
"2024-09-14 06:00";"0,000";"2,67";"5,7";"3,73";"4,6"
"2024-09-14 07:00";"0,000";"1,91";"5,4";"5,27";"4,6"
"2024-09-14 08:00";"0,06";"1,23";"7,000";"0,41";"4,6"
"2024-09-14 09:00";"2,4";"1,65";"9,8";"0,28";"6,8"
"2024-09-14 10:00";"1,12";"3,62";"12,3";"1,03";"11,1"
"2024-09-14 11:00";"7,59";"0,85";"14,3";"0,000";"15,4"
"2024-09-14 12:00";"17,21";"0,000";"15,7";"0,04";"16,6"
"2024-09-14 13:00";"16,87";"0,000";"16,6";"0,03";"17,2"
"2024-09-14 14:00";"13,28";"0,000";"17,1";"0,08";"18,7"
"2024-09-14 15:00";"11,26";"0,000";"17,2";"0,04";"18,3"
"2024-09-14 16:00";"9,7";"0,000";"17,1";"0,000";"18,3"
"2024-09-14 17:00";"3,6";"1,32";"16,5";"0,000";"18,3"
"2024-09-14 18:00";"0,02";"3,04";"15,7";"1,15";"18,1"
"2024-09-14 19:00";"0,000";"20,17";"14,6";"4,58";"16,7"
"2024-09-14 20:00";"0,000";"14,31";"12,7";"7,79";"14,1"
"2024-09-14 21:00";"0,000";"12,22";"11,7";"9,24";"12,5"
"2024-09-14 22:00";"0,000";"12,83";"10,9";"7,17";"11,6"
"2024-09-14 23:00";"0,000";"12,58";"10,2";"5,54";"12,3"
"2024-09-15 00:00";"0,000";"10,6";"9,4";"5,61";"11,9"
"2024-09-15 01:00";"0,000";"11,38";"9,000";"5,66";"9,1"
"2024-09-15 02:00";"0,000";"9,52";"9,000";"5,82";"8,5"
"2024-09-15 03:00";"0,000";"8,51";"8,5";"5,91";"8,3"
"2024-09-15 04:00";"0,000";"6,05";"7,8";"5,94";"7,4"
"2024-09-15 05:00";"0,000";"6,06";"6,9";"6,05";"6,8"
"2024-09-15 06:00";"0,000";"5,91";"6,4";"6,71";"7,1"
"2024-09-15 07:00";"0,000";"5,2";"6,3";"6,05";"8,5"
"2024-09-15 08:00";"0,3";"2,99";"7,000";"2,54";"10,3"
"2024-09-15 09:00";"1,71";"1,18";"8,7";"3,15";"12,5"
"2024-09-15 10:00";"3,28";"0,6";"11,1";"0,61";"16,3"
"2024-09-15 11:00";"8,7";"0,000";"13,8";"0,58";"17,000"
"2024-09-15 12:00";"19,26";"0,000";"15,9";"0,39";"17,9"
"2024-09-15 13:00";"17,5";"0,000";"17,2";"0,02";"18,1"
"2024-09-15 14:00";"14,85";"0,000";"18,000";"1,05";"18,8"
"2024-09-15 15:00";"9,18";"0,08";"18,3";"0,9";"19,2"
"2024-09-15 16:00";"1,44";"4,56";"18,8";"1,86";"19,4"
"2024-09-15 17:00";"1,55";"2,45";"19,000";"3,94";"19,1"
"2024-09-15 18:00";"0,000";"10,58";"17,8";"2,93";"18,2"
"2024-09-15 19:00";"0,000";"29,92";"16,2";"5,63";"17,1"
"2024-09-15 20:00";"0,000";"28,98";"13,9";"7,29";"15,1"
"2024-09-15 21:00";"0,000";"22,64";"12,4";"10,76";"14,4"
"2024-09-15 22:00";"0,000";"11,28";"11,5";"4,45";"13,8"
"2024-09-15 23:00";"0,000";"12,44";"11,1";"2,11";"13,4"
"2024-09-16 00:00";"0,000";"12,47";"9,3";"4,63";"13,6"
"2024-09-16 01:00";"0,000";"10,14";"8,2";"2,08";"13,6"
"2024-09-16 02:00";"0,000";"9,1";"8,8";"2,14";"13,4"
"2024-09-16 03:00";"0,000";"9,11";"8,3";"2,17";"13,2"
"2024-09-16 04:00";"0,000";"9,17";"7,5";"2,19";"13,000"
"2024-09-16 05:00";"0,000";"9,32";"6,3";"2,13";"13,000"
"2024-09-16 06:00";"0,000";"9,69";"7,1";"2,03";"14,000"
"2024-09-16 07:00";"0,000";"10,31";"7,7";"0,82";"14,9"
"2024-09-16 08:00";"0,000";"7,26";"8,6";"0,09";"15,5"
"2024-09-16 09:00";"0,000";"8,62";"10,000";"1,58";"16,8"
"2024-09-16 10:00";"0,25";"9,57";"10,4";"0,5";"18,000"
"2024-09-16 11:00";"2,06";"3,03";"13,3";"0,05";"19,2"
"2024-09-16 12:00";"2,47";"0,97";"14,8";"0,000";"19,000"
"2024-09-16 13:00";"0,4";"4,8";"15,3";"0,000";"19,9"
"2024-09-16 14:00";"0,000";"6,46";"15,9";"0,000";"20,7"
"2024-09-16 15:00";"0,000";"10,25";"16,2";"0,000";"21,1"
"2024-09-16 16:00";"0,000";"8,53";"16,8";"0,000";"21,2"
"2024-09-16 17:00";"0,000";"5,59";"16,7";"7,97";"20,5"
"2024-09-16 18:00";"0,000";"10,6";"16,6";"11,11";"19,8"
"2024-09-16 19:00";"0,000";"9,18";"16,4";"11,99";"18,4"
"2024-09-16 20:00";"0,000";"9,05";"16,2";"18,55";"16,7"
"2024-09-16 21:00";"0,000";"5,91";"15,6";"13,57";"15,8"
"2024-09-16 22:00";"0,000";"4,69";"14,6";"8,95";"15,4"
"2024-09-16 23:00";"0,000";"2,54";"14,4";"11,1";"15,2"
"2024-09-17 00:00";"0,000";"2,02";"14,2";"10,63";"14,7"
"2024-09-17 01:00";"0,000";"2,36";"13,6";"9,05";"14,5"
"2024-09-17 02:00";"0,000";"2,34";"13,9";"6,17";"14,3"
"2024-09-17 03:00";"0,000";"2,13";"14,000";"5,53";"13,9"
"2024-09-17 04:00";"0,000";"2,79";"13,9";"2,7";"13,7"
"2024-09-17 05:00";"0,000";"2,36";"14,000";"2,06";"14,4"
"2024-09-17 06:00";"0,000";"2,72";"14,1";"1,96";"14,7"
"2024-09-17 07:00";"0,000";"5,76";"14,000";"3,13";"14,9"
"2024-09-17 08:00";"0,000";"4,91";"14,000";"0,11";"15,2"
"2024-09-17 09:00";"0,14";"4,59";"14,6";"7,98";"15,9"
"2024-09-17 10:00";"1,07";"1,96";"15,4";"0,000";"17,8"
"2024-09-17 11:00";"2,76";"0,38";"15,6";"0,000";"19,000"
"2024-09-17 12:00";"1,16";"2,99";"15,9";"0,000";"21,1"
"2024-09-17 13:00";"2,91";"3,43";"16,7";"0,000";"22,7"
"2024-09-17 14:00";"9,04";"0,01";"18,3";"0,000";"23,000"
"2024-09-17 15:00";"7,03";"1,58";"18,8";"0,000";"22,7"
"2024-09-17 16:00";"0,26";"6,49";"18,6";"0,000";"22,5"
"2024-09-17 17:00";"0,12";"6,41";"18,2";"14,5";"21,9"
"2024-09-17 18:00";"0,000";"11,87";"17,7";"15,55";"21,1"
"2024-09-17 19:00";"0,000";"24,5";"17,1";"19,01";"19,6"
"2024-09-17 20:00";"0,000";"16,63";"15,7";"12,91";"17,8"
"2024-09-17 21:00";"0,000";"7,48";"14,5";"14,5";"16,5"
"2024-09-17 22:00";"0,000";"1,89";"13,8";"7,67";"15,5"
"2024-09-17 23:00";"0,000";"1,89";"13,5";"5,51";"15,3"
"2024-09-18 00:00";"0,000";"1,9";"12,8";"5,39";"15,3"
"2024-09-18 01:00";"0,000";"1,91";"12,5";"5,41";"15,4"
"2024-09-18 02:00";"0,000";"1,95";"12,8";"5,37";"16,000"
"2024-09-18 03:00";"0,000";"4,06";"12,6";"2,09";"16,4"
"2024-09-18 04:00";"0,000";"2,06";"13,3";"1,9";"16,4"
"2024-09-18 05:00";"0,000";"2,14";"13,000";"1,88";"16,7"
"2024-09-18 06:00";"0,000";"2,33";"13,000";"1,97";"16,7"
"2024-09-18 07:00";"0,000";"3,38";"12,4";"3,05";"16,5"
"2024-09-18 08:00";"0,000";"4,88";"12,1";"0,9";"16,5"
"2024-09-18 09:00";"0,000";"4,54";"12,1";"2,74";"17,1"
"2024-09-18 10:00";"0,05";"3,88";"12,5";"0,31";"17,9"
"2024-09-18 11:00";"1,2";"0,86";"13,5";"0,000";"19,1"
"2024-09-18 12:00";"1,71";"1,5";"14,5";"0,000";"20,7"
"2024-09-18 13:00";"2,86";"0,91";"15,7";"0,000";"22,3"
"2024-09-18 14:00";"3,74";"0,19";"16,8";"0,000";"23,3"
"2024-09-18 15:00";"5,19";"0,000";"17,2";"0,000";"22,9"
"2024-09-18 16:00";"3,95";"1,2";"18,1";"1,67";"23,1"
"2024-09-18 17:00";"1,97";"2,31";"17,9";"7,45";"22,6"
"2024-09-18 18:00";"0,07";"8,53";"17,5";"21,1";"20,000"
"2024-09-18 19:00";"0,000";"1,87";"17,2";"13,92";"17,8"
"2024-09-18 20:00";"0,000";"2,000";"15,3";"15,88";"17,000"
"2024-09-18 21:00";"0,000";"1,95";"13,9";"11,45";"16,5"
"2024-09-18 22:00";"0,000";"1,95";"13,1";"11,27";"16,3"
"2024-09-18 23:00";"0,000";"3,75";"12,9";"7,74";"16,7"
"2024-09-19 00:00";"0,000";"1,98";"13,7";"7,07";"16,6"
"2024-09-19 01:00";"0,000";"2,000";"13,4";"5,6";"16,5"
"2024-09-19 02:00";"0,000";"2,05";"12,2";"5,04";"15,8"
"2024-09-19 03:00";"0,000";"2,16";"11,1";"5,09";"15,9"
"2024-09-19 04:00";"0,000";"2,22";"10,2";"6,96";"16,6"
"2024-09-19 05:00";"0,000";"2,33";"9,7";"5,02";"17,3"
"2024-09-19 06:00";"0,000";"2,32";"8,9";"5,07";"16,8"
"2024-09-19 07:00";"0,000";"10,55";"9,7";"8,35";"16,6"
"2024-09-19 08:00";"0,02";"9,61";"10,1";"5,7";"16,4"
"2024-09-19 09:00";"0,58";"5,15";"12,5";"2,9";"16,4"
"2024-09-19 10:00";"2,44";"1,03";"14,8";"0,82";"15,9"
"2024-09-19 11:00";"8,46";"0,17";"16,5";"0,71";"16,8"
"2024-09-19 12:00";"10,43";"0,000";"17,9";"0,01";"14,6"
"2024-09-19 13:00";"13,65";"0,000";"18,5";"1,83";"16,1"
"2024-09-19 14:00";"13,39";"0,000";"19,000";"0,6";"14,5"
"2024-09-19 15:00";"14,52";"0,000";"18,5";"5,37";"16,1"
"2024-09-19 16:00";"6,96";"0,000";"18,2";"21,000";"15,6"
"2024-09-19 17:00";"2,95";"0,37";"18,6";"8,17";"15,5"
"2024-09-19 18:00";"0,000";"9,42";"18,1";"8,77";"16,4"
"2024-09-19 19:00";"0,000";"8,16";"17,2";"10,8";"16,000"
"2024-09-19 20:00";"0,000";"14,36";"16,1";"6,25";"16,5"
"2024-09-19 21:00";"0,000";"9,11";"15,7";"9,43";"17,3"
"2024-09-19 22:00";"0,000";"11,88";"15,8";"15,67";"17,4"
"2024-09-19 23:00";"0,000";"8,75";"15,9";"8,94";"17,2"
"2024-09-20 00:00";"0,000";"8,79";"15,4";"9,21";"17,000"
"2024-09-20 01:00";"0,000";"8,8";"14,8";"9,01";"17,2"
"2024-09-20 02:00";"0,000";"7,02";"14,5";"8,82";"17,4"
"2024-09-20 03:00";"0,000";"5,41";"14,6";"8,7";"17,3"
"2024-09-20 04:00";"0,000";"5,38";"14,4";"9,26";"17,2"
"2024-09-20 05:00";"0,000";"5,44";"14,3";"8,68";"17,000"
"2024-09-20 06:00";"0,000";"5,55";"14,2";"6,7";"15,7"
"2024-09-20 07:00";"0,000";"8,92";"14,1";"6,02";"15,1"
"2024-09-20 08:00";"0,1";"7,71";"14,1";"11,79";"16,000"
"2024-09-20 09:00";"0,39";"5,56";"14,8";"8,6";"16,4"
"2024-09-20 10:00";"0,78";"4,61";"16,000";"3,37";"16,1"
"2024-09-20 11:00";"9,97";"0,1";"17,7";"2,31";"15,9"
"2024-09-20 12:00";"15,1";"0,000";"19,4";"3,19";"17,2"
"2024-09-20 13:00";"14,11";"0,000";"20,6";"4,94";"17,7"
"2024-09-20 14:00";"16,69";"0,000";"22,000";"3,92";"18,6"
"2024-09-20 15:00";"12,4";"0,01";"22,7";"5,17";"19,6"
"2024-09-20 16:00";"4,82";"0,89";"22,9";"9,41";"19,8"
"2024-09-20 17:00";"4,6";"0,13";"22,7";"8,99";"19,3"
"2024-09-20 18:00";"0,24";"2,79";"22,1";"12,79";"18,8"
"2024-09-20 19:00";"0,000";"20,9";"20,3";"11,95";"18,9"
"2024-09-20 20:00";"0,000";"16,02";"18,2";"21,45";"17,5"
"2024-09-20 21:00";"0,000";"5,53";"17,000";"17,11";"16,5"
"2024-09-20 22:00";"0,000";"2,26";"15,3";"9,77";"16,5"
"2024-09-20 23:00";"0,000";"5,4";"12,2";"8,88";"15,9"
"2024-09-21 00:00";"0,000";"5,48";"11,2";"8,81";"15,9"
"2024-09-21 01:00";"0,000";"5,51";"11,3";"9,01";"15,7"
"2024-09-21 02:00";"0,000";"5,61";"12,4";"9,12";"16,2"
"2024-09-21 03:00";"0,000";"5,61";"11,4";"9,2";"15,6"
"2024-09-21 04:00";"0,000";"5,63";"11,5";"8,81";"14,9"
"2024-09-21 05:00";"0,000";"5,68";"10,4";"8,91";"14,3"
"2024-09-21 06:00";"0,000";"5,59";"10,000";"5,23";"14,1"
"2024-09-21 07:00";"0,000";"5,83";"8,7";"2,76";"13,8"
"2024-09-21 08:00";"0,000";"3,48";"9,1";"2,04";"14,1"
"2024-09-21 09:00";"0,1";"3,1";"11,9";"2,71";"16,8"
"2024-09-21 10:00";"4,69";"0,2";"16,8";"1,22";"19,5"
"2024-09-21 11:00";"8,4";"0,000";"18,7";"0,000";"21,2"
"2024-09-21 12:00";"14,19";"0,000";"20,4";"0,000";"22,6"
"2024-09-21 13:00";"13,07";"0,000";"21,6";"0,000";"23,6"
"2024-09-21 14:00";"3,46";"1,05";"22,5";"0,000";"23,9"
"2024-09-21 15:00";"7,000";"0,03";"22,9";"0,000";"23,8"
"2024-09-21 16:00";"1,92";"0,94";"23,2";"0,23";"23,6"
"2024-09-21 17:00";"0,000";"5,91";"22,7";"0,3";"22,9"
"2024-09-21 18:00";"0,000";"10,41";"22,1";"3,56";"21,1"
"2024-09-21 19:00";"0,000";"9,14";"19,5";"5,37";"19,8"
"2024-09-21 20:00";"0,000";"7,82";"17,3";"7,31";"19,2"
"2024-09-21 21:00";"0,000";"7,37";"17,2";"8,71";"18,9"
"2024-09-21 22:00";"0,000";"5,7";"16,2";"11,37";"18,5"
"2024-09-21 23:00";"0,000";"5,38";"15,3";"9,27";"19,000"
"2024-09-22 00:00";"0,000";"5,43";"14,6";"8,67";"18,6"
"2024-09-22 01:00";"0,000";"5,51";"14,5";"8,66";"18,4"
"2024-09-22 02:00";"0,000";"5,55";"14,2";"8,65";"18,3"
"2024-09-22 03:00";"0,000";"5,6";"14,3";"8,68";"18,2"
"2024-09-22 04:00";"0,000";"5,67";"14,3";"8,72";"18,2"
"2024-09-22 05:00";"0,000";"3,06";"14,2";"8,64";"17,8"
"2024-09-22 06:00";"0,000";"2,05";"14,2";"8,81";"17,7"
"2024-09-22 07:00";"0,000";"1,31";"13,9";"6,28";"17,1"
"2024-09-22 08:00";"0,3";"0,34";"13,9";"3,16";"17,000"
"2024-09-22 09:00";"3,52";"0,000";"15,4";"7,83";"16,000"
"2024-09-22 10:00";"6,07";"0,21";"17,5";"7,39";"15,1"
"2024-09-22 11:00";"3,55";"3,78";"18,6";"0,58";"15,8"
"2024-09-22 12:00";"5,84";"1,33";"19,7";"1,89";"17,000"
"2024-09-22 13:00";"10,4";"0,07";"20,1";"7,3";"17,3"
"2024-09-22 14:00";"5,37";"2,48";"20,7";"1,19";"17,3"
"2024-09-22 15:00";"10,45";"0,000";"21,000";"0,45";"17,5"
"2024-09-22 16:00";"0,28";"14,17";"20,7";"0,13";"17,5"
"2024-09-22 17:00";"0,07";"10,72";"20,2";"1,89";"17,3"
"2024-09-22 18:00";"0,000";"14,46";"19,5";"5,37";"17,000"
"2024-09-22 19:00";"0,000";"15,37";"18,2";"5,91";"16,4"
"2024-09-22 20:00";"0,000";"13,89";"16,9";"2,87";"15,8"
"2024-09-22 21:00";"0,000";"14,25";"16,000";"5,57";"14,7"
"2024-09-22 22:00";"0,000";"6,5";"15,6";"2,66";"13,000"
"2024-09-22 23:00";"0,000";"5,37";"15,4";"2,02";"12,2"
"2024-09-23 00:00";"0,000";"5,27";"15,2";"2,29";"11,8"
"2024-09-23 01:00";"0,000";"2,42";"14,9";"2,05";"11,7"
"2024-09-23 02:00";"0,000";"1,91";"14,7";"2,61";"11,4"
"2024-09-23 03:00";"0,000";"2,08";"14,8";"2,25";"10,9"
"2024-09-23 04:00";"0,000";"1,97";"14,5";"2,7";"10,5"
"2024-09-23 05:00";"0,000";"2,04";"14,3";"2,28";"9,9"
"2024-09-23 06:00";"0,000";"2,3";"13,5";"2,23";"9,1"
"2024-09-23 07:00";"0,000";"2,76";"12,8";"1,96";"8,4"
"2024-09-23 08:00";"0,03";"4,41";"12,7";"3,28";"8,2"
"2024-09-23 09:00";"1,000";"3,44";"14,3";"0,25";"9,2"
"2024-09-23 10:00";"2,13";"1,69";"16,1";"0,000";"13,9"
"2024-09-23 11:00";"12,86";"0,000";"18,2";"1,28";"16,000"
"2024-09-23 12:00";"12,54";"0,000";"19,8";"5,4";"13,7"
"2024-09-23 13:00";"17,05";"0,000";"21,7";"0,13";"11,000"
"2024-09-23 14:00";"12,57";"0,000";"22,7";"0,65";"13,7"
"2024-09-23 15:00";"6,72";"0,000";"23,000";"0,000";"14,7"
"2024-09-23 16:00";"6,2";"0,13";"22,9";"0,07";"15,7"
"2024-09-23 17:00";"3,46";"0,000";"22,5";"10,36";"15,4"
"2024-09-23 18:00";"0,000";"8,8";"21,5";"17,21";"15,3"
"2024-09-23 19:00";"0,000";"13,28";"18,6";"12,67";"15,000"
"2024-09-23 20:00";"0,000";"20,47";"16,7";"7,16";"13,6"
"2024-09-23 21:00";"0,000";"19,32";"15,7";"5,07";"13,7"
"2024-09-23 22:00";"0,000";"13,18";"15,3";"4,96";"14,3"
"2024-09-23 23:00";"0,000";"9,53";"15,5";"7,78";"14,2"
"2024-09-24 00:00";"0,000";"8,61";"15,2";"9,27";"13,9"
"2024-09-24 01:00";"0,000";"8,72";"15,2";"9,5";"12,5"
"2024-09-24 02:00";"0,000";"8,84";"15,2";"9,29";"12,000"
"2024-09-24 03:00";"0,000";"9,1";"15,000";"9,37";"12,1"
"2024-09-24 04:00";"0,000";"5,46";"15,1";"10,16";"11,7"
"2024-09-24 05:00";"0,000";"5,58";"14,8";"9,54";"11,6"
"2024-09-24 06:00";"0,000";"5,85";"14,9";"8,63";"11,5"
"2024-09-24 07:00";"0,000";"5,82";"14,9";"5,66";"11,5"
"2024-09-24 08:00";"0,17";"3,05";"15,3";"7,19";"12,000"
"2024-09-24 09:00";"0,33";"3,64";"16,4";"9,73";"12,9"
"2024-09-24 10:00";"0,01";"5,11";"16,8";"1,95";"13,9"
"2024-09-24 11:00";"0,08";"9,4";"16,8";"0,53";"14,8"
"2024-09-24 12:00";"0,14";"7,24";"16,2";"1,44";"15,6"
"2024-09-24 13:00";"0,5";"7,31";"15,9";"0,53";"15,8"
"2024-09-24 14:00";"0,05";"13,02";"16,5";"2,54";"15,9"
"2024-09-24 15:00";"0,29";"4,04";"17,7";"0,16";"16,3"
"2024-09-24 16:00";"0,000";"3,12";"17,7";"0,17";"16,7"
"2024-09-24 17:00";"0,000";"1,45";"17,4";"8,31";"17,1"
"2024-09-24 18:00";"0,000";"4,26";"16,4";"10,99";"16,9"
"2024-09-24 19:00";"0,000";"11,54";"15,6";"8,84";"15,6"
"2024-09-24 20:00";"0,000";"7,17";"14,4";"16,31";"12,4"
"2024-09-24 21:00";"0,000";"2,46";"13,8";"6,03";"11,2"
"2024-09-24 22:00";"0,000";"2,92";"13,9";"6,01";"10,9"
"2024-09-24 23:00";"0,000";"1,86";"13,5";"6,58";"10,8"
"2024-09-25 00:00";"0,000";"2,36";"13,3";"7,79";"10,5"
"2024-09-25 01:00";"0,000";"2,49";"14,3";"7,47";"10,4"
"2024-09-25 02:00";"0,000";"1,94";"13,9";"6,37";"9,6"
"2024-09-25 03:00";"0,000";"1,98";"14,3";"6,41";"9,2"
"2024-09-25 04:00";"0,000";"2,56";"14,8";"6,39";"9,1"
"2024-09-25 05:00";"0,000";"2,14";"14,9";"4,86";"9,2"
"2024-09-25 06:00";"0,000";"2,94";"14,8";"2,93";"9,3"
"2024-09-25 07:00";"0,01";"4,000";"15,000";"1,99";"9,5"
"2024-09-25 08:00";"0,04";"4,46";"14,6";"6,99";"10,6"
"2024-09-25 09:00";"0,49";"3,42";"14,8";"2,73";"13,3"
"2024-09-25 10:00";"0,13";"8,11";"15,2";"0,08";"15,5"
"2024-09-25 11:00";"0,19";"3,81";"14,7";"0,000";"16,5"
"2024-09-25 12:00";"0,29";"6,62";"13,6";"0,000";"17,1"
"2024-09-25 13:00";"3,81";"1,31";"14,6";"0,58";"17,2"
"2024-09-25 14:00";"2,61";"4,27";"15,5";"0,37";"17,4"
"2024-09-25 15:00";"1,43";"2,58";"15,2";"1,51";"17,7"
"2024-09-25 16:00";"0,000";"6,91";"15,2";"0,94";"17,9"
"2024-09-25 17:00";"0,000";"15,21";"13,8";"1,59";"17,6"
"2024-09-25 18:00";"0,000";"10,39";"13,6";"24,61";"16,6"
"2024-09-25 19:00";"0,000";"18,79";"13,9";"24,15";"15,3"
"2024-09-25 20:00";"0,000";"15,72";"13,9";"16,08";"14,1"
"2024-09-25 21:00";"0,000";"8,51";"13,8";"17,11";"13,2"
"2024-09-25 22:00";"0,000";"12,26";"13,6";"13,83";"12,4"
"2024-09-25 23:00";"0,000";"12,77";"12,5";"12,74";"11,6"
"2024-09-26 00:00";"0,000";"12,83";"12,3";"11,71";"11,1"
"2024-09-26 01:00";"0,000";"13,14";"11,8";"11,04";"10,1"
"2024-09-26 02:00";"0,000";"12,46";"11,4";"9,27";"9,4"
"2024-09-26 03:00";"0,000";"10,29";"11,000";"10,13";"9,2"
"2024-09-26 04:00";"0,000";"9,54";"10,3";"7,97";"9,000"
"2024-09-26 05:00";"0,000";"9,36";"10,1";"6,14";"8,6"
"2024-09-26 06:00";"0,000";"10,87";"10,2";"6,47";"8,000"
"2024-09-26 07:00";"0,000";"15,24";"11,000";"7,5";"7,9"
"2024-09-26 08:00";"0,000";"19,93";"11,8";"3,11";"8,1"
"2024-09-26 09:00";"0,000";"13,14";"12,3";"6,41";"11,4"
"2024-09-26 10:00";"0,000";"9,28";"13,000";"3,04";"13,6"
"2024-09-26 11:00";"0,000";"15,38";"14,000";"0,26";"16,5"
"2024-09-26 12:00";"0,000";"18,67";"14,6";"0,000";"19,2"
"2024-09-26 13:00";"0,000";"15,89";"14,5";"0,000";"19,8"
"2024-09-26 14:00";"0,000";"6,41";"14,4";"0,000";"20,6"
"2024-09-26 15:00";"0,000";"8,06";"14,3";"0,37";"19,8"
"2024-09-26 16:00";"0,000";"9,67";"14,4";"0,06";"19,2"
"2024-09-26 17:00";"0,000";"11,99";"14,8";"0,000";"18,9"
"2024-09-26 18:00";"0,000";"15,28";"15,3";"11,55";"18,4"
"2024-09-26 19:00";"0,000";"18,22";"15,8";"10,12";"17,000"
"2024-09-26 20:00";"0,000";"9,29";"16,2";"9,94";"16,4"
"2024-09-26 21:00";"0,000";"6,79";"16,000";"8,06";"16,000"
"2024-09-26 22:00";"0,000";"6,34";"16,000";"5,34";"15,2"
"2024-09-26 23:00";"0,000";"6,16";"15,6";"5,36";"14,4"
"2024-09-27 00:00";"0,000";"5,78";"15,3";"5,35";"13,6"
"2024-09-27 01:00";"0,000";"6,12";"15,2";"5,33";"12,7"
"2024-09-27 02:00";"0,000";"5,74";"15,3";"5,38";"12,3"
"2024-09-27 03:00";"0,000";"2,71";"15,3";"5,46";"12,5"
"2024-09-27 04:00";"0,000";"2,2";"15,2";"5,45";"12,4"
"2024-09-27 05:00";"0,000";"2,9";"15,4";"5,52";"11,6"
"2024-09-27 06:00";"0,000";"3,16";"13,9";"3,26";"11,000"
"2024-09-27 07:00";"0,000";"5,13";"14,2";"1,95";"10,2"
"2024-09-27 08:00";"0,000";"9,05";"14,2";"0,44";"9,3"
"2024-09-27 09:00";"0,07";"9,57";"14,3";"0,2";"9,6"
"2024-09-27 10:00";"0,37";"11,76";"14,8";"0,02";"10,9"
"2024-09-27 11:00";"3,33";"1,63";"15,2";"0,000";"15,8"
"2024-09-27 12:00";"2,15";"2,71";"15,3";"0,000";"20,2"
"2024-09-27 13:00";"0,78";"9,04";"15,6";"0,03";"21,4"
"2024-09-27 14:00";"0,47";"2,79";"15,6";"0,01";"22,2"
"2024-09-27 15:00";"0,5";"7,41";"15,4";"0,75";"22,5"
"2024-09-27 16:00";"0,000";"7,47";"15,000";"2,87";"21,3"
"2024-09-27 17:00";"0,000";"4,48";"15,000";"9,48";"21,000"
"2024-09-27 18:00";"0,000";"12,46";"13,9";"10,43";"20,1"
"2024-09-27 19:00";"0,000";"32,32";"14,6";"4,82";"18,2"
"2024-09-27 20:00";"0,000";"18,67";"14,6";"9,02";"15,9"
"2024-09-27 21:00";"0,000";"6,54";"13,8";"6,08";"14,8"
"2024-09-27 22:00";"0,000";"6,26";"14,000";"4,02";"14,5"
"2024-09-27 23:00";"0,000";"6,26";"14,000";"2,04";"13,8"
"2024-09-28 00:00";"0,000";"5,38";"12,4";"1,72";"13,6"
"2024-09-28 01:00";"0,000";"3,13";"12,7";"1,83";"13,5"
"2024-09-28 02:00";"0,000";"2,52";"11,9";"1,85";"13,6"
"2024-09-28 03:00";"0,000";"3,19";"11,5";"1,92";"13,3"
"2024-09-28 04:00";"0,000";"3,09";"10,9";"2,04";"13,4"
"2024-09-28 05:00";"0,000";"2,67";"10,7";"2,02";"13,8"
"2024-09-28 06:00";"0,000";"2,67";"10,6";"2,15";"14,7"
"2024-09-28 07:00";"0,000";"2,93";"9,9";"2,25";"14,4"
"2024-09-28 08:00";"0,19";"2,77";"10,9";"0,71";"14,3"
"2024-09-28 09:00";"3,000";"0,3";"11,2";"0,01";"15,1"
"2024-09-28 10:00";"5,49";"0,19";"11,3";"0,35";"17,5"
"2024-09-28 11:00";"12,39";"0,01";"11,2";"0,43";"19,4"
"2024-09-28 12:00";"7,24";"1,000";"11,7";"1,15";"20,7"
"2024-09-28 13:00";"9,64";"0,09";"10,9";"1,17";"20,6"
"2024-09-28 14:00";"13,43";"0,02";"11,8";"0,07";"20,7"
"2024-09-28 15:00";"6,8";"1,08";"11,9";"0,000";"21,5"
"2024-09-28 16:00";"3,37";"1,45";"11,6";"0,000";"21,9"
"2024-09-28 17:00";"0,17";"9,47";"11,2";"0,81";"21,1"
"2024-09-28 18:00";"0,000";"17,7";"11,7";"3,17";"20,000"
"2024-09-28 19:00";"0,000";"6,14";"11,3";"7,86";"18,1"
"2024-09-28 20:00";"0,000";"7,94";"11,000";"6,3";"17,5"
"2024-09-28 21:00";"0,000";"20,14";"10,8";"2,17";"17,000"
"2024-09-28 22:00";"0,000";"9,65";"10,7";"1,8";"16,3"
"2024-09-28 23:00";"0,000";"6,19";"10,5";"1,84";"15,2"
"2024-09-29 00:00";"0,000";"6,82";"10,000";"4,49";"13,1"
"2024-09-29 01:00";"0,000";"6,42";"10,000";"5,15";"12,1"
"2024-09-29 02:00";"0,000";"6,52";"9,7";"5,11";"11,2"
"2024-09-29 03:00";"0,000";"6,68";"9,4";"5,23";"11,1"
"2024-09-29 04:00";"0,000";"6,63";"9,1";"5,21";"12,1"
"2024-09-29 05:00";"0,000";"7,42";"8,9";"5,16";"12,2"
"2024-09-29 06:00";"0,000";"6,89";"9,000";"5,31";"12,7"
"2024-09-29 07:00";"0,000";"6,28";"8,9";"4,99";"13,3"
"2024-09-29 08:00";"0,000";"5,22";"8,6";"6,16";"13,8"
"2024-09-29 09:00";"0,01";"5,7";"9,8";"11,93";"14,2"
"2024-09-29 10:00";"0,61";"4,3";"10,8";"11,22";"15,1"
"2024-09-29 11:00";"6,62";"2,93";"11,5";"10,26";"16,1"
"2024-09-29 12:00";"8,38";"1,44";"12,2";"3,79";"17,3"
"2024-09-29 13:00";"1,26";"9,42";"12,6";"0,6";"18,7"
"2024-09-29 14:00";"1,16";"12,18";"13,1";"1,2";"19,8"
"2024-09-29 15:00";"1,69";"7,43";"12,8";"0,31";"19,6"
"2024-09-29 16:00";"3,44";"1,57";"12,9";"5,58";"17,9"
"2024-09-29 17:00";"0,01";"16,07";"13,1";"7,28";"17,5"
"2024-09-29 18:00";"0,000";"21,79";"12,5";"11,48";"17,1"
"2024-09-29 19:00";"0,000";"23,8";"11,1";"20,41";"15,8"
"2024-09-29 20:00";"0,000";"26,83";"8,7";"11,22";"15,6"
"2024-09-29 21:00";"0,000";"18,3";"7,4";"13,08";"16,000"
"2024-09-29 22:00";"0,000";"10,16";"6,4";"12,71";"15,4"
"2024-09-29 23:00";"0,000";"10,3";"6,7";"12,46";"14,6"
"2024-09-30 00:00";"0,000";"10,59";"6,4";"12,39";"14,1"
"2024-09-30 01:00";"0,000";"7,08";"6,4";"9,96";"13,5"
"2024-09-30 02:00";"0,000";"7,31";"6,4";"8,98";"13,1"
"2024-09-30 03:00";"0,000";"7,47";"6,4";"9,18";"12,9"
"2024-09-30 04:00";"0,000";"9,28";"6,5";"9,27";"12,7"
"2024-09-30 05:00";"0,000";"7,96";"6,3";"9,02";"12,6"
"2024-09-30 06:00";"0,000";"8,09";"6,8";"9,24";"13,1"
"2024-09-30 07:00";"0,000";"9,89";"7,2";"8,35";"13,2"
"2024-09-30 08:00";"0,000";"14,79";"7,7";"7,83";"13,1"
"2024-09-30 09:00";"0,000";"11,87";"9,4";"5,38";"13,7"
"2024-09-30 10:00";"0,47";"7,37";"11,1";"0,17";"14,3"
"2024-09-30 11:00";"4,86";"1,96";"12,2";"0,23";"15,1"
"2024-09-30 12:00";"7,65";"2,98";"13,4";"0,12";"15,9"
"2024-09-30 13:00";"5,42";"2,51";"13,9";"0,62";"16,6"
"2024-09-30 14:00";"2,65";"0,61";"14,5";"1,69";"17,000"
"2024-09-30 15:00";"3,06";"1,82";"13,7";"1,04";"16,4"
"2024-09-30 16:00";"0,24";"1,54";"13,000";"0,000";"16,6"
"2024-09-30 17:00";"0,2";"1,94";"13,1";"2,1";"16,6"
"2024-09-30 18:00";"0,000";"8,78";"12,7";"4,47";"16,000"
"2024-09-30 19:00";"0,000";"10,4";"11,8";"7,08";"15,1"
"2024-09-30 20:00";"0,000";"15,45";"10,7";"8,11";"14,3"
"2024-09-30 21:00";"0,000";"13,02";"10,5";"12,01";"14,000"
"2024-09-30 22:00";"0,000";"7,84";"10,5";"7,96";"13,8"
"2024-09-30 23:00";"0,000";"6,36";"10,6";"5,63";"13,7"
"2024-10-01 00:00";"0,000";"6,46";"11,3";"5,54";"13,3"
"2024-10-01 01:00";"0,000";"7,24";"11,8";"5,68";"13,5"
"2024-10-01 02:00";"0,000";"6,62";"11,9";"5,72";"12,9"
"2024-10-01 03:00";"0,000";"6,57";"11,8";"5,85";"12,9"
"2024-10-01 04:00";"0,000";"6,9";"11,2";"5,88";"12,9"
"2024-10-01 05:00";"0,000";"9,05";"10,8";"5,85";"12,8"
"2024-10-01 06:00";"0,000";"7,67";"10,3";"5,99";"12,9"
"2024-10-01 07:00";"0,000";"5,81";"9,8";"5,39";"12,5"
"2024-10-01 08:00";"0,000";"5,16";"9,4";"6,63";"12,5"
"2024-10-01 09:00";"0,01";"4,45";"10,000";"12,71";"13,4"
"2024-10-01 10:00";"2,87";"0,78";"11,6";"5,37";"13,8"
"2024-10-01 11:00";"7,68";"0,11";"12,5";"1,35";"14,8"
"2024-10-01 12:00";"8,5";"0,96";"13,000";"2,78";"15,1"
"2024-10-01 13:00";"6,88";"0,75";"12,8";"1,08";"15,7"
"2024-10-01 14:00";"5,12";"0,14";"13,2";"0,22";"15,9"
"2024-10-01 15:00";"0,91";"1,82";"13,2";"1,12";"15,7"
"2024-10-01 16:00";"2,7";"0,37";"12,8";"1,36";"16,1"
"2024-10-01 17:00";"0,000";"24,02";"12,5";"6,71";"15,9"
"2024-10-01 18:00";"0,000";"31,38";"12,1";"17,94";"15,7"
"2024-10-01 19:00";"0,000";"19,91";"10,9";"13,06";"15,5"
"2024-10-01 20:00";"0,000";"16,32";"9,7";"12,51";"15,2"
"2024-10-01 21:00";"0,000";"11,13";"8,8";"18,48";"15,000"
"2024-10-01 22:00";"0,000";"7,95";"8,2";"9,29";"14,8"
"2024-10-01 23:00";"0,000";"7,32";"7,4";"9,29";"13,7"
"2024-10-02 00:00";"0,000";"6,89";"6,9";"9,23";"12,8"
"2024-10-02 01:00";"0,000";"7,02";"6,5";"9,25";"11,8"
"2024-10-02 02:00";"0,000";"7,01";"6,000";"9,26";"11,5"
"2024-10-02 03:00";"0,000";"9,11";"5,8";"8,77";"11,4"
"2024-10-02 04:00";"0,000";"7,16";"5,5";"6,13";"11,3"
"2024-10-02 05:00";"0,000";"7,56";"5,2";"5,67";"11,2"
"2024-10-02 06:00";"0,000";"7,91";"5,1";"5,73";"11,000"
"2024-10-02 07:00";"0,000";"9,39";"5,000";"7,98";"11,1"
"2024-10-02 08:00";"0,000";"8,81";"4,6";"1,7";"11,3"
"2024-10-02 09:00";"0,01";"5,63";"4,8";"2,26";"11,3"
"2024-10-02 10:00";"0,06";"5,69";"6,5";"3,45";"11,6"
"2024-10-02 11:00";"2,16";"1,92";"8,3";"3,65";"11,7"
"2024-10-02 12:00";"6,42";"2,04";"8,5";"6,58";"13,7"
"2024-10-02 13:00";"6,82";"0,14";"10,3";"7,24";"15,7"
"2024-10-02 14:00";"7,83";"0,1";"11,8";"7,84";"15,9"
"2024-10-02 15:00";"0,79";"11,25";"12,3";"2,7";"16,3"
"2024-10-02 16:00";"1,77";"8,15";"11,9";"1,08";"16,4"
"2024-10-02 17:00";"0,000";"7,4";"11,5";"6,15";"16,8"
"2024-10-02 18:00";"0,000";"6,28";"11,2";"19,22";"14,9"
"2024-10-02 19:00";"0,000";"17,74";"10,8";"9,38";"13,000"
"2024-10-02 20:00";"0,000";"20,02";"9,7";"5,46";"12,3"
"2024-10-02 21:00";"0,000";"21,37";"9,1";"11,9";"12,3"
"2024-10-02 22:00";"0,000";"10,99";"8,6";"12,11";"12,5"
"2024-10-02 23:00";"0,000";"10,13";"8,2";"12,35";"12,4"
"2024-10-03 00:00";"0,000";"9,85";"8,5";"9,22";"12,1"
"2024-10-03 01:00";"0,000";"10,41";"8,7";"9,19";"11,5"
"2024-10-03 02:00";"0,000";"9,84";"8,7";"9,15";"11,2"
"2024-10-03 03:00";"0,000";"9,96";"8,5";"9,56";"10,9"
"2024-10-03 04:00";"0,000";"8,78";"8,1";"6,91";"11,000"
"2024-10-03 05:00";"0,000";"6,82";"7,6";"5,61";"11,2"
"2024-10-03 06:00";"0,000";"7,2";"7,3";"5,7";"11,2"
"2024-10-03 07:00";"0,000";"11,33";"6,8";"6,57";"11,3"
"2024-10-03 08:00";"0,000";"20,03";"6,2";"6,27";"11,3"
"2024-10-03 09:00";"0,03";"12,54";"6,2";"4,63";"11,5"
"2024-10-03 10:00";"1,19";"4,39";"7,4";"3,28";"11,8"
"2024-10-03 11:00";"9,42";"0,05";"9,5";"0,11";"16,2"
"2024-10-03 12:00";"12,73";"0,000";"11,5";"0,66";"18,6"
"2024-10-03 13:00";"10,92";"0,36";"12,9";"6,53";"18,5"
"2024-10-03 14:00";"7,58";"2,78";"13,7";"6,07";"17,1"
"2024-10-03 15:00";"5,32";"1,27";"14,2";"5,93";"17,8"
"2024-10-03 16:00";"0,46";"6,83";"14,8";"12,09";"18,6"
"2024-10-03 17:00";"0,01";"6,02";"14,6";"11,42";"16,5"
"2024-10-03 18:00";"0,000";"8,97";"13,7";"11,57";"12,6"
"2024-10-03 19:00";"0,000";"13,44";"12,1";"11,75";"12,6"
"2024-10-03 20:00";"0,000";"14,03";"9,3";"14,39";"11,7"
"2024-10-03 21:00";"0,000";"10,000";"7,6";"15,000";"12,5"
"2024-10-03 22:00";"0,000";"12,67";"7,1";"10,52";"12,8"
"2024-10-03 23:00";"0,000";"16,62";"7,1";"5,91";"12,8"
"2024-10-04 00:00";"0,000";"11,22";"6,8";"2,74";"12,6"
"2024-10-04 01:00";"0,000";"10,2";"5,9";"2,52";"12,5"
"2024-10-04 02:00";"0,000";"8,24";"5,3";"3,31";"12,5"
"2024-10-04 03:00";"0,000";"6,86";"4,4";"2,58";"12,5"
"2024-10-04 04:00";"0,000";"6,99";"4,3";"2,61";"12,5"
"2024-10-04 05:00";"0,000";"7,37";"4,9";"2,67";"12,4"
"2024-10-04 06:00";"0,000";"9,98";"4,3";"2,94";"12,4"
"2024-10-04 07:00";"0,000";"8,07";"3,6";"2,71";"12,4"
"2024-10-04 08:00";"0,000";"5,3";"4,2";"1,65";"12,4"
"2024-10-04 09:00";"0,01";"12,62";"6,9";"1,65";"12,7"
"2024-10-04 10:00";"0,88";"4,69";"9,5";"5,37";"13,1"
"2024-10-04 11:00";"9,53";"0,04";"10,5";"2,39";"13,8"
"2024-10-04 12:00";"9,84";"0,21";"11,9";"5,67";"14,6"
"2024-10-04 13:00";"13,01";"0,000";"13,000";"0,15";"14,8"
"2024-10-04 14:00";"15,81";"0,000";"13,5";"1,04";"15,000"
"2024-10-04 15:00";"13,44";"0,000";"14,1";"4,51";"14,9"
"2024-10-04 16:00";"7,57";"0,02";"14,3";"2,51";"13,6"
"2024-10-04 17:00";"1,1";"9,38";"14,3";"10,77";"13,8"
"2024-10-04 18:00";"0,000";"18,75";"13,7";"15,9";"14,000"
"2024-10-04 19:00";"0,000";"14,94";"11,2";"31,6";"14,000"
"2024-10-04 20:00";"0,000";"21,57";"9,6";"18,22";"14,4"
"2024-10-04 21:00";"0,000";"5,55";"8,1";"12,99";"14,4"
"2024-10-04 22:00";"0,000";"10,1";"6,7";"7,69";"14,3"
"2024-10-04 23:00";"0,000";"4,72";"5,9";"10,08";"14,2"
"2024-10-05 00:00";"0,000";"3,19";"5,6";"10,34";"14,1"
"2024-10-05 01:00";"0,000";"2,94";"4,2";"10,86";"14,2"
"2024-10-05 02:00";"0,000";"3,15";"4,1";"10,16";"14,3"
"2024-10-05 03:00";"0,000";"5,51";"3,9";"9,01";"13,5"
"2024-10-05 04:00";"0,000";"3,35";"3,5";"9,09";"13,2"
"2024-10-05 05:00";"0,000";"3,47";"3,2";"9,09";"12,9"
"2024-10-05 06:00";"0,000";"3,54";"2,6";"9,46";"12,4"
"2024-10-05 07:00";"0,000";"3,16";"2,000";"7,88";"12,4"
"2024-10-05 08:00";"0,000";"2,32";"2,1";"4,47";"11,9"
"2024-10-05 09:00";"1,44";"0,38";"3,5";"0,85";"12,3"
"2024-10-05 10:00";"1,9";"1,78";"6,000";"2,21";"12,8"
"2024-10-05 11:00";"9,19";"0,000";"8,9";"1,5";"13,2"
"2024-10-05 12:00";"11,17";"0,15";"11,5";"1,76";"13,9"
"2024-10-05 13:00";"17,9";"0,000";"13,2";"1,25";"14,2"
"2024-10-05 14:00";"13,71";"0,000";"14,4";"0,000";"13,000"
"2024-10-05 15:00";"11,08";"0,000";"14,5";"1,45";"13,1"
"2024-10-05 16:00";"4,15";"4,32";"14,3";"3,18";"13,1"
"2024-10-05 17:00";"0,06";"5,76";"14,2";"13,61";"13,6"
"2024-10-05 18:00";"0,000";"4,07";"13,7";"7,68";"13,9"
"2024-10-05 19:00";"0,000";"5,85";"11,000";"9,13";"12,000"
"2024-10-05 20:00";"0,000";"5,81";"8,2";"12,99";"10,000"
"2024-10-05 21:00";"0,000";"14,77";"7,1";"14,69";"9,5"
"2024-10-05 22:00";"0,000";"5,92";"6,9";"9,44";"8,3"
"2024-10-05 23:00";"0,000";"6,15";"6,1";"10,16";"7,6"
"2024-10-06 00:00";"0,000";"6,18";"5,4";"9,76";"7,7"
"2024-10-06 01:00";"0,000";"6,24";"4,8";"7,31";"8,3"
"2024-10-06 02:00";"0,000";"6,43";"4,9";"6,22";"8,4"
"2024-10-06 03:00";"0,000";"6,57";"5,000";"6,35";"8,8"
"2024-10-06 04:00";"0,000";"6,67";"3,9";"6,3";"8,9"
"2024-10-06 05:00";"0,000";"6,75";"3,1";"6,37";"8,8"
"2024-10-06 06:00";"0,000";"6,75";"3,8";"6,29";"8,9"
"2024-10-06 07:00";"0,000";"6,67";"3,5";"7,06";"8,9"
"2024-10-06 08:00";"0,000";"9,31";"3,7";"9,43";"8,3"
"2024-10-06 09:00";"0,06";"3,13";"5,7";"12,02";"9,000"
"2024-10-06 10:00";"0,96";"3,81";"10,7";"13,77";"10,4"
"2024-10-06 11:00";"1,64";"8,35";"12,3";"3,45";"12,5"
"2024-10-06 12:00";"1,75";"4,98";"12,4";"3,07";"12,5"
"2024-10-06 13:00";"1,3";"1,51";"13,2";"5,47";"12,4"
"2024-10-06 14:00";"6,84";"0,01";"13,5";"13,78";"12,6"
"2024-10-06 15:00";"13,34";"0,000";"13,3";"12,76";"13,6"
"2024-10-06 16:00";"5,42";"0,35";"14,000";"6,37";"13,4"
"2024-10-06 17:00";"0,000";"18,16";"13,1";"6,14";"13,9"
"2024-10-06 18:00";"0,000";"10,26";"12,1";"4,98";"14,1"
"2024-10-06 19:00";"0,000";"8,84";"9,7";"21,47";"13,9"
"2024-10-06 20:00";"0,000";"13,48";"7,9";"14,01";"15,3"
"2024-10-06 21:00";"0,000";"13,52";"8,4";"19,05";"15,7"
"2024-10-06 22:00";"0,000";"15,97";"7,8";"13,57";"16,1"
"2024-10-06 23:00";"0,000";"19,87";"8,000";"12,81";"16,1"
"2024-10-07 00:00";"0,000";"13,17";"8,1";"12,77";"16,1"
"2024-10-07 01:00";"0,000";"13,21";"7,9";"13,69";"16,000"
"2024-10-07 02:00";"0,000";"13,31";"9,5";"11,93";"15,7"
"2024-10-07 03:00";"0,000";"13,29";"10,1";"9,78";"14,7"
"2024-10-07 04:00";"0,000";"13,13";"10,000";"9,35";"14,3"
"2024-10-07 05:00";"0,000";"9,89";"9,8";"9,33";"13,7"
"2024-10-07 06:00";"0,000";"10,2";"9,9";"9,45";"13,3"
"2024-10-07 07:00";"0,000";"12,56";"10,000";"6,51";"13,000"
"2024-10-07 08:00";"0,000";"16,05";"10,000";"9,69";"12,000"
"2024-10-07 09:00";"0,000";"10,55";"10,000";"6,01";"11,2"
"2024-10-07 10:00";"0,02";"8,72";"11,4";"2,81";"11,9"
"2024-10-07 11:00";"0,51";"9,29";"12,7";"0,85";"12,7"
"2024-10-07 12:00";"0,000";"15,95";"12,5";"0,01";"12,9"
"2024-10-07 13:00";"0,000";"9,41";"12,7";"2,7";"12,6"
"2024-10-07 14:00";"0,11";"8,98";"12,8";"3,64";"12,6"
"2024-10-07 15:00";"0,000";"9,35";"12,6";"4,51";"12,4"
"2024-10-07 16:00";"0,000";"5,88";"11,3";"5,42";"12,1"
"2024-10-07 17:00";"0,000";"6,5";"11,2";"5,22";"11,8"
"2024-10-07 18:00";"0,000";"6,56";"11,1";"7,47";"10,9"
"2024-10-07 19:00";"0,000";"17,31";"10,9";"9,14";"10,1"
"2024-10-07 20:00";"0,000";"9,44";"11,000";"13,27";"9,8"
"2024-10-07 21:00";"0,000";"11,01";"11,2";"7,04";"9,3"
"2024-10-07 22:00";"0,000";"8,000";"11,5";"6,99";"8,6"
"2024-10-07 23:00";"0,000";"9,28";"11,7";"7,01";"8,2"
"2024-10-08 00:00";"0,000";"6,73";"11,8";"7,17";"8,1"
"2024-10-08 01:00";"0,000";"2,65";"11,9";"7,4";"7,4"
"2024-10-08 02:00";"0,000";"3,16";"11,4";"7,42";"5,4"
"2024-10-08 03:00";"0,000";"2,78";"11,2";"9,85";"5,1"
"2024-10-08 04:00";"0,000";"3,27";"11,1";"7,74";"4,7"
"2024-10-08 05:00";"0,000";"2,96";"11,1";"5,18";"5,7"
"2024-10-08 06:00";"0,000";"3,93";"11,4";"4,32";"6,9"
"2024-10-08 07:00";"0,000";"5,75";"11,7";"3,99";"6,2"
"2024-10-08 08:00";"0,000";"5,84";"11,8";"4,37";"4,4"
"2024-10-08 09:00";"0,000";"11,04";"11,8";"2,46";"5,6"
"2024-10-08 10:00";"0,000";"10,4";"12,000";"2,27";"6,7"
"2024-10-08 11:00";"0,04";"5,18";"12,9";"0,000";"8,6"
"2024-10-08 12:00";"0,01";"11,69";"13,5";"0,02";"9,5"
"2024-10-08 13:00";"0,02";"5,48";"14,000";"0,21";"10,1"
"2024-10-08 14:00";"0,000";"4,67";"14,2";"0,06";"10,7"
"2024-10-08 15:00";"0,000";"7,92";"14,1";"5,02";"10,9"
"2024-10-08 16:00";"0,000";"5,09";"13,9";"5,7";"10,4"
"2024-10-08 17:00";"0,000";"5,38";"13,8";"22,93";"10,6"
"2024-10-08 18:00";"0,000";"9,62";"13,8";"22,92";"8,9"
"2024-10-08 19:00";"0,000";"7,25";"13,8";"20,27";"7,3"
"2024-10-08 20:00";"0,000";"2,81";"13,8";"11,09";"6,5"
"2024-10-08 21:00";"0,000";"2,93";"13,9";"7,12";"5,2"
"2024-10-08 22:00";"0,000";"2,94";"14,000";"7,17";"5,4"
"2024-10-08 23:00";"0,000";"6,79";"14,1";"7,25";"4,8"
"2024-10-09 00:00";"0,000";"9,39";"14,1";"7,28";"5,000"
"2024-10-09 01:00";"0,000";"9,29";"14,3";"6,89";"5,4"
"2024-10-09 02:00";"0,000";"8,24";"14,3";"4,08";"5,9"
"2024-10-09 03:00";"0,000";"6,28";"14,1";"3,95";"6,3"
"2024-10-09 04:00";"0,000";"3,43";"13,9";"3,92";"6,7"
"2024-10-09 05:00";"0,000";"3,06";"13,8";"3,9";"6,9"
"2024-10-09 06:00";"0,000";"2,83";"13,7";"4,04";"7,2"
"2024-10-09 07:00";"0,000";"5,96";"13,5";"4,42";"7,2"
"2024-10-09 08:00";"0,000";"6,29";"13,2";"8,3";"7,3"
"2024-10-09 09:00";"0,000";"7,17";"13,2";"8,78";"8,1"
"2024-10-09 10:00";"0,02";"4,85";"13,4";"7,28";"9,1"
"2024-10-09 11:00";"2,84";"2,02";"13,5";"4,21";"10,9"
"2024-10-09 12:00";"2,96";"4,11";"14,4";"0,000";"11,3"
"2024-10-09 13:00";"1,78";"4,02";"16,000";"0,38";"12,1"
"2024-10-09 14:00";"0,89";"1,76";"15,8";"1,5";"12,8"
"2024-10-09 15:00";"0,000";"7,77";"14,8";"0,000";"12,6"
"2024-10-09 16:00";"0,000";"3,07";"14,2";"1,29";"12,4"
"2024-10-09 17:00";"0,000";"14,73";"14,1";"4,28";"11,5"
"2024-10-09 18:00";"0,000";"12,16";"13,9";"15,42";"10,6"
"2024-10-09 19:00";"0,000";"9,96";"13,5";"16,57";"9,4"
"2024-10-09 20:00";"0,000";"8,9";"13,3";"11,61";"8,3"
"2024-10-09 21:00";"0,000";"3,45";"13,1";"12,49";"8,9"
"2024-10-09 22:00";"0,000";"9,76";"13,000";"11,7";"8,6"
"2024-10-09 23:00";"0,000";"9,72";"12,9";"10,06";"8,3"
"2024-10-10 00:00";"0,000";"9,4";"13,2";"8,06";"8,6"
"2024-10-10 01:00";"0,000";"9,58";"13,5";"6,43";"8,5"
"2024-10-10 02:00";"0,000";"9,12";"13,2";"6,47";"8,4"
"2024-10-10 03:00";"0,000";"9,56";"13,1";"6,44";"8,6"
"2024-10-10 04:00";"0,000";"9,59";"13,2";"6,51";"8,5"
"2024-10-10 05:00";"0,000";"9,27";"13,6";"6,59";"8,4"
"2024-10-10 06:00";"0,000";"9,68";"13,8";"6,86";"8,1"
"2024-10-10 07:00";"0,000";"9,74";"13,8";"9,05";"8,2"
"2024-10-10 08:00";"0,000";"7,25";"13,7";"5,62";"8,4"
"2024-10-10 09:00";"0,000";"18,15";"13,7";"5,54";"9,2"
"2024-10-10 10:00";"0,000";"13,23";"13,8";"1,55";"10,9"
"2024-10-10 11:00";"0,000";"4,89";"14,1";"1,19";"12,000"
"2024-10-10 12:00";"0,01";"4,99";"14,000";"0,05";"13,000"
"2024-10-10 13:00";"0,15";"10,99";"13,5";"0,000";"13,7"
"2024-10-10 14:00";"0,01";"18,13";"13,4";"0,000";"14,000"
"2024-10-10 15:00";"0,000";"10,89";"13,2";"0,75";"14,4"
"2024-10-10 16:00";"0,01";"6,28";"13,6";"16,03";"14,4"
"2024-10-10 17:00";"0,000";"10,34";"12,4";"29,94";"13,5"
"2024-10-10 18:00";"0,000";"6,28";"11,6";"15,63";"13,2"
"2024-10-10 19:00";"0,000";"3,81";"11,3";"14,82";"12,6"
"2024-10-10 20:00";"0,000";"9,92";"11,000";"10,33";"11,9"
"2024-10-10 21:00";"0,000";"10,08";"10,6";"9,17";"12,000"
"2024-10-10 22:00";"0,000";"8,32";"10,4";"9,12";"12,1"
"2024-10-10 23:00";"0,000";"7,56";"10,4";"10,14";"12,5"
"2024-10-11 00:00";"0,000";"7,11";"10,4";"9,05";"12,6"
"2024-10-11 01:00";"0,000";"7,43";"10,1";"9,000";"12,1"
"2024-10-11 02:00";"0,000";"6,95";"9,9";"9,000";"12,000"
"2024-10-11 03:00";"0,000";"7,66";"9,5";"8,27";"12,2"
"2024-10-11 04:00";"0,000";"7,05";"9,1";"5,67";"13,7"
"2024-10-11 05:00";"0,000";"7,92";"9,000";"5,6";"14,6"
"2024-10-11 06:00";"0,000";"7,58";"9,000";"5,73";"14,3"
"2024-10-11 07:00";"0,000";"9,21";"9,000";"6,12";"14,3"
"2024-10-11 08:00";"0,000";"11,23";"9,1";"2,8";"14,6"
"2024-10-11 09:00";"0,000";"21,55";"9,1";"3,99";"14,4"
"2024-10-11 10:00";"0,67";"3,34";"9,5";"2,52";"14,9"
"2024-10-11 11:00";"7,06";"0,56";"9,9";"0,34";"15,3"
"2024-10-11 12:00";"4,39";"4,46";"10,7";"0,1";"16,3"
"2024-10-11 13:00";"10,48";"3,95";"10,8";"3,27";"16,4"
"2024-10-11 14:00";"11,1";"1,62";"11,000";"1,7";"16,4"
"2024-10-11 15:00";"7,12";"1,93";"11,3";"1,77";"16,5"
"2024-10-11 16:00";"0,65";"6,31";"11,4";"1,56";"16,3"
"2024-10-11 17:00";"0,000";"21,72";"11,1";"3,84";"14,4"
"2024-10-11 18:00";"0,000";"3,74";"11,000";"5,74";"14,6"
"2024-10-11 19:00";"0,000";"19,62";"10,6";"5,8";"14,2"
"2024-10-11 20:00";"0,000";"13,82";"10,3";"5,65";"13,9"
"2024-10-11 21:00";"0,000";"14,31";"10,6";"5,68";"13,2"
"2024-10-11 22:00";"0,000";"11,78";"10,6";"9,85";"12,8"
"2024-10-11 23:00";"0,000";"12,86";"10,7";"9,97";"12,6"
"2024-10-12 00:00";"0,000";"13,03";"10,4";"9,94";"12,3"
"2024-10-12 01:00";"0,000";"9,66";"10,5";"9,9";"12,1"
"2024-10-12 02:00";"0,000";"9,78";"10,3";"9,53";"12,000"
"2024-10-12 03:00";"0,000";"9,99";"10,000";"6,74";"11,9"
"2024-10-12 04:00";"0,000";"8,66";"9,9";"8,82";"11,4"
"2024-10-12 05:00";"0,000";"6,77";"9,7";"6,65";"11,1"
"2024-10-12 06:00";"0,000";"8,5";"9,8";"6,93";"11,1"
"2024-10-12 07:00";"0,000";"5,87";"9,4";"8,4";"11,1"
"2024-10-12 08:00";"0,000";"8,8";"8,4";"6,17";"11,000"
"2024-10-12 09:00";"0,68";"2,21";"8,3";"3,06";"11,2"
"2024-10-12 10:00";"4,06";"0,03";"10,000";"4,21";"11,9"
"2024-10-12 11:00";"5,91";"0,21";"11,3";"2,97";"12,5"
"2024-10-12 12:00";"2,03";"6,48";"11,9";"5,61";"13,1"
"2024-10-12 13:00";"3,05";"6,12";"12,2";"4,58";"13,3"
"2024-10-12 14:00";"4,23";"2,75";"12,3";"3,18";"13,3"
"2024-10-12 15:00";"3,67";"0,94";"12,1";"2,15";"13,3"
"2024-10-12 16:00";"1,38";"0,1";"11,8";"3,47";"13,3"
"2024-10-12 17:00";"0,000";"5,45";"11,1";"6,79";"12,7"
"2024-10-12 18:00";"0,000";"2,81";"10,4";"12,000";"11,7"
"2024-10-12 19:00";"0,000";"2,94";"9,9";"15,19";"10,9"
"2024-10-12 20:00";"0,000";"2,66";"9,9";"23,61";"10,9"
"2024-10-12 21:00";"0,000";"3,54";"10,4";"28,2";"10,8"
"2024-10-12 22:00";"0,000";"16,96";"11,000";"19,22";"10,6"
"2024-10-12 23:00";"0,000";"6,28";"11,1";"15,41";"10,5"
"2024-10-13 00:00";"0,000";"6,39";"11,000";"13,81";"9,000"
"2024-10-13 01:00";"0,000";"6,35";"11,000";"13,72";"7,7"
"2024-10-13 02:00";"0,000";"6,29";"11,000";"10,17";"6,9"
"2024-10-13 03:00";"0,000";"6,34";"10,9";"7,78";"5,7"
"2024-10-13 04:00";"0,000";"6,32";"10,6";"7,18";"5,6"
"2024-10-13 05:00";"0,000";"6,36";"10,3";"7,000";"5,4"
"2024-10-13 06:00";"0,000";"6,38";"10,2";"6,2";"5,3"
"2024-10-13 07:00";"0,000";"6,4";"10,000";"6,62";"5,9"
"2024-10-13 08:00";"0,000";"8,66";"9,8";"9,38";"7,5"
"2024-10-13 09:00";"0,000";"0,000";"9,3";"13,38";"8,5"
"2024-10-13 10:00";"0,000";"0,000";"9,3";"10,36";"9,4"
"2024-10-13 11:00";"0,08";"3,47";"9,6";"23,94";"9,7"
"2024-10-13 12:00";"0,35";"2,71";"10,2";"15,03";"10,4"
"2024-10-13 13:00";"1,68";"1,05";"10,5";"2,48";"10,5"
"2024-10-13 14:00";"0,32";"5,95";"10,8";"13,38";"10,6"
"2024-10-13 15:00";"0,21";"17,52";"11,4";"4,57";"11,2"
"2024-10-13 16:00";"0,01";"12,000";"11,3";"5,77";"12,7"
"2024-10-13 17:00";"0,000";"20,25";"11,6";"5,06";"13,4"
"2024-10-13 18:00";"0,000";"29,38";"11,2";"6,87";"14,9"
"2024-10-13 19:00";"0,000";"24,02";"10,6";"19,16";"16,8"
"2024-10-13 20:00";"0,000";"24,63";"10,5";"13,62";"17,3"
"2024-10-13 21:00";"0,000";"30,33";"9,9";"14,41";"16,9"
"2024-10-13 22:00";"0,000";"17,01";"10,2";"9,08";"17,3"
"2024-10-13 23:00";"0,000";"23,59";"10,1";"5,8";"17,1"
"2024-10-14 00:00";"0,000";"17,52";"9,9";"5,75";"14,6"
"2024-10-14 01:00";"0,000";"13,83";"10,4";"5,81";"13,2"
"2024-10-14 02:00";"0,000";"12,52";"10,4";"6,6";"12,7"
"2024-10-14 03:00";"0,000";"11,21";"9,3";"5,83";"12,000"
"2024-10-14 04:00";"0,000";"11,31";"8,3";"5,93";"11,2"
"2024-10-14 05:00";"0,000";"7,89";"8,2";"6,07";"11,2"
"2024-10-14 06:00";"0,000";"8,14";"7,7";"6,13";"11,000"
"2024-10-14 07:00";"0,000";"10,93";"7,4";"6,000";"10,9"
"2024-10-14 08:00";"0,000";"9,96";"8,000";"8,11";"10,7"
"2024-10-14 09:00";"0,000";"7,02";"9,5";"5,3";"10,8"
"2024-10-14 10:00";"0,01";"13,86";"10,1";"7,21";"11,3"
"2024-10-14 11:00";"2,59";"1,56";"10,7";"0,34";"11,7"
"2024-10-14 12:00";"3,59";"1,08";"11,6";"0,000";"12,3"
"2024-10-14 13:00";"6,88";"1,7";"12,1";"0,000";"12,6"
"2024-10-14 14:00";"1,75";"1,83";"11,4";"0,000";"11,8"
"2024-10-14 15:00";"0,8";"9,91";"10,7";"0,01";"12,4"
"2024-10-14 16:00";"0,03";"14,87";"11,000";"8,53";"12,000"
"2024-10-14 17:00";"0,000";"12,55";"11,1";"10,16";"11,6"
"2024-10-14 18:00";"0,000";"9,04";"10,2";"10,63";"11,3"
"2024-10-14 19:00";"0,000";"16,89";"8,3";"9,53";"10,8"
"2024-10-14 20:00";"0,000";"16,22";"7,2";"18,19";"10,3"
"2024-10-14 21:00";"0,000";"11,13";"6,8";"15,3";"9,8"
"2024-10-14 22:00";"0,000";"7,47";"7,000";"6,38";"9,6"
"2024-10-14 23:00";"0,000";"7,58";"7,2";"6,47";"9,6"
"2024-10-15 00:00";"0,000";"6,87";"6,2";"9,32";"9,4"
"2024-10-15 01:00";"0,000";"7,65";"6,7";"6,65";"9,2"
"2024-10-15 02:00";"0,000";"7,11";"6,6";"6,69";"9,1"
"2024-10-15 03:00";"0,000";"7,47";"6,1";"6,56";"9,3"
"2024-10-15 04:00";"0,000";"7,44";"6,7";"6,65";"9,2"
"2024-10-15 05:00";"0,000";"7,33";"6,6";"6,55";"9,000"
"2024-10-15 06:00";"0,000";"8,16";"7,7";"6,62";"8,9"
"2024-10-15 07:00";"0,000";"8,38";"7,4";"6,67";"8,8"
"2024-10-15 08:00";"0,000";"7,72";"6,2";"5,09";"8,8"
"2024-10-15 09:00";"0,01";"7,21";"6,7";"0,65";"8,8"
"2024-10-15 10:00";"2,65";"0,66";"8,9";"2,86";"8,8"
"2024-10-15 11:00";"8,77";"0,000";"9,8";"7,48";"8,9"
"2024-10-15 12:00";"9,42";"0,27";"11,000";"2,56";"9,8"
"2024-10-15 13:00";"10,18";"0,09";"11,7";"1,15";"10,5"
"2024-10-15 14:00";"14,97";"0,000";"12,000";"10,8";"11,000"
"2024-10-15 15:00";"8,52";"0,000";"11,9";"1,84";"10,7"
"2024-10-15 16:00";"2,23";"1,67";"11,8";"8,000";"10,8"
"2024-10-15 17:00";"0,000";"7,31";"11,6";"5,000";"9,3"
"2024-10-15 18:00";"0,000";"11,67";"10,4";"9,06";"8,4"
"2024-10-15 19:00";"0,000";"10,66";"8,3";"20,75";"7,3"
"2024-10-15 20:00";"0,000";"5,52";"7,1";"14,38";"8,8"
"2024-10-15 21:00";"0,000";"7,54";"6,2";"20,85";"8,4"
"2024-10-15 22:00";"0,000";"11,13";"5,1";"10,39";"8,7"
"2024-10-15 23:00";"0,000";"6,87";"4,2";"10,55";"8,3"
"2024-10-16 00:00";"0,000";"4,91";"4,8";"10,5";"8,3"
"2024-10-16 01:00";"0,000";"3,63";"6,1";"8,47";"8,1"
"2024-10-16 02:00";"0,000";"3,8";"6,2";"7,28";"7,8"
"2024-10-16 03:00";"0,000";"6,75";"6,3";"7,14";"7,7"
"2024-10-16 04:00";"0,000";"4,06";"6,4";"7,12";"7,2"
"2024-10-16 05:00";"0,000";"4,04";"6,3";"7,22";"7,1"
"2024-10-16 06:00";"0,000";"4,37";"6,1";"7,56";"7,4"
"2024-10-16 07:00";"0,000";"7,89";"6,9";"9,46";"7,2"
"2024-10-16 08:00";"0,000";"6,59";"7,3";"5,26";"7,2"
"2024-10-16 09:00";"0,000";"8,01";"7,9";"7,85";"7,1"
"2024-10-16 10:00";"0,44";"3,58";"9,1";"6,52";"8,3"
"2024-10-16 11:00";"3,91";"0,28";"10,7";"2,7";"9,4"
"2024-10-16 12:00";"9,28";"0,12";"11,9";"2,92";"8,6"
"2024-10-16 13:00";"4,49";"0,34";"12,3";"4,44";"9,000"
"2024-10-16 14:00";"3,35";"7,78";"12,4";"0,58";"9,9"
"2024-10-16 15:00";"0,79";"5,14";"12,000";"9,43";"10,6"
"2024-10-16 16:00";"0,02";"5,85";"11,6";"7,97";"10,9"
"2024-10-16 17:00";"0,06";"4,22";"11,4";"13,58";"10,3"
"2024-10-16 18:00";"0,000";"13,53";"10,8";"15,25";"8,4"
"2024-10-16 19:00";"0,000";"10,85";"10,2";"14,22";"6,4"
"2024-10-16 20:00";"0,000";"11,08";"10,1";"21,41";"5,3"
"2024-10-16 21:00";"0,000";"13,03";"10,2";"18,13";"4,8"
"2024-10-16 22:00";"0,000";"10,87";"10,2";"20,23";"4,9"
"2024-10-16 23:00";"0,000";"14,97";"10,1";"14,65";"4,6"
"2024-10-17 00:00";"0,000";"10,01";"9,9";"12,14";"5,1"
"2024-10-17 01:00";"0,000";"12,15";"9,9";"10,98";"4,9"
"2024-10-17 02:00";"0,000";"10,13";"9,8";"11,2";"4,1"
"2024-10-17 03:00";"0,000";"10,16";"9,8";"11,4";"1,9"
"2024-10-17 04:00";"0,000";"10,03";"9,8";"11,26";"1,2"
"2024-10-17 05:00";"0,000";"10,11";"9,5";"8,31";"1,3"
"2024-10-17 06:00";"0,000";"10,52";"9,7";"8,02";"1,4"
"2024-10-17 07:00";"0,000";"16,43";"9,9";"12,15";"2,3"
"2024-10-17 08:00";"0,000";"16,93";"9,9";"11,37";"5,000"
"2024-10-17 09:00";"0,000";"13,26";"10,2";"3,71";"7,3"
"2024-10-17 10:00";"0,16";"5,01";"11,1";"1,19";"8,7"
"2024-10-17 11:00";"2,77";"1,5";"11,8";"2,78";"9,1"
"2024-10-17 12:00";"6,11";"0,88";"12,3";"11,24";"9,9"
"2024-10-17 13:00";"4,93";"2,35";"12,6";"0,52";"10,8"
"2024-10-17 14:00";"10,22";"0,02";"12,7";"1,4";"11,4"
"2024-10-17 15:00";"4,24";"0,04";"12,7";"12,61";"11,4"
"2024-10-17 16:00";"0,000";"0,000";"12,5";"19,47";"11,3"
"2024-10-17 17:00";"0,000";"0,000";"12,3";"14,07";"11,2"
"2024-10-17 18:00";"0,000";"15,68";"11,6";"11,14";"10,9"
"2024-10-17 19:00";"0,000";"22,19";"11,2";"19,62";"10,1"
"2024-10-17 20:00";"0,000";"14,43";"11,000";"25,35";"10,4"
"2024-10-17 21:00";"0,000";"23,18";"11,2";"24,39";"9,9"
"2024-10-17 22:00";"0,000";"16,69";"11,3";"18,46";"9,2"
"2024-10-17 23:00";"0,000";"13,55";"11,5";"15,000";"9,1"
"2024-10-18 00:00";"0,000";"14,4";"11,7";"12,77";"8,8"
"2024-10-18 01:00";"0,000";"13,51";"12,2";"8,98";"9,000"
"2024-10-18 02:00";"0,000";"11,37";"12,4";"6,62";"9,6"
"2024-10-18 03:00";"0,000";"9,87";"12,4";"6,72";"9,6"
"2024-10-18 04:00";"0,000";"10,16";"12,2";"6,71";"9,000"
"2024-10-18 05:00";"0,000";"7,34";"12,1";"6,65";"9,3"
"2024-10-18 06:00";"0,000";"5,39";"12,2";"8,98";"8,9"
"2024-10-18 07:00";"0,000";"4,62";"12,2";"11,39";"8,2"
"2024-10-18 08:00";"0,000";"8,34";"12,1";"7,21";"7,5"
"2024-10-18 09:00";"0,000";"15,53";"12,2";"2,89";"7,5"
"2024-10-18 10:00";"0,31";"10,07";"12,5";"13,63";"8,5"
"2024-10-18 11:00";"1,88";"2,39";"13,1";"0,77";"10,000"
"2024-10-18 12:00";"1,89";"2,78";"13,5";"2,41";"11,2"
"2024-10-18 13:00";"0,76";"8,73";"14,3";"4,56";"11,8"
"2024-10-18 14:00";"3,2";"1,09";"14,9";"2,38";"12,3"
"2024-10-18 15:00";"2,43";"2,43";"15,2";"0,93";"13,2"
"2024-10-18 16:00";"0,76";"2,36";"14,8";"5,89";"12,4"
"2024-10-18 17:00";"0,02";"3,28";"14,4";"26,46";"12,4"
"2024-10-18 18:00";"0,000";"13,9";"13,1";"27,53";"10,6"
"2024-10-18 19:00";"0,000";"16,13";"11,7";"27,05";"9,000"
"2024-10-18 20:00";"0,000";"9,69";"11,1";"15,54";"9,4"
"2024-10-18 21:00";"0,000";"6,17";"10,6";"10,06";"8,000"
"2024-10-18 22:00";"0,000";"5,84";"10,5";"8,49";"7,4"
"2024-10-18 23:00";"0,000";"5,83";"10,3";"6,88";"6,8"
"2024-10-19 00:00";"0,000";"5,89";"10,7";"6,9";"6,8"
"2024-10-19 01:00";"0,000";"5,96";"11,000";"6,92";"6,5"
"2024-10-19 02:00";"0,000";"5,93";"10,8";"7,08";"6,2"
"2024-10-19 03:00";"0,000";"7,91";"10,7";"7,16";"6,000"
"2024-10-19 04:00";"0,000";"6,11";"10,6";"7,22";"5,9"
"2024-10-19 05:00";"0,000";"6,06";"10,7";"7,2";"5,9"
"2024-10-19 06:00";"0,000";"5,14";"10,5";"7,34";"5,8"
"2024-10-19 07:00";"0,000";"2,8";"10,2";"12,57";"6,000"
"2024-10-19 08:00";"0,01";"1,82";"9,8";"6,36";"6,3"
"2024-10-19 09:00";"0,24";"1,64";"9,9";"2,59";"6,7"
"2024-10-19 10:00";"0,86";"1,6";"11,000";"6,39";"6,9"
"2024-10-19 11:00";"3,21";"4,19";"12,3";"5,48";"7,1"
"2024-10-19 12:00";"3,78";"3,4";"13,000";"4,2";"6,9"
"2024-10-19 13:00";"7,58";"0,01";"13,8";"14,05";"6,9"
"2024-10-19 14:00";"11,06";"0,000";"13,7";"3,7";"6,7"
"2024-10-19 15:00";"3,09";"0,000";"13,8";"5,03";"6,7"
"2024-10-19 16:00";"0,69";"0,22";"13,4";"13,44";"6,7"
"2024-10-19 17:00";"0,01";"2,81";"13,000";"14,85";"6,5"
"2024-10-19 18:00";"0,000";"9,31";"12,6";"13,69";"6,3"
"2024-10-19 19:00";"0,000";"6,3";"12,8";"17,27";"5,8"
"2024-10-19 20:00";"0,000";"7,06";"13,000";"14,95";"5,6"
"2024-10-19 21:00";"0,000";"13,91";"13,5";"24,37";"5,2"
"2024-10-19 22:00";"0,000";"6,18";"13,9";"20,12";"4,7"
"2024-10-19 23:00";"0,000";"5,82";"14,1";"16,37";"4,4"
"2024-10-20 00:00";"0,000";"5,77";"14,4";"15,83";"4,3"
"2024-10-20 01:00";"0,000";"5,79";"14,3";"16,62";"4,3"
"2024-10-20 02:00";"0,000";"5,8";"14,3";"15,71";"4,2"
"2024-10-20 03:00";"0,000";"5,8";"14,4";"12,9";"4,000"
"2024-10-20 04:00";"0,000";"5,73";"14,5";"12,55";"4,2"
"2024-10-20 05:00";"0,000";"4,48";"14,4";"12,45";"4,2"
"2024-10-20 06:00";"0,000";"2,5";"14,000";"10,73";"4,1"
"2024-10-20 07:00";"0,000";"5,38";"13,7";"11,34";"3,8"
"2024-10-20 08:00";"0,000";"6,99";"13,2";"7,57";"3,7"
"2024-10-20 09:00";"0,000";"13,35";"12,6";"10,77";"3,8"
"2024-10-20 10:00";"0,79";"5,58";"13,000";"11,59";"4,4"
"2024-10-20 11:00";"0,72";"6,72";"15,000";"6,83";"5,2"
"2024-10-20 12:00";"2,53";"2,4";"16,3";"19,01";"5,6"
"2024-10-20 13:00";"7,41";"0,91";"17,000";"2,06";"6,5"
"2024-10-20 14:00";"7,05";"0,21";"17,4";"3,64";"6,7"
"2024-10-20 15:00";"0,04";"5,61";"17,4";"7,79";"6,5"
"2024-10-20 16:00";"0,000";"3,18";"16,4";"22,32";"6,2"
"2024-10-20 17:00";"0,000";"18,94";"15,2";"22,81";"6,1"
"2024-10-20 18:00";"0,000";"12,23";"13,9";"6,56";"6,000"
"2024-10-20 19:00";"0,000";"15,95";"12,9";"9,99";"6,1"
"2024-10-20 20:00";"0,000";"19,51";"12,9";"12,64";"6,3"
"2024-10-20 21:00";"0,000";"7,87";"13,7";"11,7";"6,4"
"2024-10-20 22:00";"0,000";"12,54";"14,000";"13,83";"5,5"
"2024-10-20 23:00";"0,000";"6,98";"13,8";"9,08";"5,2"
"2024-10-21 00:00";"0,000";"5,68";"14,2";"8,29";"5,4"
"2024-10-21 01:00";"0,000";"5,66";"14,2";"8,37";"5,3"
"2024-10-21 02:00";"0,000";"5,62";"14,4";"8,98";"5,5"
"2024-10-21 03:00";"0,000";"5,6";"14,4";"8,2";"5,8"
"2024-10-21 04:00";"0,000";"5,63";"14,6";"7,99";"5,9"
"2024-10-21 05:00";"0,000";"5,81";"14,9";"7,82";"6,000"
"2024-10-21 06:00";"0,000";"5,7";"14,7";"7,72";"6,3"
"2024-10-21 07:00";"0,000";"7,84";"14,000";"6,53";"6,8"
"2024-10-21 08:00";"0,000";"10,83";"14,2";"5,57";"7,2"
"2024-10-21 09:00";"0,000";"9,74";"14,6";"3,66";"7,1"
"2024-10-21 10:00";"0,15";"3,71";"14,6";"3,47";"7,4"
"2024-10-21 11:00";"1,78";"2,57";"14,9";"8,99";"7,1"
"2024-10-21 12:00";"0,71";"4,15";"15,4";"13,53";"7,000"
"2024-10-21 13:00";"0,17";"9,65";"14,9";"2,96";"7,1"
"2024-10-21 14:00";"0,69";"3,35";"14,7";"2,65";"7,5"
"2024-10-21 15:00";"0,1";"2,15";"14,7";"11,52";"8,3"
"2024-10-21 16:00";"0,000";"2,94";"14,4";"24,46";"8,6"
"2024-10-21 17:00";"0,000";"6,55";"14,000";"11,97";"8,7"
"2024-10-21 18:00";"0,000";"3,38";"13,7";"14,07";"8,5"
"2024-10-21 19:00";"0,000";"2,76";"13,5";"8,26";"7,9"
"2024-10-21 20:00";"0,000";"5,27";"13,5";"7,54";"7,2"
"2024-10-21 21:00";"0,000";"12,59";"13,1";"8,2";"7,1"
"2024-10-21 22:00";"0,000";"7,33";"13,1";"7,79";"7,1"
"2024-10-21 23:00";"0,000";"5,92";"13,1";"7,28";"7,2"
"2024-10-22 00:00";"0,000";"5,84";"13,000";"6,59";"7,2"
"2024-10-22 01:00";"0,000";"6,4";"12,9";"4,56";"7,000"
"2024-10-22 02:00";"0,000";"5,82";"12,7";"3,72";"6,6"
"2024-10-22 03:00";"0,000";"6,5";"12,7";"3,67";"6,2"
"2024-10-22 04:00";"0,000";"5,92";"12,4";"3,71";"6,000"
"2024-10-22 05:00";"0,000";"6,54";"12,1";"3,6";"5,9"
"2024-10-22 06:00";"0,000";"6,5";"11,8";"4,34";"6,3"
"2024-10-22 07:00";"0,000";"5,22";"11,8";"3,66";"6,3"
"2024-10-22 08:00";"0,000";"5,42";"11,3";"6,59";"6,000"
"2024-10-22 09:00";"0,000";"6,37";"10,5";"13,07";"5,9"
"2024-10-22 10:00";"0,000";"10,28";"9,8";"8,000";"5,7"
"2024-10-22 11:00";"0,25";"7,52";"10,000";"8,32";"6,1"
"2024-10-22 12:00";"5,28";"2,23";"10,8";"3,15";"6,5"
"2024-10-22 13:00";"2,64";"2,99";"11,8";"0,34";"7,8"
"2024-10-22 14:00";"3,77";"1,63";"12,6";"0,000";"12,4"
"2024-10-22 15:00";"0,85";"4,56";"13,4";"4,68";"14,000"
"2024-10-22 16:00";"0,000";"9,75";"13,8";"4,04";"13,6"
"2024-10-22 17:00";"0,000";"12,89";"13,6";"1,89";"13,3"
"2024-10-22 18:00";"0,000";"14,35";"12,8";"8,31";"11,9"
"2024-10-22 19:00";"0,000";"21,25";"12,4";"18,98";"11,5"
"2024-10-22 20:00";"0,000";"12,11";"12,3";"9,89";"10,2"
"2024-10-22 21:00";"0,000";"11,54";"12,000";"6,38";"8,9"
"2024-10-22 22:00";"0,000";"13,71";"11,7";"6,41";"8,3"
"2024-10-22 23:00";"0,000";"13,2";"11,6";"7,08";"8,1"
"2024-10-23 00:00";"0,000";"12,4";"11,6";"8,94";"9,3"
"2024-10-23 01:00";"0,000";"9,77";"11,3";"6,59";"9,9"
"2024-10-23 02:00";"0,000";"6,76";"11,1";"6,71";"9,9"
"2024-10-23 03:00";"0,000";"6,95";"10,9";"6,73";"9,7"
"2024-10-23 04:00";"0,000";"4,66";"10,6";"6,82";"9,9"
"2024-10-23 05:00";"0,000";"2,95";"10,3";"4,78";"9,2"
"2024-10-23 06:00";"0,000";"3,04";"10,1";"3,83";"8,000"
"2024-10-23 07:00";"0,000";"6,01";"9,9";"8,07";"8,2"
"2024-10-23 08:00";"0,000";"4,79";"9,8";"6,32";"8,1"
"2024-10-23 09:00";"0,000";"6,74";"9,8";"5,24";"8,5"
"2024-10-23 10:00";"0,16";"4,21";"10,4";"2,65";"9,2"
"2024-10-23 11:00";"6,24";"0,03";"11,2";"0,03";"10,3"
"2024-10-23 12:00";"9,2";"0,09";"11,8";"2,19";"11,000"
"2024-10-23 13:00";"5,66";"3,16";"12,1";"1,06";"10,9"
"2024-10-23 14:00";"2,43";"3,5";"12,6";"5,88";"11,3"
"2024-10-23 15:00";"0,89";"1,97";"13,1";"15,28";"10,8"
"2024-10-23 16:00";"0,43";"3,6";"13,2";"13,47";"10,6"
"2024-10-23 17:00";"0,000";"6,5";"12,8";"9,04";"10,9"
"2024-10-23 18:00";"0,000";"14,41";"12,1";"9,92";"10,8"
"2024-10-23 19:00";"0,000";"22,97";"11,8";"13,000";"10,3"
"2024-10-23 20:00";"0,000";"7,49";"11,8";"15,63";"10,3"
"2024-10-23 21:00";"0,000";"3,1";"11,5";"21,09";"10,1"
"2024-10-23 22:00";"0,000";"6,05";"11,7";"19,37";"9,3"
"2024-10-23 23:00";"0,000";"5,91";"11,4";"18,64";"8,4"
"2024-10-24 00:00";"0,000";"6,61";"10,8";"14,15";"7,5"
"2024-10-24 01:00";"0,000";"5,97";"10,6";"15,93";"6,8"
"2024-10-24 02:00";"0,000";"5,99";"10,5";"11,01";"6,7"
"2024-10-24 03:00";"0,000";"6,01";"10,1";"8,19";"6,5"
"2024-10-24 04:00";"0,000";"8,12";"9,9";"7,17";"6,3"
"2024-10-24 05:00";"0,000";"6,2";"9,6";"7,05";"5,9"
"2024-10-24 06:00";"0,000";"6,29";"9,3";"7,25";"5,8"
"2024-10-24 07:00";"0,000";"9,09";"8,7";"9,66";"6,000"
"2024-10-24 08:00";"0,000";"12,39";"8,8";"8,42";"7,000"
"2024-10-24 09:00";"0,000";"17,18";"8,9";"3,94";"7,4"
"2024-10-24 10:00";"0,05";"12,61";"9,4";"3,37";"7,4"
"2024-10-24 11:00";"3,06";"2,27";"10,000";"0,49";"8,1"
"2024-10-24 12:00";"6,84";"0,14";"11,000";"2,62";"9,8"
"2024-10-24 13:00";"5,38";"0,1";"12,5";"4,08";"10,6"
"2024-10-24 14:00";"7,99";"0,000";"13,1";"7,47";"11,3"
"2024-10-24 15:00";"5,27";"0,66";"13,5";"7,24";"10,8"
"2024-10-24 16:00";"1,66";"3,15";"13,2";"6,14";"10,5"
"2024-10-24 17:00";"0,000";"9,28";"12,5";"26,25";"9,9"
"2024-10-24 18:00";"0,000";"11,61";"11,000";"5,76";"9,5"
"2024-10-24 19:00";"0,000";"18,07";"9,5";"3,68";"8,6"
"2024-10-24 20:00";"0,000";"6,91";"8,8";"8,54";"8,000"
"2024-10-24 21:00";"0,000";"6,63";"8,4";"15,13";"7,5"
"2024-10-24 22:00";"0,000";"6,44";"8,5";"16,87";"7,2"
"2024-10-24 23:00";"0,000";"6,4";"8,3";"17,3";"7,1"
"2024-10-25 00:00";"0,000";"6,3";"7,9";"15,36";"7,3"
"2024-10-25 01:00";"0,000";"7,17";"8,8";"14,69";"7,3"
"2024-10-25 02:00";"0,000";"7,81";"9,7";"14,52";"7,3"
"2024-10-25 03:00";"0,000";"6,64";"9,2";"14,51";"7,7"
"2024-10-25 04:00";"0,000";"6,6";"8,9";"14,89";"7,9"
"2024-10-25 05:00";"0,000";"5,27";"8,8";"11,19";"8,2"
"2024-10-25 06:00";"0,000";"3,19";"8,9";"11,3";"8,1"
"2024-10-25 07:00";"0,000";"7,17";"8,8";"13,99";"8,1"
"2024-10-25 08:00";"0,000";"7,8";"9,5";"12,28";"8,2"
"2024-10-25 09:00";"0,000";"19,11";"10,000";"8,27";"8,000"
"2024-10-25 10:00";"0,000";"7,25";"10,5";"15,26";"7,9"
"2024-10-25 11:00";"0,02";"3,08";"11,000";"6,86";"7,9"
"2024-10-25 12:00";"0,21";"2,77";"11,2";"6,82";"8,000"
"2024-10-25 13:00";"0,04";"8,77";"11,5";"4,17";"8,1"
"2024-10-25 14:00";"0,000";"6,8";"11,9";"16,21";"8,7"
"2024-10-25 15:00";"0,000";"6,23";"12,1";"26,98";"9,1"
"2024-10-25 16:00";"0,000";"4,08";"12,1";"9,59";"9,3"
"2024-10-25 17:00";"0,000";"10,59";"11,9";"20,04";"8,8"
"2024-10-25 18:00";"0,000";"14,2";"11,4";"18,91";"8,4"
"2024-10-25 19:00";"0,000";"8,72";"11,000";"16,79";"8,1"
"2024-10-25 20:00";"0,000";"15,82";"10,9";"27,35";"7,9"
"2024-10-25 21:00";"0,000";"6,13";"10,7";"16,19";"7,9"
"2024-10-25 22:00";"0,000";"7,42";"10,7";"25,94";"7,6"
"2024-10-25 23:00";"0,000";"6,77";"10,2";"21,35";"7,6"
"2024-10-26 00:00";"0,000";"6,71";"9,7";"18,57";"7,5"
"2024-10-26 01:00";"0,000";"6,34";"9,8";"17,87";"7,4"
"2024-10-26 02:00";"0,000";"6,95";"9,4";"14,73";"7,4"
"2024-10-26 03:00";"0,000";"6,28";"9,2";"15,34";"7,3"
"2024-10-26 04:00";"0,000";"6,24";"9,5";"14,86";"7,2"
"2024-10-26 05:00";"0,000";"6,83";"9,9";"13,54";"7,1"
"2024-10-26 06:00";"0,000";"6,25";"10,1";"11,75";"6,8"
"2024-10-26 07:00";"0,000";"6,87";"10,3";"13,45";"6,8"
"2024-10-26 08:00";"0,000";"6,35";"10,4";"13,14";"6,8"
"2024-10-26 09:00";"0,000";"5,18";"10,4";"8,08";"6,8"
"2024-10-26 10:00";"0,06";"1,79";"10,6";"9,46";"6,9"
"2024-10-26 11:00";"0,39";"2,9";"10,7";"5,47";"6,9"
"2024-10-26 12:00";"0,73";"6,48";"10,7";"8,94";"7,2"
"2024-10-26 13:00";"0,000";"11,66";"11,1";"14,51";"7,5"
"2024-10-26 14:00";"0,000";"7,64";"11,6";"10,23";"7,4"
"2024-10-26 15:00";"0,000";"10,18";"11,9";"8,88";"7,000"
"2024-10-26 16:00";"0,000";"10,71";"12,3";"14,32";"6,7"
"2024-10-26 17:00";"0,000";"7,5";"12,5";"21,9";"6,6"
"2024-10-26 18:00";"0,000";"10,56";"12,2";"11,86";"6,2"
"2024-10-26 19:00";"0,000";"17,49";"11,4";"11,88";"5,7"
"2024-10-26 20:00";"0,000";"20,54";"11,6";"10,22";"5,5"
"2024-10-26 21:00";"0,000";"11,99";"10,7";"11,14";"5,3"
"2024-10-26 22:00";"0,000";"11,95";"11,1";"8,71";"5,2"
"2024-10-26 23:00";"0,000";"13,48";"11,1";"8,63";"5,2"
"2024-10-27 00:00";"0,000";"11,84";"10,9";"7,53";"5,4"
"2024-10-27 01:00";"0,000";"10,07";"10,8";"4,87";"5,5"
"2024-10-27 02:00";"0,000";"10,51";"11,000";"4,82";"5,4"
"2024-10-27 03:00";"0,000";"9,91";"11,4";"5,56";"5,3"
"2024-10-27 04:00";"0,000";"9,89";"11,3";"4,93";"5,2"
"2024-10-27 05:00";"0,000";"10,54";"11,1";"5,03";"5,1"
"2024-10-27 06:00";"0,000";"9,82";"11,1";"5,14";"5,1"
"2024-10-27 07:00";"0,000";"9,61";"11,5";"11,32";"5,1"
"2024-10-27 08:00";"0,03";"5,54";"12,5";"8,07";"5,2"
"2024-10-27 09:00";"0,02";"8,4";"13,1";"12,34";"5,3"
"2024-10-27 10:00";"0,21";"3,26";"13,4";"10,53";"5,7"
"2024-10-27 11:00";"0,000";"8,47";"12,7";"2,69";"6,3"
"2024-10-27 12:00";"0,000";"12,92";"12,3";"5,33";"6,8"
"2024-10-27 13:00";"0,000";"5,3";"11,4";"19,23";"6,9"
"2024-10-27 14:00";"0,71";"7,78";"11,2";"8,85";"7,000"
"2024-10-27 15:00";"0,14";"3,21";"11,7";"15,03";"6,6"
"2024-10-27 16:00";"0,000";"3,09";"11,7";"21,7";"6,3"
"2024-10-27 17:00";"0,000";"15,5";"10,5";"14,03";"6,000"
"2024-10-27 18:00";"0,000";"19,88";"9,2";"17,97";"5,5"
"2024-10-27 19:00";"0,000";"19,77";"8,8";"19,83";"4,9"
"2024-10-27 20:00";"0,000";"18,26";"8,8";"21,83";"4,4"
"2024-10-27 21:00";"0,000";"16,81";"8,4";"23,91";"4,5"
"2024-10-27 22:00";"0,000";"7,7";"8,6";"16,09";"4,5"
"2024-10-27 23:00";"0,000";"6,97";"8,75";"15,2";"4,7"
"2024-10-28 00:00";"0,000";"7,4";"8,9";"15,84";"4,7"
"2024-10-28 01:00";"0,000";"6,94";"8,9";"15,29";"4,7"
"2024-10-28 02:00";"0,000";"3,7";"9,000";"15,4";"4,6"
"2024-10-28 03:00";"0,000";"3,82";"9,3";"16,07";"4,6"
"2024-10-28 04:00";"0,000";"4,05";"8,8";"12,22";"4,6"
"2024-10-28 05:00";"0,000";"3,73";"7,6";"8,73";"4,7"
"2024-10-28 06:00";"0,000";"4,59";"7,5";"8,24";"4,6"
"2024-10-28 07:00";"0,000";"4,6";"8,7";"9,000";"4,4"
"2024-10-28 08:00";"0,000";"6,34";"9,3";"7,67";"4,5"
"2024-10-28 09:00";"0,000";"20,11";"10,4";"9,85";"4,6"
"2024-10-28 10:00";"0,000";"12,48";"10,7";"12,62";"5,2"
"2024-10-28 11:00";"0,57";"3,11";"10,9";"3,29";"5,8"
"2024-10-28 12:00";"0,43";"8,97";"11,6";"1,07";"6,000"
"2024-10-28 13:00";"0,07";"3,07";"11,9";"15,68";"6,3"
"2024-10-28 14:00";"0,02";"3,31";"11,8";"5,51";"6,5"
"2024-10-28 15:00";"0,01";"3,95";"11,7";"23,32";"6,6"
"2024-10-28 16:00";"0,000";"4,39";"11,4";"24,92";"6,6"
"2024-10-28 17:00";"0,000";"4,25";"11,1";"25,1";"6,7"
"2024-10-28 18:00";"0,000";"6,69";"10,8";"23,29";"6,5"
"2024-10-28 19:00";"0,000";"11,95";"11,000";"24,02";"6,4"
"2024-10-28 20:00";"0,000";"8,16";"11,1";"18,84";"6,4"
"2024-10-28 21:00";"0,000";"5,91";"11,3";"15,11";"6,5"
"2024-10-28 22:00";"0,000";"7,000";"11,3";"15,53";"6,7"
"2024-10-28 23:00";"0,000";"6,95";"11,5";"13,26";"6,6"
"2024-10-29 00:00";"0,000";"6,49";"11,6";"12,16";"6,7"
"2024-10-29 01:00";"0,000";"6,52";"11,5";"11,36";"6,9"
"2024-10-29 02:00";"0,000";"6,99";"11,5";"9,56";"7,000"
"2024-10-29 03:00";"0,000";"6,42";"11,5";"7,86";"7,000"
"2024-10-29 04:00";"0,000";"7,06";"11,5";"7,73";"7,5"
"2024-10-29 05:00";"0,000";"6,46";"11,3";"7,72";"7,5"
"2024-10-29 06:00";"0,000";"5,43";"10,9";"8,57";"7,6"
"2024-10-29 07:00";"0,000";"5,01";"10,6";"6,62";"7,8"
"2024-10-29 08:00";"0,000";"3,58";"10,9";"3,8";"7,3"
"2024-10-29 09:00";"0,12";"3,36";"11,3";"9,24";"7,4"
"2024-10-29 10:00";"0,1";"2,19";"11,6";"9,55";"7,5"
"2024-10-29 11:00";"0,01";"10,06";"12,3";"11,39";"7,8"
"2024-10-29 12:00";"0,000";"15,64";"12,6";"21,91";"7,9"
"2024-10-29 13:00";"0,000";"21,19";"12,5";"12,9";"8,7"
"2024-10-29 14:00";"0,000";"7,65";"12,7";"2,6";"10,8"
"2024-10-29 15:00";"0,000";"6,2";"13,1";"1,86";"11,7"
"2024-10-29 16:00";"0,000";"5,4";"13,000";"11,25";"11,5"
"2024-10-29 17:00";"0,000";"5,65";"12,8";"24,67";"10,3"
"2024-10-29 18:00";"0,000";"15,42";"12,5";"24,31";"9,7"
"2024-10-29 19:00";"0,000";"25,67";"12,5";"14,34";"8,9"
"2024-10-29 20:00";"0,000";"17,68";"12,7";"13,36";"9,5"
"2024-10-29 21:00";"0,000";"11,31";"12,8";"8,35";"9,7"
"2024-10-29 22:00";"0,000";"6,66";"12,8";"8,34";"9,5"
"2024-10-29 23:00";"0,000";"6,71";"12,8";"7,83";"9,35"
"2024-10-30 00:00";"0,000";"8,84";"12,7";"7,85";"9,2"
"2024-10-30 01:00";"0,000";"9,82";"12,3";"8,53";"8,8"
"2024-10-30 02:00";"0,000";"7,48";"12,3";"7,89";"8,9"
"2024-10-30 03:00";"0,000";"7,02";"12,1";"7,93";"9,2"
"2024-10-30 04:00";"0,000";"6,5";"11,9";"7,78";"9,4"
"2024-10-30 05:00";"0,000";"6,92";"11,6";"7,78";"9,3"
"2024-10-30 06:00";"0,000";"6,57";"11,2";"8,68";"9,3"
"2024-10-30 07:00";"0,000";"7,24";"10,8";"10,02";"9,1"
"2024-10-30 08:00";"0,000";"7,89";"11,000";"10,32";"10,1"
"2024-10-30 09:00";"0,000";"12,37";"11,1";"13,23";"10,9"
"2024-10-30 10:00";"0,000";"5,68";"11,1";"5,65";"11,1"
"2024-10-30 11:00";"0,08";"8,28";"11,3";"1,64";"11,9"
"2024-10-30 12:00";"0,73";"3,000";"11,4";"5,78";"12,4"
"2024-10-30 13:00";"1,71";"2,31";"11,6";"1,37";"12,7"
"2024-10-30 14:00";"0,26";"7,17";"11,7";"0,6";"12,8"
"2024-10-30 15:00";"0,000";"9,55";"11,4";"4,08";"12,000"
"2024-10-30 16:00";"0,000";"17,07";"10,7";"7,17";"10,8"
"2024-10-30 17:00";"0,000";"16,2";"10,7";"10,38";"10,6"
"2024-10-30 18:00";"0,000";"21,3";"10,5";"10,63";"10,3"
"2024-10-30 19:00";"0,000";"11,18";"10,5";"11,18";"9,8"
"2024-10-30 20:00";"0,000";"11,2";"10,4";"14,42";"9,2"
"2024-10-30 21:00";"0,000";"11,86";"10,3";"14,74";"9,4"
"2024-10-30 22:00";"0,000";"9,09";"10,1";"9,29";"9,000"
"2024-10-30 23:00";"0,000";"7,11";"10,2";"8,1";"8,5"
"2024-10-31 00:00";"0,000";"7,29";"10,1";"7,43";"8,1"
"2024-10-31 01:00";"0,000";"7,34";"9,2";"7,51";"7,9"
"2024-10-31 02:00";"0,000";"7,05";"9,3";"8,43";"8,2"
"2024-10-31 03:00";"0,000";"7,41";"9,2";"7,62";"8,4"
"2024-10-31 04:00";"0,000";"6,23";"9,1";"7,53";"8,4"
"2024-10-31 05:00";"0,000";"4,01";"9,000";"7,5";"8,2"
"2024-10-31 06:00";"0,000";"3,65";"9,2";"7,76";"7,6"
"2024-10-31 07:00";"0,000";"8,97";"9,6";"13,23";"7,1"
"2024-10-31 08:00";"0,000";"11,11";"10,5";"17,94";"6,9"
"2024-10-31 09:00";"0,000";"7,45";"11,000";"20,14";"7,000"
"2024-10-31 10:00";"0,01";"6,11";"11,4";"15,08";"7,1"
"2024-10-31 11:00";"0,000";"6,33";"11,8";"9,02";"6,9"
"2024-10-31 12:00";"0,000";"14,51";"11,9";"8,43";"6,4"
"2024-10-31 13:00";"0,000";"7,23";"12,4";"24,06";"6,1"
"2024-10-31 14:00";"0,000";"3,88";"12,6";"19,72";"5,8"
"2024-10-31 15:00";"0,000";"5,48";"12,6";"14,01";"4,9"
"2024-10-31 16:00";"0,000";"6,89";"12,7";"14,67";"4,8"
"2024-10-31 17:00";"0,000";"8,7";"12,6";"14,1";"5,1"
"2024-10-31 18:00";"0,000";"4,15";"12,6";"12,05";"5,2"
"2024-10-31 19:00";"0,000";"3,86";"12,7";"12,97";"5,7"
"2024-10-31 20:00";"0,000";"6,88";"12,5";"15,19";"5,9"
"2024-10-31 21:00";"0,000";"7,33";"12,5";"15,97";"5,9"
"2024-10-31 22:00";"0,000";"10,89";"12,6";"18,94";"5,6"
"2024-10-31 23:00";"0,000";"13,15";"12,5";"19,01";"5,6"
"2024-11-01 00:00";"0,000";"10,28";"12,4";"18,89";"4,9"
"2024-11-01 01:00";"0,000";"10,22";"12,4";"19,12";"4,000"
"2024-11-01 02:00";"0,000";"9,88";"12,5";"17,3";"4,000"
"2024-11-01 03:00";"0,000";"10,59";"12,1";"15,77";"3,9"
"2024-11-01 04:00";"0,000";"10,15";"12,000";"16,22";"3,5"
"2024-11-01 05:00";"0,000";"10,22";"12,1";"15,76";"3,3"
"2024-11-01 06:00";"0,000";"10,61";"12,2";"15,91";"3,2"
"2024-11-01 07:00";"0,000";"14,09";"12,5";"17,95";"3,3"
"2024-11-01 08:00";"0,000";"10,37";"12,9";"10,93";"3,7"
"2024-11-01 09:00";"0,000";"4,2";"13,5";"7,86";"4,4"
"2024-11-01 10:00";"0,000";"4,12";"13,9";"11,08";"5,5"
"2024-11-01 11:00";"0,000";"5,86";"14,3";"3,85";"5,9"
"2024-11-01 12:00";"0,000";"10,73";"14,4";"0,81";"6,8"
"2024-11-01 13:00";"0,000";"15,05";"14,1";"0,03";"7,2"
"2024-11-01 14:00";"0,000";"10,37";"14,000";"0,53";"6,9"
"2024-11-01 15:00";"0,000";"4,94";"13,4";"26,82";"6,2"
"2024-11-01 16:00";"0,000";"6,02";"12,5";"22,82";"6,1"
"2024-11-01 17:00";"0,000";"13,47";"11,8";"14,92";"6,3"
"2024-11-01 18:00";"0,000";"13,17";"10,5";"20,7";"6,6"
"2024-11-01 19:00";"0,000";"12,65";"9,7";"18,53";"6,4"
"2024-11-01 20:00";"0,000";"17,98";"9,2";"12,18";"6,5"
"2024-11-01 21:00";"0,000";"28,66";"8,9";"8,66";"6,9"
"2024-11-01 22:00";"0,000";"21,86";"8,7";"7,96";"7,1"
"2024-11-01 23:00";"0,000";"11,75";"6,8";"7,84";"7,2"
"2024-11-02 00:00";"0,000";"11,21";"5,8";"6,24";"7,5"
"2024-11-02 01:00";"0,000";"11,1";"4,3";"4,14";"7,9"
"2024-11-02 02:00";"0,000";"11,53";"3,2";"4,26";"7,8"
"2024-11-02 03:00";"0,000";"9,93";"2,5";"4,27";"7,4"
"2024-11-02 04:00";"0,000";"9,07";"2,000";"5,05";"7,1"
"2024-11-02 05:00";"0,000";"8,76";"1,4";"4,25";"7,000"
"2024-11-02 06:00";"0,000";"8,94";"0,4";"4,35";"7,1"
"2024-11-02 07:00";"0,000";"7,86";"-0,8";"7,91";"7,7"
"2024-11-02 08:00";"0,01";"3,53";"1,2";"2,42";"8,4"
"2024-11-02 09:00";"0,85";"2,02";"3,3";"0,42";"9,5"
"2024-11-02 10:00";"1,72";"1,36";"4,3";"2,83";"10,9"
"2024-11-02 11:00";"3,55";"0,98";"5,7";"3,9";"11,1"
"2024-11-02 12:00";"3,99";"0,78";"6,6";"3,83";"11,000"
"2024-11-02 13:00";"3,19";"1,98";"6,9";"4,84";"11,000"
"2024-11-02 14:00";"1,48";"4,68";"7,3";"7,81";"10,8"
"2024-11-02 15:00";"0,02";"15,21";"7,2";"7,83";"11,2"
"2024-11-02 16:00";"0,000";"23,69";"5,3";"6,59";"11,2"
"2024-11-02 17:00";"0,000";"19,7";"4,3";"6,73";"11,4"
"2024-11-02 18:00";"0,000";"8,26";"4,2";"10,56";"11,2"
"2024-11-02 19:00";"0,000";"16,52";"3,5";"5,83";"10,6"
"2024-11-02 20:00";"0,000";"10,02";"3,3";"10,49";"9,8"
"2024-11-02 21:00";"0,000";"11,16";"3,8";"6,15";"9,2"
"2024-11-02 22:00";"0,000";"4,84";"5,2";"4,26";"8,8"
"2024-11-02 23:00";"0,000";"4,93";"6,1";"4,04";"9,000"
"2024-11-03 00:00";"0,000";"4,84";"6,4";"3,91";"8,9"
"2024-11-03 01:00";"0,000";"4,89";"6,3";"3,97";"8,8"
"2024-11-03 02:00";"0,000";"4,9";"6,7";"3,96";"8,7"
"2024-11-03 03:00";"0,000";"4,77";"7,000";"3,95";"8,6"
"2024-11-03 04:00";"0,000";"4,63";"7,5";"6,06";"8,4"
"2024-11-03 05:00";"0,000";"4,54";"7,7";"3,98";"8,000"
"2024-11-03 06:00";"0,000";"6,52";"8,000";"3,99";"7,7"
"2024-11-03 07:00";"0,000";"4,46";"8,2";"5,2";"7,9"
"2024-11-03 08:00";"0,000";"3,5";"8,4";"6,73";"8,5"
"2024-11-03 09:00";"0,03";"1,94";"8,8";"14,93";"9,1"
"2024-11-03 10:00";"0,01";"3,52";"9,3";"6,65";"10,000"
"2024-11-03 11:00";"0,000";"17,38";"9,9";"4,04";"10,9"
"2024-11-03 12:00";"0,000";"6,23";"10,4";"3,97";"10,9"
"2024-11-03 13:00";"0,04";"1,59";"10,9";"0,2";"10,9"
"2024-11-03 14:00";"0,000";"2,64";"11,2";"3,09";"10,6"
"2024-11-03 15:00";"0,1";"1,77";"11,4";"21,34";"10,1"
"2024-11-03 16:00";"0,000";"5,22";"11,5";"26,000";"9,3"
"2024-11-03 17:00";"0,000";"21,84";"11,2";"14,42";"9,2"
"2024-11-03 18:00";"0,000";"19,16";"10,9";"8,2";"8,9"
"2024-11-03 19:00";"0,000";"16,72";"11,1";"14,8";"8,8"
"2024-11-03 20:00";"0,000";"16,63";"11,2";"24,77";"8,5"
"2024-11-03 21:00";"0,000";"15,16";"11,2";"11,71";"8,6"
"2024-11-03 22:00";"0,000";"12,66";"11,2";"11,37";"8,6"
"2024-11-03 23:00";"0,000";"16,48";"10,9";"11,28";"8,6"
"2024-11-04 00:00";"0,000";"11,88";"10,4";"11,01";"8,3"
"2024-11-04 01:00";"0,000";"10,19";"10,2";"9,95";"7,9"
"2024-11-04 02:00";"0,000";"10,57";"10,6";"7,52";"7,5"
"2024-11-04 03:00";"0,000";"10,14";"9,9";"8,54";"7,2"
"2024-11-04 04:00";"0,000";"10,25";"9,000";"7,73";"7,2"
"2024-11-04 05:00";"0,000";"10,82";"8,5";"7,87";"7,3"
"2024-11-04 06:00";"0,000";"10,54";"8,4";"7,84";"7,3"
"2024-11-04 07:00";"0,000";"12,44";"8,5";"7,6";"7,4"
"2024-11-04 08:00";"0,000";"10,67";"8,8";"12,1";"7,8"
"2024-11-04 09:00";"0,000";"10,78";"9,7";"17,38";"8,2"
"2024-11-04 10:00";"0,000";"6,76";"10,000";"14,61";"8,4"
"2024-11-04 11:00";"0,34";"1,57";"10,6";"10,15";"8,4"
"2024-11-04 12:00";"0,11";"3,39";"10,9";"8,05";"8,5"
"2024-11-04 13:00";"0,000";"5,34";"11,000";"3,74";"9,000"
"2024-11-04 14:00";"0,000";"7,88";"10,8";"5,98";"8,7"
"2024-11-04 15:00";"0,000";"11,21";"10,4";"11,78";"8,4"
"2024-11-04 16:00";"0,000";"5,3";"10,2";"16,09";"8,3"
"2024-11-04 17:00";"0,000";"6,27";"10,1";"8,77";"8,5"
"2024-11-04 18:00";"0,000";"15,66";"10,000";"8,51";"8,8"
"2024-11-04 19:00";"0,000";"16,88";"9,9";"7,82";"8,9"
"2024-11-04 20:00";"0,000";"13,41";"9,6";"7,88";"8,8"
"2024-11-04 21:00";"0,000";"17,14";"9,4";"19,95";"8,8"
"2024-11-04 22:00";"0,000";"18,08";"9,4";"10,99";"8,9"
"2024-11-04 23:00";"0,000";"14,97";"9,4";"7,88";"8,7"
"2024-11-05 00:00";"0,000";"11,01";"9,4";"7,88";"8,4"
"2024-11-05 01:00";"0,000";"11,39";"9,3";"7,94";"8,1"
"2024-11-05 02:00";"0,000";"10,94";"9,4";"7,93";"8,3"
"2024-11-05 03:00";"0,000";"11,34";"9,4";"8,69";"8,000"
"2024-11-05 04:00";"0,000";"8,24";"9,2";"7,22";"8,000"
"2024-11-05 05:00";"0,000";"7,51";"9,000";"4,83";"7,9"
"2024-11-05 06:00";"0,000";"8,65";"9,000";"4,25";"7,8"
"2024-11-05 07:00";"0,000";"9,01";"9,3";"4,3";"7,6"
"2024-11-05 08:00";"0,000";"5,98";"9,8";"7,69";"7,4"
"2024-11-05 09:00";"0,000";"7,65";"9,8";"10,11";"7,4"
"2024-11-05 10:00";"0,000";"8,19";"9,9";"9,69";"7,5"
"2024-11-05 11:00";"0,000";"4,27";"10,1";"7,4";"7,9"
"2024-11-05 12:00";"0,000";"7,89";"10,1";"12,46";"8,8"
"2024-11-05 13:00";"0,000";"8,43";"10,000";"9,5";"9,4"
"2024-11-05 14:00";"0,000";"9,38";"9,9";"18,36";"9,4"
"2024-11-05 15:00";"0,000";"12,58";"9,8";"22,28";"9,2"
"2024-11-05 16:00";"0,000";"14,41";"9,4";"25,98";"8,8"
"2024-11-05 17:00";"0,000";"18,31";"9,3";"31,17";"8,6"
"2024-11-05 18:00";"0,000";"16,39";"9,1";"27,9";"8,4"
"2024-11-05 19:00";"0,000";"13,93";"9,000";"25,74";"8,3"
"2024-11-05 20:00";"0,000";"13,69";"9,000";"25,49";"8,000"
"2024-11-05 21:00";"0,000";"7,48";"8,9";"20,48";"7,7"
"2024-11-05 22:00";"0,000";"4,56";"8,8";"24,23";"7,1"
"2024-11-05 23:00";"0,000";"3,77";"8,8";"18,3";"6,7"
"2024-11-06 00:00";"0,000";"4,28";"8,7";"17,78";"6,5"
"2024-11-06 01:00";"0,000";"4,03";"8,6";"17,64";"5,8"
"2024-11-06 02:00";"0,000";"4,04";"8,4";"15,73";"5,7"
"2024-11-06 03:00";"0,000";"3,96";"8,3";"12,77";"5,5"
"2024-11-06 04:00";"0,000";"4,45";"8,2";"9,31";"5,2"
"2024-11-06 05:00";"0,000";"3,94";"8,000";"7,58";"5,1"
"2024-11-06 06:00";"0,000";"4,33";"7,9";"7,7";"5,1"
"2024-11-06 07:00";"0,000";"7,23";"7,9";"8,74";"5,2"
"2024-11-06 08:00";"0,000";"8,88";"7,9";"10,24";"5,8"
"2024-11-06 09:00";"0,000";"15,34";"8,1";"5,08";"5,9"
"2024-11-06 10:00";"0,000";"6,14";"8,2";"9,82";"6,8"
"2024-11-06 11:00";"0,000";"4,86";"8,3";"6,34";"9,8"
"2024-11-06 12:00";"0,000";"10,98";"8,7";"2,73";"10,2"
"2024-11-06 13:00";"0,000";"20,59";"8,8";"1,52";"10,6"
"2024-11-06 14:00";"0,000";"13,92";"8,7";"0,96";"10,7"
"2024-11-06 15:00";"0,000";"24,83";"8,8";"3,23";"10,2"
"2024-11-06 16:00";"0,000";"20,72";"8,7";"10,43";"9,7"
"2024-11-06 17:00";"0,000";"13,7";"8,3";"11,99";"9,7"
"2024-11-06 18:00";"0,000";"16,67";"8,2";"15,85";"9,6"
"2024-11-06 19:00";"0,000";"16,87";"8,1";"16,78";"9,6"
"2024-11-06 20:00";"0,000";"12,5";"7,9";"15,64";"9,3"
"2024-11-06 21:00";"0,000";"10,03";"7,5";"10,79";"8,9"
"2024-11-06 22:00";"0,000";"11,23";"7,3";"14,64";"8,8"
"2024-11-06 23:00";"0,000";"11,04";"7,3";"8,65";"9,3"
"2024-11-07 00:00";"0,000";"11,33";"7,4";"4,46";"9,3"
"2024-11-07 01:00";"0,000";"11,39";"7,3";"4,62";"8,8"
"2024-11-07 02:00";"0,000";"11,25";"7,3";"5,18";"8,8"
"2024-11-07 03:00";"0,000";"10,91";"7,2";"4,74";"8,9"
"2024-11-07 04:00";"0,000";"10,97";"7,000";"4,8";"8,4"
"2024-11-07 05:00";"0,000";"11,46";"7,000";"4,7";"8,7"
"2024-11-07 06:00";"0,000";"11,04";"7,2";"5,72";"8,7"
"2024-11-07 07:00";"0,000";"14,04";"7,8";"5,72";"8,9"
"2024-11-07 08:00";"0,000";"13,13";"8,1";"5,07";"9,1"
"2024-11-07 09:00";"0,000";"12,3";"8,5";"7,06";"9,4"
"2024-11-07 10:00";"0,000";"10,87";"8,9";"5,22";"9,5"
"2024-11-07 11:00";"0,000";"6,82";"9,4";"3,84";"9,8"
"2024-11-07 12:00";"0,000";"6,79";"9,6";"6,54";"9,5"
"2024-11-07 13:00";"0,000";"9,19";"9,8";"4,85";"9,6"
"2024-11-07 14:00";"0,000";"5,33";"9,8";"7,17";"9,7"
"2024-11-07 15:00";"0,000";"6,86";"9,8";"7,79";"8,9"
"2024-11-07 16:00";"0,000";"11,49";"9,6";"10,63";"9,000"
"2024-11-07 17:00";"0,000";"16,74";"9,7";"25,38";"8,9"
"2024-11-07 18:00";"0,000";"13,49";"9,7";"14,95";"8,7"
"2024-11-07 19:00";"0,000";"21,44";"9,7";"11,64";"8,9"
"2024-11-07 20:00";"0,000";"22,12";"9,4";"15,58";"9,1"
"2024-11-07 21:00";"0,000";"12,42";"9,5";"7,12";"8,8"
"2024-11-07 22:00";"0,000";"13,65";"9,4";"8,8";"8,6"
"2024-11-07 23:00";"0,000";"12,89";"9,2";"8,33";"8,8"
"2024-11-08 00:00";"0,000";"11,02";"9,3";"7,27";"8,6"
"2024-11-08 01:00";"0,000";"11,51";"9,2";"7,26";"8,3"
"2024-11-08 02:00";"0,000";"8,43";"9,000";"8,03";"8,3"
"2024-11-08 03:00";"0,000";"7,51";"8,9";"7,41";"8,6"
"2024-11-08 04:00";"0,000";"8,28";"8,9";"7,38";"8,3"
"2024-11-08 05:00";"0,000";"7,65";"8,9";"7,45";"8,000"
"2024-11-08 06:00";"0,000";"7,67";"8,8";"7,48";"7,8"
"2024-11-08 07:00";"0,000";"10,43";"9,000";"9,79";"7,8"
"2024-11-08 08:00";"0,000";"14,43";"9,2";"8,9";"8,1"
"2024-11-08 09:00";"0,000";"18,7";"9,3";"5,29";"7,9"
"2024-11-08 10:00";"0,000";"9,68";"9,5";"3,22";"8,6"
"2024-11-08 11:00";"0,000";"5,27";"9,5";"2,16";"9,4"
"2024-11-08 12:00";"0,000";"7,56";"9,5";"3,32";"9,8"
"2024-11-08 13:00";"0,000";"7,83";"9,4";"5,48";"10,000"
"2024-11-08 14:00";"0,000";"15,59";"9,2";"7,74";"10,000"
"2024-11-08 15:00";"0,000";"10,8";"8,8";"4,78";"9,9"
"2024-11-08 16:00";"0,000";"12,98";"8,7";"21,000";"9,5"
"2024-11-08 17:00";"0,000";"21,000";"8,5";"13,67";"9,2"
"2024-11-08 18:00";"0,000";"24,87";"8,7";"10,24";"8,9"
"2024-11-08 19:00";"0,000";"13,4";"8,6";"20,22";"8,9"
"2024-11-08 20:00";"0,000";"19,19";"8,4";"18,3";"8,4"
"2024-11-08 21:00";"0,000";"23,66";"8,000";"13,43";"8,5"
"2024-11-08 22:00";"0,000";"16,93";"7,8";"7,52";"8,2"
"2024-11-08 23:00";"0,000";"11,59";"7,7";"6,82";"7,7"
"2024-11-09 00:00";"0,000";"11,000";"7,5";"5,2";"7,9"
"2024-11-09 01:00";"0,000";"11,65";"7,4";"5,24";"8,2"
"2024-11-09 02:00";"0,000";"8,82";"7,4";"4,13";"8,3"
"2024-11-09 03:00";"0,000";"7,59";"7,2";"4,17";"8,5"
"2024-11-09 04:00";"0,000";"8,29";"7,000";"4,1";"8,4"
"2024-11-09 05:00";"0,000";"7,61";"6,8";"4,21";"7,5"
"2024-11-09 06:00";"0,000";"7,79";"6,6";"6,58";"6,9"
"2024-11-09 07:00";"0,000";"7,84";"6,6";"6,61";"6,4"
"2024-11-09 08:00";"0,000";"8,39";"6,3";"8,38";"6,000"
"2024-11-09 09:00";"0,000";"7,55";"6,3";"7,76";"5,9"
"2024-11-09 10:00";"0,000";"5,81";"6,4";"6,23";"6,000"
"2024-11-09 11:00";"0,000";"3,82";"6,5";"3,53";"5,9"
"2024-11-09 12:00";"0,000";"18,54";"6,6";"6,3";"5,9"
"2024-11-09 13:00";"0,000";"12,03";"6,6";"7,36";"6,000"
"2024-11-09 14:00";"0,000";"16,97";"6,5";"10,75";"6,000"
"2024-11-09 15:00";"0,000";"10,17";"6,4";"16,15";"6,1"
"2024-11-09 16:00";"0,000";"7,32";"6,4";"20,72";"6,2"
"2024-11-09 17:00";"0,000";"14,9";"6,2";"12,75";"6,3"
"2024-11-09 18:00";"0,000";"11,000";"6,1";"21,65";"7,2"
"2024-11-09 19:00";"0,000";"32,04";"6,1";"20,72";"7,7"
"2024-11-09 20:00";"0,000";"11,96";"6,1";"15,64";"7,9"
"2024-11-09 21:00";"0,000";"4,19";"6,2";"16,8";"8,000"
"2024-11-09 22:00";"0,000";"4,26";"6,1";"16,44";"7,4"
"2024-11-09 23:00";"0,000";"4,44";"5,9";"14,73";"7,4"
"2024-11-10 00:00";"0,000";"4,22";"6,000";"14,4";"7,5"
"2024-11-10 01:00";"0,000";"4,08";"6,000";"14,48";"7,2"
"2024-11-10 02:00";"0,000";"4,78";"6,1";"15,31";"6,5"
"2024-11-10 03:00";"0,000";"4,18";"6,1";"14,64";"5,5"
"2024-11-10 04:00";"0,000";"4,24";"6,1";"14,69";"5,000"
"2024-11-10 05:00";"0,000";"4,34";"6,000";"10,97";"4,9"
"2024-11-10 06:00";"0,000";"4,93";"5,9";"8,28";"5,6"
"2024-11-10 07:00";"0,000";"4,25";"5,9";"14,47";"6,8"
"2024-11-10 08:00";"0,000";"3,23";"6,1";"11,34";"7,4"
"2024-11-10 09:00";"0,000";"3,06";"6,1";"15,21";"7,6"
"2024-11-10 10:00";"0,000";"6,54";"6,1";"11,38";"8,2"
"2024-11-10 11:00";"0,000";"12,87";"6,3";"0,3";"8,7"
"2024-11-10 12:00";"0,000";"14,95";"6,2";"2,88";"9,5"
"2024-11-10 13:00";"0,000";"11,26";"6,2";"11,000";"8,7"
"2024-11-10 14:00";"0,000";"17,12";"6,1";"4,62";"8,3"
"2024-11-10 15:00";"0,000";"22,000";"5,9";"5,24";"8,3"
"2024-11-10 16:00";"0,000";"27,83";"5,4";"5,18";"7,4"
"2024-11-10 17:00";"0,000";"11,9";"5,1";"17,96";"6,4"
"2024-11-10 18:00";"0,000";"17,51";"4,9";"17,42";"6,3"
"2024-11-10 19:00";"0,000";"24,98";"4,8";"11,07";"6,7"
"2024-11-10 20:00";"0,000";"23,83";"4,8";"14,82";"7,000"
"2024-11-10 21:00";"0,000";"20,25";"5,1";"11,78";"6,9"
"2024-11-10 22:00";"0,000";"13,9";"5,4";"6,37";"6,9"
"2024-11-10 23:00";"0,000";"9,87";"5,9";"4,03";"6,7"
"2024-11-11 00:00";"0,000";"8,57";"6,4";"3,72";"5,9"
"2024-11-11 01:00";"0,000";"7,72";"6,9";"4,31";"5,8"
"2024-11-11 02:00";"0,000";"7,72";"7,5";"3,81";"5,8"
"2024-11-11 03:00";"0,000";"8,46";"7,7";"3,92";"5,9"
"2024-11-11 04:00";"0,000";"7,75";"7,8";"3,9";"6,000"
"2024-11-11 05:00";"0,000";"7,66";"7,9";"3,95";"6,6"
"2024-11-11 06:00";"0,000";"7,81";"8,000";"4,55";"6,3"
"2024-11-11 07:00";"0,000";"11,4";"8,000";"3,67";"6,1"
"2024-11-11 08:00";"0,000";"13,19";"8,1";"1,31";"6,8"
"2024-11-11 09:00";"0,000";"20,83";"8,4";"0,28";"7,8"
"2024-11-11 10:00";"0,000";"13,89";"8,7";"0,72";"8,1"
"2024-11-11 11:00";"0,000";"7,33";"8,9";"2,83";"8,6"
"2024-11-11 12:00";"0,000";"12,05";"8,9";"1,06";"9,2"
"2024-11-11 13:00";"0,000";"17,17";"8,6";"0,74";"8,8"
"2024-11-11 14:00";"0,000";"9,93";"8,2";"5,36";"8,9"
"2024-11-11 15:00";"0,000";"7,52";"8,000";"13,31";"8,6"
"2024-11-11 16:00";"0,000";"13,25";"7,8";"15,11";"8,000"
"2024-11-11 17:00";"0,000";"9,67";"7,5";"19,88";"7,4"
"2024-11-11 18:00";"0,000";"7,21";"7,4";"33,61";"7,4"
"2024-11-11 19:00";"0,000";"13,79";"7,1";"28,93";"7,4"
"2024-11-11 20:00";"0,000";"20,18";"7,000";"18,15";"7,2"
"2024-11-11 21:00";"0,000";"13,2";"7,000";"17,49";"7,1"
"2024-11-11 22:00";"0,000";"15,7";"6,7";"15,82";"6,6"
"2024-11-11 23:00";"0,000";"14,73";"6,9";"15,03";"6,2"
"2024-11-12 00:00";"0,000";"12,09";"6,8";"14,32";"6,2"
"2024-11-12 01:00";"0,000";"12,03";"6,9";"14,06";"6,2"
"2024-11-12 02:00";"0,000";"11,48";"6,9";"13,64";"6,000"
"2024-11-12 03:00";"0,000";"12,32";"6,9";"10,49";"5,9"
"2024-11-12 04:00";"0,000";"10,05";"6,9";"6,77";"5,7"
"2024-11-12 05:00";"0,000";"8,42";"7,1";"4,05";"5,7"
"2024-11-12 06:00";"0,000";"6,11";"7,2";"4,08";"5,8"
"2024-11-12 07:00";"0,000";"9,24";"6,7";"4,57";"5,3"
"2024-11-12 08:00";"0,000";"8,82";"6,3";"5,92";"5,6"
"2024-11-12 09:00";"0,000";"9,27";"6,2";"8,5";"6,000"
"2024-11-12 10:00";"0,000";"5,51";"6,5";"4,13";"6,4"
"2024-11-12 11:00";"0,6";"2,48";"6,3";"0,6";"7,3"
"2024-11-12 12:00";"0,01";"5,26";"5,4";"3,18";"7,8"
"2024-11-12 13:00";"0,000";"7,4";"4,4";"14,56";"8,3"
"2024-11-12 14:00";"0,000";"7,64";"4,1";"11,25";"8,2"
"2024-11-12 15:00";"0,000";"10,49";"4,1";"10,49";"7,6"
"2024-11-12 16:00";"0,000";"14,82";"4,5";"15,23";"6,4"
"2024-11-12 17:00";"0,000";"18,08";"4,7";"14,96";"5,6"
"2024-11-12 18:00";"0,000";"12,09";"4,8";"13,19";"5,3"
"2024-11-12 19:00";"0,000";"13,91";"4,7";"24,56";"5,1"
"2024-11-12 20:00";"0,000";"5,88";"4,5";"19,31";"4,9"
"2024-11-12 21:00";"0,000";"6,22";"4,2";"19,57";"5,3"
"2024-11-12 22:00";"0,000";"6,72";"4,1";"9,31";"4,9"
"2024-11-12 23:00";"0,000";"6,71";"4,000";"8,47";"3,5"
"2024-11-13 00:00";"0,000";"5,64";"4,1";"7,84";"2,5"
"2024-11-13 01:00";"0,000";"5,11";"4,2";"8,55";"1,6"
"2024-11-13 02:00";"0,000";"5,08";"4,5";"8,06";"1,3"
"2024-11-13 03:00";"0,000";"5,23";"4,8";"8,21";"1,2"
"2024-11-13 04:00";"0,000";"5,52";"4,8";"8,92";"1,1"
"2024-11-13 05:00";"0,000";"5,13";"5,2";"8,37";"0,7"
"2024-11-13 06:00";"0,000";"5,64";"4,9";"8,88";"0,9"
"2024-11-13 07:00";"0,000";"8,5";"4,8";"6,85";"0,5"
"2024-11-13 08:00";"0,000";"9,58";"5,000";"7,38";"0,7"
"2024-11-13 09:00";"0,000";"11,88";"4,8";"12,6";"2,5"
"2024-11-13 10:00";"0,000";"17,42";"5,000";"2,7";"5,8"
"2024-11-13 11:00";"0,000";"12,77";"5,9";"1,63";"6,2"
"2024-11-13 12:00";"0,000";"21,45";"6,6";"2,07";"6,8"
"2024-11-13 13:00";"0,000";"12,81";"7,4";"8,73";"6,7"
"2024-11-13 14:00";"0,000";"6,7";"7,8";"6,44";"6,8"
"2024-11-13 15:00";"0,000";"10,76";"8,1";"7,73";"6,000"
"2024-11-13 16:00";"0,000";"7,42";"8,000";"12,79";"5,2"
"2024-11-13 17:00";"0,000";"6,58";"8,3";"19,22";"5,1"
"2024-11-13 18:00";"0,000";"7,71";"8,7";"16,44";"5,3"
"2024-11-13 19:00";"0,000";"7,78";"8,7";"15,77";"5,5"
"2024-11-13 20:00";"0,000";"19,84";"8,5";"21,23";"6,2"
"2024-11-13 21:00";"0,000";"16,75";"8,4";"17,62";"6,6"
"2024-11-13 22:00";"0,000";"16,27";"9,000";"24,39";"6,8"
"2024-11-13 23:00";"0,000";"12,84";"9,1";"15,71";"5,4"
"2024-11-14 00:00";"0,000";"11,07";"9,1";"12,98";"5,2"
"2024-11-14 01:00";"0,000";"10,51";"8,9";"13,3";"5,000"
"2024-11-14 02:00";"0,000";"10,45";"8,8";"15,51";"5,3"
"2024-11-14 03:00";"0,000";"10,04";"8,6";"12,78";"5,3"
"2024-11-14 04:00";"0,000";"7,23";"8,6";"8,81";"5,000"
"2024-11-14 05:00";"0,000";"7,18";"8,4";"8,62";"4,8"
"2024-11-14 06:00";"0,000";"7,82";"8,3";"11,27";"4,9"
"2024-11-14 07:00";"0,000";"10,88";"8,2";"13,51";"5,000"
"2024-11-14 08:00";"0,000";"6,51";"7,5";"6,18";"5,1"
"2024-11-14 09:00";"0,000";"9,26";"8,5";"5,11";"5,4"
"2024-11-14 10:00";"0,02";"12,13";"8,8";"6,08";"6,000"
"2024-11-14 11:00";"0,25";"2,97";"8,9";"3,39";"6,7"
"2024-11-14 12:00";"0,37";"3,37";"8,6";"0,78";"7,2"
"2024-11-14 13:00";"0,02";"5,48";"8,3";"9,09";"7,4"
"2024-11-14 14:00";"0,05";"4,59";"7,9";"13,6";"7,1"
"2024-11-14 15:00";"0,000";"8,89";"6,8";"9,45";"6,5"
"2024-11-14 16:00";"0,000";"9,4";"5,7";"12,12";"6,1"
"2024-11-14 17:00";"0,000";"8,86";"4,8";"22,92";"5,5"
"2024-11-14 18:00";"0,000";"8,21";"3,8";"18,87";"4,7"
"2024-11-14 19:00";"0,000";"10,13";"3,1";"15,41";"4,5"
"2024-11-14 20:00";"0,000";"13,6";"2,7";"11,75";"4,6"
"2024-11-14 21:00";"0,000";"9,63";"2,4";"8,45";"4,7"
"2024-11-14 22:00";"0,000";"8,79";"2,000";"11,05";"4,8"
"2024-11-14 23:00";"0,000";"10,76";"1,7";"8,98";"4,9"
"2024-11-15 00:00";"0,000";"8,34";"1,4";"7,59";"4,9"
"2024-11-15 01:00";"0,000";"8,18";"1,3";"10,73";"4,9"
"2024-11-15 02:00";"0,000";"8,07";"1,7";"10,22";"4,7"
"2024-11-15 03:00";"0,000";"8,27";"3,4";"9,53";"4,2"
"2024-11-15 04:00";"0,000";"8,92";"5,6";"6,78";"3,5"
"2024-11-15 05:00";"0,000";"8,48";"6,4";"7,08";"3,2"
"2024-11-15 06:00";"0,000";"8,74";"6,8";"7,16";"2,9"
"2024-11-15 07:00";"0,000";"12,35";"7,4";"9,13";"2,7"
"2024-11-15 08:00";"0,000";"12,8";"7,9";"7,71";"2,5"
"2024-11-15 09:00";"0,000";"21,73";"8,5";"6,54";"3,4"
"2024-11-15 10:00";"0,000";"10,81";"9,000";"7,02";"4,2"
"2024-11-15 11:00";"0,000";"16,88";"9,1";"2,55";"5,1"
"2024-11-15 12:00";"0,000";"18,55";"9,1";"1,52";"5,3"
"2024-11-15 13:00";"0,000";"21,72";"9,5";"3,02";"5,6"
"2024-11-15 14:00";"0,000";"18,17";"9,7";"8,83";"5,6"
"2024-11-15 15:00";"0,000";"15,33";"9,6";"11,51";"5,4"
"2024-11-15 16:00";"0,000";"7,32";"9,7";"13,31";"5,2"
"2024-11-15 17:00";"0,000";"9,19";"9,8";"20,52";"4,8"
"2024-11-15 18:00";"0,000";"14,04";"9,8";"27,98";"4,3"
"2024-11-15 19:00";"0,000";"16,33";"9,9";"31,06";"4,000"
"2024-11-15 20:00";"0,000";"7,9";"10,2";"21,84";"4,000"
"2024-11-15 21:00";"0,000";"10,79";"10,4";"14,8";"4,000"
"2024-11-15 22:00";"0,000";"4,63";"10,1";"16,72";"4,000"
"2024-11-15 23:00";"0,000";"3,49";"9,6";"16,64";"4,000"
"2024-11-16 00:00";"0,000";"4,12";"9,3";"16,55";"4,1"
"2024-11-16 01:00";"0,000";"3,6";"9,5";"16,32";"4,1"
"2024-11-16 02:00";"0,000";"3,7";"9,7";"16,27";"3,6"
"2024-11-16 03:00";"0,000";"4,15";"9,8";"16,39";"3,7"
"2024-11-16 04:00";"0,000";"3,7";"9,7";"15,93";"3,7"
"2024-11-16 05:00";"0,000";"3,83";"9,7";"15,67";"3,8"
"2024-11-16 06:00";"0,000";"3,75";"9,7";"13,76";"3,7"
"2024-11-16 07:00";"0,000";"4,69";"9,6";"11,92";"3,8"
"2024-11-16 08:00";"0,000";"6,27";"9,7";"11,73";"4,1"
"2024-11-16 09:00";"0,000";"3,95";"9,5";"15,36";"4,2"
"2024-11-16 10:00";"0,000";"6,27";"9,4";"18,66";"4,4"
"2024-11-16 11:00";"0,000";"6,99";"9,5";"13,16";"4,5"
"2024-11-16 12:00";"0,000";"16,34";"9,6";"11,16";"4,7"
"2024-11-16 13:00";"0,000";"13,12";"9,6";"8,6";"4,8"
"2024-11-16 14:00";"0,000";"15,45";"9,5";"6,35";"4,9"
"2024-11-16 15:00";"0,000";"14,13";"9,3";"9,11";"4,8"
"2024-11-16 16:00";"0,000";"17,79";"9,000";"12,16";"4,6"
"2024-11-16 17:00";"0,000";"21,24";"8,5";"10,43";"4,6"
"2024-11-16 18:00";"0,000";"18,24";"8,4";"7,04";"4,3"
"2024-11-16 19:00";"0,000";"17,31";"8,000";"14,06";"4,2"
"2024-11-16 20:00";"0,000";"15,99";"7,8";"13,14";"4,2"
"2024-11-16 21:00";"0,000";"14,58";"7,6";"12,5";"4,1"
"2024-11-16 22:00";"0,000";"12,3";"7,4";"11,25";"3,8"
"2024-11-16 23:00";"0,000";"14,71";"7,3";"10,52";"3,8"
"2024-11-17 00:00";"0,000";"14,7";"7,4";"10,04";"3,8"
"2024-11-17 01:00";"0,000";"14,55";"7,4";"12,65";"3,6"
"2024-11-17 02:00";"0,000";"14,64";"6,9";"13,12";"3,4"
"2024-11-17 03:00";"0,000";"11,95";"6,8";"13,36";"3,1"
"2024-11-17 04:00";"0,000";"11,08";"6,8";"13,46";"3,3"
"2024-11-17 05:00";"0,000";"10,37";"6,7";"10,23";"3,4"
"2024-11-17 06:00";"0,000";"7,78";"6,7";"10,36";"3,5"
"2024-11-17 07:00";"0,000";"7,46";"6,7";"12,67";"3,5"
"2024-11-17 08:00";"0,000";"8,72";"6,8";"12,48";"3,7"
"2024-11-17 09:00";"0,000";"13,77";"7,000";"8,31";"4,5"
"2024-11-17 10:00";"1,21";"3,88";"7,1";"15,43";"4,8"
"2024-11-17 11:00";"0,12";"8,46";"7,3";"6,1";"4,7"
"2024-11-17 12:00";"0,22";"13,31";"7,4";"5,5";"4,7"
"2024-11-17 13:00";"0,06";"6,26";"7,6";"8,05";"4,5"
"2024-11-17 14:00";"0,000";"8,51";"7,8";"20,98";"4,5"
"2024-11-17 15:00";"0,000";"10,82";"7,5";"24,33";"3,8"
"2024-11-17 16:00";"0,000";"28,01";"6,9";"14,74";"3,5"
"2024-11-17 17:00";"0,000";"25,02";"6,6";"16,88";"2,9"
"2024-11-17 18:00";"0,000";"22,25";"6,1";"21,79";"2,3"
"2024-11-17 19:00";"0,000";"19,14";"6,1";"10,76";"2,3"
"2024-11-17 20:00";"0,000";"15,32";"6,000";"15,76";"2,000"
"2024-11-17 21:00";"0,000";"15,59";"5,5";"14,000";"1,5"
"2024-11-17 22:00";"0,000";"11,89";"5,3";"18,4";"0,6"
"2024-11-17 23:00";"0,000";"11,32";"5,1";"10,72";"-0,6"
"2024-11-18 00:00";"0,000";"11,98";"4,9";"10,57";"-1,1"
"2024-11-18 01:00";"0,000";"11,37";"5,000";"9,67";"-1,4"
"2024-11-18 02:00";"0,000";"10,19";"4,8";"7,92";"-1,7"
"2024-11-18 03:00";"0,000";"8,14";"4,6";"7,59";"-1,9"
"2024-11-18 04:00";"0,000";"8,51";"4,6";"7,72";"-2,2"
"2024-11-18 05:00";"0,000";"8,21";"4,5";"7,56";"-2,3"
"2024-11-18 06:00";"0,000";"9,03";"4,5";"7,88";"-2,1"
"2024-11-18 07:00";"0,000";"11,62";"4,3";"7,82";"-2,2"
"2024-11-18 08:00";"0,000";"11,52";"4,3";"6,16";"-1,8"
"2024-11-18 09:00";"0,000";"10,5";"4,5";"4,34";"-0,3"
"2024-11-18 10:00";"0,000";"14,13";"4,9";"0,29";"1,7"
"2024-11-18 11:00";"0,79";"8,06";"5,4";"0,01";"3,000"
"2024-11-18 12:00";"0,74";"6,16";"6,000";"0,000";"3,3"
"2024-11-18 13:00";"3,05";"1,1";"6,2";"8,11";"3,8"
"2024-11-18 14:00";"0,000";"6,19";"5,7";"7,34";"3,5"
"2024-11-18 15:00";"0,000";"4,72";"5,7";"8,52";"2,5"
"2024-11-18 16:00";"0,000";"7,59";"5,7";"20,45";"1,5"
"2024-11-18 17:00";"0,000";"8,35";"5,4";"24,76";"1,3"
"2024-11-18 18:00";"0,000";"11,53";"4,9";"17,44";"1,000"
"2024-11-18 19:00";"0,000";"10,93";"4,5";"13,96";"0,8"
"2024-11-18 20:00";"0,000";"8,53";"4,4";"14,82";"1,3"
"2024-11-18 21:00";"0,000";"11,81";"4,6";"19,85";"1,8"
"2024-11-18 22:00";"0,000";"13,12";"4,9";"10,11";"2,3"
"2024-11-18 23:00";"0,000";"8,92";"4,6";"6,62";"2,6"
"2024-11-19 00:00";"0,000";"7,5";"4,000";"6,49";"3,000"
"2024-11-19 01:00";"0,000";"8,6";"3,9";"6,61";"3,2"
"2024-11-19 02:00";"0,000";"5,91";"3,7";"6,55";"3,3"
"2024-11-19 03:00";"0,000";"5,72";"3,5";"6,6";"3,9"
"2024-11-19 04:00";"0,000";"5,59";"3,4";"5,93";"4,5"
"2024-11-19 05:00";"0,000";"5,96";"3,1";"6,42";"4,3"
"2024-11-19 06:00";"0,000";"6,77";"2,6";"5,89";"4,3"
"2024-11-19 07:00";"0,000";"11,36";"1,7";"6,26";"4,5"
"2024-11-19 08:00";"0,000";"11,39";"1,2";"8,22";"4,9"
"2024-11-19 09:00";"0,000";"17,02";"1,7";"15,01";"4,9"
"2024-11-19 10:00";"0,000";"13,07";"2,4";"20,52";"4,5"
"2024-11-19 11:00";"0,000";"6,74";"3,1";"12,38";"4,1"
"2024-11-19 12:00";"0,000";"10,92";"3,3";"14,7";"3,9"
"2024-11-19 13:00";"0,000";"8,03";"3,000";"12,35";"3,4"
"2024-11-19 14:00";"0,000";"14,6";"3,2";"10,34";"3,6"
"2024-11-19 15:00";"0,000";"13,1";"3,1";"11,72";"3,7"
"2024-11-19 16:00";"0,000";"13,38";"2,7";"21,19";"3,5"
"2024-11-19 17:00";"0,000";"14,09";"2,000";"20,22";"3,4"
"2024-11-19 18:00";"0,000";"9,59";"1,7";"28,49";"3,4"
"2024-11-19 19:00";"0,000";"16,01";"1,6";"13,79";"3,6"
"2024-11-19 20:00";"0,000";"33,95";"1,6";"22,66";"3,6"
"2024-11-19 21:00";"0,000";"15,76";"1,3";"16,91";"3,7"
"2024-11-19 22:00";"0,000";"13,2";"1,3";"10,26";"3,9"
"2024-11-19 23:00";"0,000";"11,79";"1,3";"12,98";"4,000"
"2024-11-20 00:00";"0,000";"11,31";"1,2";"12,94";"4,1"
"2024-11-20 01:00";"0,000";"10,14";"1,1";"12,88";"4,3"
"2024-11-20 02:00";"0,000";"9,77";"1,000";"12,97";"4,4"
"2024-11-20 03:00";"0,000";"10,4";"0,7";"13,000";"4,5"
"2024-11-20 04:00";"0,000";"9,68";"0,6";"11,96";"4,6"
"2024-11-20 05:00";"0,000";"10,09";"0,000";"9,8";"4,6"
"2024-11-20 06:00";"0,000";"7,98";"-0,3";"9,26";"4,8"
"2024-11-20 07:00";"0,000";"13,07";"-0,8";"14,78";"4,8"
"2024-11-20 08:00";"0,000";"15,82";"-0,7";"11,31";"4,9"
"2024-11-20 09:00";"0,000";"19,69";"-0,3";"8,51";"5,1"
"2024-11-20 10:00";"0,21";"6,98";"0,2";"7,24";"5,4"
"2024-11-20 11:00";"0,05";"8,68";"0,4";"6,16";"5,2"
"2024-11-20 12:00";"0,42";"6,89";"1,8";"9,39";"5,000"
"2024-11-20 13:00";"0,24";"9,17";"1,9";"8,42";"4,8"
"2024-11-20 14:00";"0,000";"9,79";"1,7";"8,17";"4,8"
"2024-11-20 15:00";"0,000";"16,27";"0,3";"14,88";"5,1"
"2024-11-20 16:00";"0,000";"14,92";"-0,6";"17,92";"4,8"
"2024-11-20 17:00";"0,000";"31,49";"-1,6";"16,12";"4,5"
"2024-11-20 18:00";"0,000";"28,43";"-1,000";"16,7";"4,4"
"2024-11-20 19:00";"0,000";"24,22";"-1,7";"16,000";"4,4"
"2024-11-20 20:00";"0,000";"26,03";"-1,6";"18,07";"4,1"
"2024-11-20 21:00";"0,000";"17,32";"-3,1";"23,55";"4,000"
"2024-11-20 22:00";"0,000";"13,75";"-3,1";"22,71";"4,000"
"2024-11-20 23:00";"0,000";"14,47";"-4,000";"19,92";"3,9"
"2024-11-21 00:00";"0,000";"14,41";"-3,8";"16,79";"3,9"
"2024-11-21 01:00";"0,000";"13,96";"-3,6";"17,05";"3,000"
"2024-11-21 02:00";"0,000";"14,37";"-2,1";"16,39";"2,6"
"2024-11-21 03:00";"0,000";"13,89";"-1,1";"13,000";"2,8"
"2024-11-21 04:00";"0,000";"14,52";"-0,5";"10,37";"2,8"
"2024-11-21 05:00";"0,000";"14,15";"-1,2";"9,99";"3,1"
"2024-11-21 06:00";"0,000";"14,42";"-0,1";"10,48";"3,2"
"2024-11-21 07:00";"0,000";"17,62";"-0,3";"9,77";"3,2"
"2024-11-21 08:00";"0,000";"16,5";"0,3";"8,26";"3,000"
"2024-11-21 09:00";"0,000";"22,06";"0,8";"6,78";"3,3"
"2024-11-21 10:00";"0,000";"26,1";"0,8";"14,32";"3,5"
"2024-11-21 11:00";"0,000";"16,93";"1,1";"16,6";"3,4"
"2024-11-21 12:00";"0,08";"5,15";"1,5";"13,53";"3,4"
"2024-11-21 13:00";"0,07";"6,92";"0,7";"11,77";"3,5"
"2024-11-21 14:00";"0,000";"7,08";"-0,6";"17,29";"3,6"
"2024-11-21 15:00";"0,000";"9,93";"-1,4";"12,03";"2,9"
"2024-11-21 16:00";"0,000";"11,83";"-1,2";"18,88";"2,1"
"2024-11-21 17:00";"0,000";"20,31";"-1,6";"14,66";"2,000"
"2024-11-21 18:00";"0,000";"21,68";"-2,8";"23,39";"1,3"
"2024-11-21 19:00";"0,000";"16,87";"-3,6";"24,44";"0,5"
"2024-11-21 20:00";"0,000";"17,95";"-3,9";"17,66";"0,3"
"2024-11-21 21:00";"0,000";"13,75";"-4,000";"17,8";"0,3"
"2024-11-21 22:00";"0,000";"12,48";"-4,6";"16,12";"-0,3"
"2024-11-21 23:00";"0,000";"10,98";"-5,3";"15,05";"-0,8"
"2024-11-22 00:00";"0,000";"10,78";"-3,7";"14,42";"-1,000"
"2024-11-22 01:00";"0,000";"11,43";"-3,7";"13,16";"-1,6"
"2024-11-22 02:00";"0,000";"10,73";"-3,7";"11,61";"-2,4"
"2024-11-22 03:00";"0,000";"10,79";"-4,3";"11,33";"-2,6"
"2024-11-22 04:00";"0,000";"10,81";"-5,000";"11,35";"-3,1"
"2024-11-22 05:00";"0,000";"11,24";"-5,000";"11,19";"-3,9"
"2024-11-22 06:00";"0,000";"12,64";"-5,8";"11,87";"-3,4"
"2024-11-22 07:00";"0,000";"15,46";"-5,5";"13,72";"-3,3"
"2024-11-22 08:00";"0,000";"17,76";"-5,000";"13,42";"-2,7"
"2024-11-22 09:00";"0,000";"22,1";"-3,8";"13,34";"-1,8"
"2024-11-22 10:00";"0,000";"10,36";"-1,9";"15,82";"-0,8"
"2024-11-22 11:00";"0,000";"6,88";"-0,9";"15,35";"1,000"
"2024-11-22 12:00";"0,000";"9,47";"0,6";"8,59";"3,8"
"2024-11-22 13:00";"0,000";"12,02";"1,5";"9,98";"4,2"
"2024-11-22 14:00";"0,000";"27,92";"-0,3";"10,91";"4,2"
"2024-11-22 15:00";"0,000";"23,22";"-0,2";"9,95";"4,1"
"2024-11-22 16:00";"0,000";"14,6";"0,000";"10,8";"4,2"
"2024-11-22 17:00";"0,000";"11,58";"-1,2";"14,19";"3,5"
"2024-11-22 18:00";"0,000";"12,92";"-2,2";"28,25";"4,4"
"2024-11-22 19:00";"0,000";"21,98";"-2,5";"22,61";"4,5"
"2024-11-22 20:00";"0,000";"17,56";"-3,7";"21,7";"4,000"
"2024-11-22 21:00";"0,000";"13,19";"-5,2";"23,2";"4,000"
"2024-11-22 22:00";"0,000";"21,26";"-4,6";"22,55";"3,7"
"2024-11-22 23:00";"0,000";"15,42";"-4,7";"20,79";"4,5"
"2024-11-23 00:00";"0,000";"15,03";"-4,2";"14,05";"5,1"
"2024-11-23 01:00";"0,000";"15,65";"-4,5";"13,84";"5,6"
"2024-11-23 02:00";"0,000";"15,17";"-2,4";"13,61";"6,3"
"2024-11-23 03:00";"0,000";"15,7";"0,6";"13,01";"7,000"
"2024-11-23 04:00";"0,000";"15,14";"1,2";"12,96";"7,9"
"2024-11-23 05:00";"0,000";"14,82";"1,6";"12,87";"9,3"
"2024-11-23 06:00";"0,000";"13,49";"1,8";"12,54";"9,8"
"2024-11-23 07:00";"0,000";"11,02";"2,2";"14,7";"9,9"
"2024-11-23 08:00";"0,000";"7,49";"2,2";"11,21";"9,9"
"2024-11-23 09:00";"0,000";"6,85";"2,6";"10,52";"9,5"
"2024-11-23 10:00";"0,000";"9,38";"3,1";"12,87";"8,8"
"2024-11-23 11:00";"0,000";"16,74";"3,7";"12,98";"8,4"
"2024-11-23 12:00";"0,000";"17,29";"4,000";"14,16";"8,5"
"2024-11-23 13:00";"0,000";"15,71";"4,000";"10,73";"8,3"
"2024-11-23 14:00";"0,000";"21,74";"4,3";"11,47";"8,3"
"2024-11-23 15:00";"0,000";"8,98";"4,1";"12,000";"8,3"
"2024-11-23 16:00";"0,000";"8,41";"3,6";"14,07";"6,6"
"2024-11-23 17:00";"0,000";"15,37";"2,7";"12,85";"6,4"
"2024-11-23 18:00";"0,000";"13,99";"1,8";"11,22";"6,8"
"2024-11-23 19:00";"0,000";"15,03";"2,1";"10,6";"6,5"
"2024-11-23 20:00";"0,000";"7,68";"2,5";"13,41";"6,2"
"2024-11-23 21:00";"0,000";"7,38";"3,5";"12,27";"6,000"
"2024-11-23 22:00";"0,000";"7,69";"3,3";"11,24";"5,8"
"2024-11-23 23:00";"0,000";"7,48";"3,000";"13,41";"5,8"
"2024-11-24 00:00";"0,000";"7,66";"2,8";"13,23";"5,5"
"2024-11-24 01:00";"0,000";"6,79";"2,9";"11,63";"5,2"
"2024-11-24 02:00";"0,000";"6,92";"2,9";"10,53";"5,1"
"2024-11-24 03:00";"0,000";"7,6";"2,7";"10,19";"4,7"
"2024-11-24 04:00";"0,000";"6,92";"2,7";"10,56";"4,4"
"2024-11-24 05:00";"0,000";"6,91";"2,7";"8,13";"4,5"
"2024-11-24 06:00";"0,000";"7,57";"2,9";"7,7";"4,1"
"2024-11-24 07:00";"0,000";"7,68";"3,2";"11,24";"3,7"
"2024-11-24 08:00";"0,000";"7,14";"3,5";"10,37";"3,7"
"2024-11-24 09:00";"0,000";"9,2";"4,1";"13,32";"4,1"
"2024-11-24 10:00";"0,000";"14,13";"5,2";"11,97";"4,1"
"2024-11-24 11:00";"0,000";"17,55";"6,3";"9,39";"3,2"
"2024-11-24 12:00";"0,000";"15,13";"6,9";"11,67";"2,7"
"2024-11-24 13:00";"0,000";"10,42";"8,000";"19,02";"1,8"
"2024-11-24 14:00";"0,000";"9,82";"8,7";"12,13";"2,2"
"2024-11-24 15:00";"0,000";"9,56";"9,5";"12,93";"1,2"
"2024-11-24 16:00";"0,000";"9,49";"10,2";"28,35";"0,3"
"2024-11-24 17:00";"0,000";"18,74";"10,8";"20,47";"-0,2"
"2024-11-24 18:00";"0,000";"22,22";"10,8";"15,89";"-0,1"
"2024-11-24 19:00";"0,000";"18,37";"11,1";"12,12";"0,3"
"2024-11-24 20:00";"0,000";"16,1";"11,8";"9,56";"0,2"
"2024-11-24 21:00";"0,000";"22,07";"12,1";"8,08";"-0,1"
"2024-11-24 22:00";"0,000";"11,7";"12,1";"8,000";"0,3"
"2024-11-24 23:00";"0,000";"8,95";"12,4";"10,78";"0,3"
"2024-11-25 00:00";"0,000";"8,98";"12,3";"11,53";"0,2"
"2024-11-25 01:00";"0,000";"8,34";"12,7";"11,57";"0,1"
"2024-11-25 02:00";"0,000";"9,12";"13,000";"11,57";"-0,6"
"2024-11-25 03:00";"0,000";"8,26";"12,9";"11,65";"-1,3"
"2024-11-25 04:00";"0,000";"8,28";"13,1";"11,82";"-0,9"
"2024-11-25 05:00";"0,000";"8,94";"13,2";"11,35";"-0,8"
"2024-11-25 06:00";"0,000";"8,55";"12,9";"11,78";"-0,4"
"2024-11-25 07:00";"0,000";"10,4";"12,3";"11,74";"-0,3"
"2024-11-25 08:00";"0,000";"6,47";"11,8";"9,32";"-0,2"
"2024-11-25 09:00";"0,000";"8,33";"12,000";"17,11";"0,2"
"2024-11-25 10:00";"0,000";"10,85";"12,1";"15,84";"0,3"
"2024-11-25 11:00";"0,000";"15,35";"11,9";"11,41";"0,6"
"2024-11-25 12:00";"0,000";"9,91";"12,4";"4,87";"0,5"
"2024-11-25 13:00";"0,000";"8,31";"13,000";"5,69";"0,2"
"2024-11-25 14:00";"0,000";"10,49";"12,9";"12,49";"-0,2"
"2024-11-25 15:00";"0,000";"9,48";"13,2";"13,45";"-0,9"
"2024-11-25 16:00";"0,000";"8,09";"13,2";"25,64";"-1,6"
"2024-11-25 17:00";"0,000";"11,28";"12,5";"16,55";"-2,4"
"2024-11-25 18:00";"0,000";"12,51";"12,4";"23,1";"-2,7"
"2024-11-25 19:00";"0,000";"16,08";"12,4";"25,67";"-2,8"
"2024-11-25 20:00";"0,000";"14,64";"10,5";"16,49";"-3,4"
"2024-11-25 21:00";"0,000";"11,24";"8,8";"16,27";"-3,9"
"2024-11-25 22:00";"0,000";"11,33";"9,2";"16,03";"-4,6"
"2024-11-25 23:00";"0,000";"10,54";"9,2";"16,3";"-5,1"
"2024-11-26 00:00";"0,000";"8,57";"9,2";"15,94";"-5,5"
"2024-11-26 01:00";"0,000";"7,06";"8,7";"16,47";"-5,7"
"2024-11-26 02:00";"0,000";"7,03";"8,6";"16,47";"-5,5"
"2024-11-26 03:00";"0,000";"7,15";"8,6";"15,99";"-5,6"
"2024-11-26 04:00";"0,000";"7,92";"8,5";"16,5";"-5,1"
"2024-11-26 05:00";"0,000";"7,36";"8,2";"16,35";"-5,8"
"2024-11-26 06:00";"0,000";"8,05";"7,8";"13,45";"-6,000"
"2024-11-26 07:00";"0,000";"12,47";"7,6";"12,07";"-5,7"
"2024-11-26 08:00";"0,000";"11,89";"7,7";"8,07";"-5,7"
"2024-11-26 09:00";"0,000";"26,46";"7,9";"7,64";"-3,7"
"2024-11-26 10:00";"0,000";"20,4";"8,000";"7,01";"-1,6"
"2024-11-26 11:00";"0,46";"10,65";"8,4";"0,64";"-0,4"
"2024-11-26 12:00";"0,72";"2,48";"8,5";"9,07";"0,1"
"2024-11-26 13:00";"0,28";"7,94";"8,5";"8,15";"0,4"
"2024-11-26 14:00";"0,000";"17,32";"8,3";"10,3";"0,2"
"2024-11-26 15:00";"0,000";"12,91";"8,2";"20,33";"-1,000"
"2024-11-26 16:00";"0,000";"8,78";"7,9";"17,74";"-1,9"
"2024-11-26 17:00";"0,000";"6,52";"7,7";"14,27";"-2,4"
"2024-11-26 18:00";"0,000";"21,21";"7,7";"10,31";"-2,5"
"2024-11-26 19:00";"0,000";"11,62";"7,4";"28,72";"-2,9"
"2024-11-26 20:00";"0,000";"8,51";"7,1";"29,47";"-4,000"
"2024-11-26 21:00";"0,000";"9,88";"7,000";"25,53";"-4,2"
"2024-11-26 22:00";"0,000";"10,9";"6,8";"22,57";"-4,7"
"2024-11-26 23:00";"0,000";"8,27";"6,4";"14,52";"-5,5"
"2024-11-27 00:00";"0,000";"7,86";"6,3";"12,64";"-5,2"
"2024-11-27 01:00";"0,000";"7,87";"6,3";"12,8";"-5,2"
"2024-11-27 02:00";"0,000";"8,21";"6,4";"12,79";"-5,7"
"2024-11-27 03:00";"0,000";"8,04";"6,7";"13,1";"-6,000"
"2024-11-27 04:00";"0,000";"7,9";"6,8";"12,79";"-5,9"
"2024-11-27 05:00";"0,000";"7,89";"6,8";"13,23";"-6,3"
"2024-11-27 06:00";"0,000";"5,32";"6,6";"13,94";"-6,7"
"2024-11-27 07:00";"0,000";"8,59";"6,6";"14,98";"-7,000"
"2024-11-27 08:00";"0,000";"8,61";"6,5";"9,7";"-7,000"
"2024-11-27 09:00";"0,000";"23,68";"6,7";"11,83";"-6,5"
"2024-11-27 10:00";"0,000";"18,28";"7,000";"12,96";"-6,1"
"2024-11-27 11:00";"0,000";"16,01";"7,000";"19,19";"-5,5"
"2024-11-27 12:00";"0,05";"12,64";"7,2";"11,89";"-4,000"
"2024-11-27 13:00";"0,000";"9,97";"7,1";"10,77";"-3,7"
"2024-11-27 14:00";"0,000";"9,51";"6,9";"9,64";"-3,9"
"2024-11-27 15:00";"0,000";"10,31";"6,6";"12,01";"-4,4"
"2024-11-27 16:00";"0,000";"8,84";"6,000";"16,75";"-3,9"
"2024-11-27 17:00";"0,000";"18,18";"5,9";"21,63";"-3,2"
"2024-11-27 18:00";"0,000";"22,86";"5,9";"23,87";"-2,8"
"2024-11-27 19:00";"0,000";"16,03";"5,9";"23,86";"-2,9"
"2024-11-27 20:00";"0,000";"18,28";"5,8";"25,32";"-2,9"
"2024-11-27 21:00";"0,000";"20,32";"5,9";"26,02";"-2,8"
"2024-11-27 22:00";"0,000";"15,75";"5,9";"23,34";"-3,6"
"2024-11-27 23:00";"0,000";"18,4";"5,6";"20,76";"-4,3"
"2024-11-28 00:00";"0,000";"15,22";"5,4";"20,12";"-4,9"
"2024-11-28 01:00";"0,000";"15,68";"5,5";"15,8";"-5,1"
"2024-11-28 02:00";"0,000";"15,42";"5,5";"12,53";"-5,4"
"2024-11-28 03:00";"0,000";"16,13";"5,4";"13,03";"-5,9"
"2024-11-28 04:00";"0,000";"15,54";"5,4";"12,75";"-6,5"
"2024-11-28 05:00";"0,000";"15,47";"5,5";"12,91";"-7,1"
"2024-11-28 06:00";"0,000";"12,96";"5,3";"13,37";"-7,8"
"2024-11-28 07:00";"0,000";"15,98";"4,8";"14,44";"-8,4"
"2024-11-28 08:00";"0,000";"12,32";"4,3";"12,43";"-8,5"
"2024-11-28 09:00";"0,000";"12,07";"4,2";"15,52";"-8,000"
"2024-11-28 10:00";"0,000";"10,88";"4,6";"7,91";"-6,9"
"2024-11-28 11:00";"0,000";"8,57";"5,2";"1,42";"-6,1"
"2024-11-28 12:00";"0,000";"6,7";"5,6";"3,95";"-5,3"
"2024-11-28 13:00";"0,000";"8,52";"5,7";"11,41";"-4,8"
"2024-11-28 14:00";"0,000";"7,79";"5,8";"12,75";"-4,6"
"2024-11-28 15:00";"0,000";"8,99";"5,6";"16,45";"-5,4"
"2024-11-28 16:00";"0,000";"14,02";"5,2";"24,49";"-6,2"
"2024-11-28 17:00";"0,000";"10,73";"4,7";"29,95";"-6,9"
"2024-11-28 18:00";"0,000";"11,53";"4,6";"28,5";"-7,5"
"2024-11-28 19:00";"0,000";"18,04";"4,3";"38,42";"-8,3"
"2024-11-28 20:00";"0,000";"7,64";"3,8";"28,2";"-8,4"
"2024-11-28 21:00";"0,000";"8,16";"3,7";"25,92";"-8,000"
"2024-11-28 22:00";"0,000";"10,45";"3,3";"26,1";"-7,4"
"2024-11-28 23:00";"0,000";"12,9";"2,9";"24,71";"-6,9"
"2024-11-29 00:00";"0,000";"11,48";"2,4";"20,93";"-6,3"
"2024-11-29 01:00";"0,000";"11,58";"1,9";"19,55";"-6,000"
"2024-11-29 02:00";"0,000";"9,65";"1,6";"19,89";"-6,4"
"2024-11-29 03:00";"0,000";"10,08";"1,9";"19,71";"-6,8"
"2024-11-29 04:00";"0,000";"9,5";"2,000";"19,9";"-7,2"
"2024-11-29 05:00";"0,000";"10,33";"2,2";"16,99";"-6,9"
"2024-11-29 06:00";"0,000";"10,28";"1,5";"16,67";"-5,5"
"2024-11-29 07:00";"0,000";"14,69";"0,1";"15,92";"-4,5"
"2024-11-29 08:00";"0,000";"11,87";"0,1";"16,98";"-3,8"
"2024-11-29 09:00";"0,000";"22,9";"1,3";"18,36";"-3,9"
"2024-11-29 10:00";"0,000";"13,45";"2,2";"13,49";"-3,6"
"2024-11-29 11:00";"0,000";"6,49";"2,9";"11,38";"-2,7"
"2024-11-29 12:00";"0,000";"13,18";"3,9";"13,29";"-1,5"
"2024-11-29 13:00";"0,000";"10,77";"4,1";"22,18";"-1,9"
"2024-11-29 14:00";"0,000";"10,86";"3,9";"18,64";"-2,6"
"2024-11-29 15:00";"0,000";"20,32";"3,8";"15,01";"-2,7"
"2024-11-29 16:00";"0,000";"11,53";"3,6";"22,15";"-3,000"
"2024-11-29 17:00";"0,000";"17,12";"3,1";"23,45";"-3,2"
"2024-11-29 18:00";"0,000";"15,9";"3,3";"17,89";"-2,8"
"2024-11-29 19:00";"0,000";"15,23";"3,8";"18,57";"-2,3"
"2024-11-29 20:00";"0,000";"16,68";"4,6";"14,48";"-1,8"
"2024-11-29 21:00";"0,000";"22,84";"5,000";"20,06";"-1,5"
"2024-11-29 22:00";"0,000";"19,94";"5,2";"14,71";"-1,7"
"2024-11-29 23:00";"0,000";"19,57";"5,000";"12,22";"-2,000"
"2024-11-30 00:00";"0,000";"20,05";"5,1";"12,03";"-1,5"
"2024-11-30 01:00";"0,000";"19,39";"5,000";"12,25";"-1,5"
"2024-11-30 02:00";"0,000";"19,89";"5,1";"11,97";"-1,3"
"2024-11-30 03:00";"0,000";"19,39";"5,1";"10,43";"-1,000"
"2024-11-30 04:00";"0,000";"19,32";"5,000";"8,66";"-0,4"
"2024-11-30 05:00";"0,000";"19,91";"4,9";"8,65";"-0,7"
"2024-11-30 06:00";"0,000";"19,29";"4,8";"9,15";"-1,6"
"2024-11-30 07:00";"0,000";"16,63";"4,9";"9,57";"-2,3"
"2024-11-30 08:00";"0,000";"12,79";"4,7";"8,16";"-2,8"
"2024-11-30 09:00";"0,000";"12,27";"4,7";"10,31";"-2,2"
"2024-11-30 10:00";"0,000";"8,42";"4,8";"11,13";"-1,6"
"2024-11-30 11:00";"0,000";"10,72";"4,8";"8,98";"-1,5"
"2024-11-30 12:00";"0,000";"17,35";"4,8";"11,13";"-1,8"
"2024-11-30 13:00";"0,000";"17,07";"5,1";"9,06";"-1,9"
"2024-11-30 14:00";"0,06";"6,24";"5,2";"8,87";"-2,2"
"2024-11-30 15:00";"0,000";"9,000";"4,1";"9,98";"-2,5"
"2024-11-30 16:00";"0,000";"6,78";"3,1";"11,51";"-3,2"
"2024-11-30 17:00";"0,000";"7,61";"2,3";"14,88";"-3,9"
"2024-11-30 18:00";"0,000";"10,07";"2,2";"16,69";"-3,5"
"2024-11-30 19:00";"0,000";"7,11";"2,8";"24,24";"-4,000"
"2024-11-30 20:00";"0,000";"18,39";"3,8";"23,19";"-4,4"
"2024-11-30 21:00";"0,000";"11,42";"4,3";"23,05";"-4,9"
"2024-11-30 22:00";"0,000";"9,21";"4,4";"12,62";"-5,4"
"2024-11-30 23:00";"0,000";"7,05";"4,6";"12,7";"-5,6"
"2024-12-01 00:00";"0,000";"6,41";"3,7";"12,8";"-8,3"
"2024-12-01 01:00";"0,000";"6,15";"3,000";"12,16";"-8,4"
"2024-12-01 02:00";"0,000";"6,72";"3,000";"12,1";"-8,3"
"2024-12-01 03:00";"0,000";"6,21";"2,8";"10,34";"-7,5"
"2024-12-01 04:00";"0,000";"6,9";"2,4";"9,41";"-6,7"
"2024-12-01 05:00";"0,000";"6,29";"1,8";"9,05";"-7,2"
"2024-12-01 06:00";"0,000";"6,32";"1,9";"9,51";"-6,1"
"2024-12-01 07:00";"0,000";"6,27";"1,7";"14,1";"-5,6"
"2024-12-01 08:00";"0,000";"6,4";"2,3";"12,79";"-5,8"
"2024-12-01 09:00";"0,000";"4,79";"3,1";"14,68";"-5,1"
"2024-12-01 10:00";"0,03";"5,32";"3,9";"29,17";"-4,000"
"2024-12-01 11:00";"0,33";"6,31";"5,1";"14,19";"-3,1"
"2024-12-01 12:00";"0,19";"6,82";"6,000";"20,15";"-2,7"
"2024-12-01 13:00";"0,55";"9,75";"6,3";"15,59";"-2,7"
"2024-12-01 14:00";"0,000";"11,58";"5,9";"13,55";"-2,9"
"2024-12-01 15:00";"0,000";"7,48";"4,4";"11,93";"-3,1"
"2024-12-01 16:00";"0,000";"20,6";"3,3";"13,08";"-3,1"
"2024-12-01 17:00";"0,000";"30,85";"2,7";"12,5";"-3,2"
"2024-12-01 18:00";"0,000";"31,76";"2,5";"16,43";"-3,1"
"2024-12-01 19:00";"0,000";"22,29";"2,4";"15,62";"-2,6"
"2024-12-01 20:00";"0,000";"19,42";"2,2";"23,43";"-2,5"
"2024-12-01 21:00";"0,000";"12,98";"2,6";"15,72";"-2,5"
"2024-12-01 22:00";"0,000";"10,31";"2,4";"12,17";"-2,5"
"2024-12-01 23:00";"0,000";"9,65";"2,2";"12,35";"-2,6"
"2024-12-02 00:00";"0,000";"10,35";"2,5";"12,1";"-2,7"
"2024-12-02 01:00";"0,000";"9,73";"2,1";"12,42";"-2,6"
"2024-12-02 02:00";"0,000";"9,66";"2,3";"12,09";"-2,6"
"2024-12-02 03:00";"0,000";"11,97";"2,4";"12,05";"-2,5"
"2024-12-02 04:00";"0,000";"9,75";"3,3";"11,75";"-2,7"
"2024-12-02 05:00";"0,000";"9,67";"3,8";"12,25";"-3,3"
"2024-12-02 06:00";"0,000";"10,15";"4,3";"12,13";"-4,9"
"2024-12-02 07:00";"0,000";"10,19";"4,3";"12,37";"-5,7"
"2024-12-02 08:00";"0,000";"12,64";"4,6";"11,22";"-7,1"
"2024-12-02 09:00";"0,000";"22,21";"5,000";"11,24";"-7,1"
"2024-12-02 10:00";"0,000";"25,59";"5,3";"10,01";"-7,1"
"2024-12-02 11:00";"0,000";"15,17";"5,8";"12,72";"-6,4"
"2024-12-02 12:00";"0,000";"8,46";"6,2";"10,77";"-5,9"
"2024-12-02 13:00";"0,000";"8,99";"6,5";"15,9";"-5,1"
"2024-12-02 14:00";"0,000";"10,56";"6,8";"15,1";"-5,1"
"2024-12-02 15:00";"0,000";"11,04";"6,9";"17,17";"-5,3"
"2024-12-02 16:00";"0,000";"14,24";"6,9";"21,67";"-6,8"
"2024-12-02 17:00";"0,000";"30,37";"7,000";"17,49";"-7,5"
"2024-12-02 18:00";"0,000";"14,36";"7,2";"22,98";"-7,9"
"2024-12-02 19:00";"0,000";"11,87";"7,4";"19,12";"-9,000"
"2024-12-02 20:00";"0,000";"16,13";"7,4";"12,36";"-7,1"
"2024-12-02 21:00";"0,000";"24,99";"7,5";"10,2";"-6,7"
"2024-12-02 22:00";"0,000";"22,18";"7,6";"9,85";"-6,000"
"2024-12-02 23:00";"0,000";"15,02";"7,7";"9,46";"-4,2"
"2024-12-03 00:00";"0,000";"15,25";"7,9";"9,84";"-4,2"
"2024-12-03 01:00";"0,000";"14,5";"8,000";"9,64";"-4,000"
"2024-12-03 02:00";"0,000";"14,55";"7,8";"9,3";"-5,2"
"2024-12-03 03:00";"0,000";"15,22";"7,7";"9,21";"-4,1"
"2024-12-03 04:00";"0,000";"14,85";"7,7";"9,73";"-5,8"
"2024-12-03 05:00";"0,000";"15,14";"7,7";"9,59";"-5,5"
"2024-12-03 06:00";"0,000";"15,76";"7,7";"9,76";"-4,5"
"2024-12-03 07:00";"0,000";"15,05";"7,7";"9,35";"-4,7"
"2024-12-03 08:00";"0,000";"14,21";"7,5";"9,24";"-4,9"
"2024-12-03 09:00";"0,000";"20,29";"7,1";"11,49";"-5,2"
"2024-12-03 10:00";"0,000";"10,4";"7,1";"13,96";"-4,8"
"2024-12-03 11:00";"0,000";"5,65";"7,000";"16,73";"-4,1"
"2024-12-03 12:00";"0,000";"5,54";"6,9";"27,49";"-3,7"
"2024-12-03 13:00";"0,000";"5,3";"6,6";"19,68";"-3,6"
"2024-12-03 14:00";"0,03";"3,69";"7,2";"15,46";"-3,6"
"2024-12-03 15:00";"0,000";"7,65";"7,000";"12,9";"-3,4"
"2024-12-03 16:00";"0,000";"5,94";"5,8";"16,12";"-3,3"
"2024-12-03 17:00";"0,000";"5,53";"3,9";"21,34";"-3,000"
"2024-12-03 18:00";"0,000";"5,71";"3,7";"22,93";"-2,8"
"2024-12-03 19:00";"0,000";"19,12";"3,4";"18,68";"-2,5"
"2024-12-03 20:00";"0,000";"13,72";"3,3";"18,4";"-2,8"
"2024-12-03 21:00";"0,000";"9,23";"3,000";"17,72";"-2,8"
"2024-12-03 22:00";"0,000";"8,76";"3,000";"16,11";"-2,8"
"2024-12-03 23:00";"0,000";"9,37";"2,9";"15,39";"-2,6"
"2024-12-04 00:00";"0,000";"8,81";"2,7";"12,9";"-2,5"
"2024-12-04 01:00";"0,000";"8,97";"2,5";"12,01";"-2,3"
"2024-12-04 02:00";"0,000";"9,49";"1,9";"12,12";"-2,4"
"2024-12-04 03:00";"0,000";"9,18";"1,6";"11,62";"-2,2"
"2024-12-04 04:00";"0,000";"9,59";"1,5";"12,24";"-2,2"
"2024-12-04 05:00";"0,000";"10,000";"1,4";"12,27";"-2,2"
"2024-12-04 06:00";"0,000";"8,17";"1,4";"12,32";"-1,8"
"2024-12-04 07:00";"0,000";"10,14";"1,5";"13,99";"-1,4"
"2024-12-04 08:00";"0,000";"10,19";"1,5";"15,68";"-1,1"
"2024-12-04 09:00";"0,000";"8,5";"1,8";"28,85";"-0,7"
"2024-12-04 10:00";"0,000";"8,53";"2,4";"18,29";"-0,3"
"2024-12-04 11:00";"0,000";"18,14";"2,7";"12,28";"0,2"
"2024-12-04 12:00";"0,000";"14,26";"2,5";"19,88";"-0,1"
"2024-12-04 13:00";"0,37";"3,4";"2,7";"13,19";"0,000"
"2024-12-04 14:00";"0,000";"7,33";"2,8";"12,44";"0,1"
"2024-12-04 15:00";"0,000";"7,44";"2,2";"13,6";"-0,1"
"2024-12-04 16:00";"0,000";"6,96";"2,000";"9,95";"-1,000"
"2024-12-04 17:00";"0,000";"15,14";"1,8";"9,21";"-1,3"
"2024-12-04 18:00";"0,000";"11,91";"1,4";"12,71";"-1,1"
"2024-12-04 19:00";"0,000";"19,85";"0,9";"19,98";"-0,8"
"2024-12-04 20:00";"0,000";"18,79";"0,3";"22,06";"-0,4"
"2024-12-04 21:00";"0,000";"9,7";"-0,3";"23,3";"-0,4"
"2024-12-04 22:00";"0,000";"6,86";"-0,5";"22,41";"0,1"
"2024-12-04 23:00";"0,000";"10,45";"-0,9";"20,46";"0,5"
"2024-12-05 00:00";"0,000";"9,82";"-1,000";"17,45";"1,000"
"2024-12-05 01:00";"0,000";"9,47";"-1,5";"15,97";"1,1"
"2024-12-05 02:00";"0,000";"11,03";"-1,4";"14,21";"1,1"
"2024-12-05 03:00";"0,000";"12,42";"-1,5";"12,45";"1,000"
"2024-12-05 04:00";"0,000";"11,05";"-1,3";"11,62";"1,1"
"2024-12-05 05:00";"0,000";"10,91";"-1,2";"11,8";"1,000"
"2024-12-05 06:00";"0,000";"10,32";"-1,1";"12,03";"0,7"
"2024-12-05 07:00";"0,000";"13,16";"0,3";"9,41";"0,4"
"2024-12-05 08:00";"0,000";"10,63";"1,000";"9,66";"0,3"
"2024-12-05 09:00";"0,000";"9,81";"1,9";"9,97";"0,3"
"2024-12-05 10:00";"0,000";"9,53";"2,5";"12,68";"0,8"
"2024-12-05 11:00";"0,000";"7,82";"2,9";"7,94";"1,2"
"2024-12-05 12:00";"0,01";"10,26";"3,8";"15,97";"1,5"
"2024-12-05 13:00";"0,000";"10,81";"4,4";"19,43";"1,1"
"2024-12-05 14:00";"0,000";"12,26";"4,2";"26,32";"0,6"
"2024-12-05 15:00";"0,000";"19,38";"4,1";"28,97";"0,2"
"2024-12-05 16:00";"0,000";"12,82";"4,2";"26,6";"0,3"
"2024-12-05 17:00";"0,000";"16,12";"4,2";"27,61";"0,9"
"2024-12-05 18:00";"0,000";"18,21";"3,7";"28,73";"1,4"
"2024-12-05 19:00";"0,000";"19,5";"3,8";"27,85";"1,5"
"2024-12-05 20:00";"0,000";"20,35";"4,1";"26,6";"1,5"
"2024-12-05 21:00";"0,000";"19,44";"4,000";"18,22";"1,4"
"2024-12-05 22:00";"0,000";"23,15";"3,7";"14,6";"1,5"
"2024-12-05 23:00";"0,000";"25,46";"3,8";"14,27";"1,5"
"2024-12-06 00:00";"0,000";"24,04";"3,9";"14,51";"1,5"
"2024-12-06 01:00";"0,000";"23,66";"3,7";"14,6";"1,6"
"2024-12-06 02:00";"0,000";"23,000";"3,8";"14,39";"1,7"
"2024-12-06 03:00";"0,000";"22,93";"3,9";"12,18";"1,9"
"2024-12-06 04:00";"0,000";"21,73";"3,4";"8,06";"2,000"
"2024-12-06 05:00";"0,000";"20,03";"3,000";"7,73";"2,1"
"2024-12-06 06:00";"0,000";"19,9";"3,000";"7,74";"2,1"
"2024-12-06 07:00";"0,000";"17,94";"3,3";"10,15";"1,8"
"2024-12-06 08:00";"0,000";"14,09";"3,1";"11,78";"1,5"
"2024-12-06 09:00";"0,000";"24,58";"3,000";"20,81";"0,9"
"2024-12-06 10:00";"0,000";"15,79";"3,1";"17,52";"0,5"
"2024-12-06 11:00";"0,000";"9,88";"3,1";"15,000";"0,4"
"2024-12-06 12:00";"0,000";"10,75";"3,2";"14,21";"0,9"
"2024-12-06 13:00";"0,000";"13,78";"3,4";"12,34";"1,1"
"2024-12-06 14:00";"0,000";"9,56";"3,4";"17,3";"1,2"
"2024-12-06 15:00";"0,000";"14,18";"3,3";"18,17";"1,6"
"2024-12-06 16:00";"0,000";"10,48";"3,4";"12,36";"1,6"
"2024-12-06 17:00";"0,000";"12,76";"3,5";"14,41";"1,3"
"2024-12-06 18:00";"0,000";"8,1";"3,5";"21,24";"0,8"
"2024-12-06 19:00";"0,000";"12,000";"3,7";"20,58";"0,5"
"2024-12-06 20:00";"0,000";"26,47";"3,5";"27,31";"0,4"
"2024-12-06 21:00";"0,000";"17,85";"3,7";"18,97";"0,2"
"2024-12-06 22:00";"0,000";"9,67";"4,000";"15,03";"0,2"
"2024-12-06 23:00";"0,000";"15,49";"3,9";"11,52";"0,2"
"2024-12-07 00:00";"0,000";"12,9";"3,8";"11,17";"0,000"
"2024-12-07 01:00";"0,000";"8,87";"3,8";"10,91";"-0,1"
"2024-12-07 02:00";"0,000";"9,41";"3,9";"11,12";"-0,2"
"2024-12-07 03:00";"0,000";"8,93";"3,8";"11,01";"-0,3"
"2024-12-07 04:00";"0,000";"9,5";"3,7";"11,41";"-0,3"
"2024-12-07 05:00";"0,000";"8,97";"3,8";"11,25";"-0,3"
"2024-12-07 06:00";"0,000";"7,7";"3,8";"11,18";"-0,3"
"2024-12-07 07:00";"0,000";"7,43";"3,7";"12,81";"-0,3"
"2024-12-07 08:00";"0,000";"15,14";"3,9";"11,46";"-0,2"
"2024-12-07 09:00";"0,000";"13,73";"4,000";"12,7";"-0,1"
"2024-12-07 10:00";"0,000";"18,2";"4,3";"12,13";"0,3"
"2024-12-07 11:00";"0,000";"8,81";"4,5";"9,89";"0,7"
"2024-12-07 12:00";"0,000";"18,83";"4,8";"11,57";"0,9"
"2024-12-07 13:00";"0,000";"17,92";"5,1";"9,24";"0,9"
"2024-12-07 14:00";"0,000";"15,87";"5,1";"12,5";"0,5"
"2024-12-07 15:00";"0,000";"13,06";"5,1";"13,37";"0,2"
"2024-12-07 16:00";"0,000";"8,99";"5,2";"20,32";"-0,1"
"2024-12-07 17:00";"0,000";"11,86";"5,7";"18,54";"-0,1"
"2024-12-07 18:00";"0,000";"10,21";"5,8";"31,39";"-0,1"
"2024-12-07 19:00";"0,000";"7,9";"5,9";"31,49";"-0,1"
"2024-12-07 20:00";"0,000";"17,72";"6,000";"21,9";"-0,1"
"2024-12-07 21:00";"0,000";"22,14";"6,1";"23,49";"-0,2"
"2024-12-07 22:00";"0,000";"10,65";"6,1";"18,4";"-0,2"
"2024-12-07 23:00";"0,000";"9,46";"6,000";"14,8";"-0,2"
"2024-12-08 00:00";"0,000";"12,49";"6,2";"14,7";"-0,3"
"2024-12-08 01:00";"0,000";"11,66";"6,3";"14,36";"-0,1"
"2024-12-08 02:00";"0,000";"12,22";"6,3";"13,84";"0,000"
"2024-12-08 03:00";"0,000";"12,25";"6,4";"10,52";"0,000"
"2024-12-08 04:00";"0,000";"11,68";"6,2";"7,87";"0,000"
"2024-12-08 05:00";"0,000";"11,74";"5,9";"7,62";"0,3"
"2024-12-08 06:00";"0,000";"12,38";"5,8";"7,62";"0,7"
"2024-12-08 07:00";"0,000";"11,73";"5,9";"12,84";"0,8"
"2024-12-08 08:00";"0,000";"14,84";"5,9";"9,85";"1,2"
"2024-12-08 09:00";"0,000";"15,06";"5,9";"15,36";"1,8"
"2024-12-08 10:00";"0,000";"14,23";"6,1";"20,08";"1,9"
"2024-12-08 11:00";"0,000";"13,39";"6,1";"9,67";"2,000"
"2024-12-08 12:00";"0,000";"14,33";"5,5";"13,32";"2,000"
"2024-12-08 13:00";"0,000";"8,3";"5,3";"10,29";"1,9"
"2024-12-08 14:00";"0,000";"22,07";"5,3";"8,83";"1,8"
"2024-12-08 15:00";"0,000";"11,81";"5,000";"11,8";"1,7"
"2024-12-08 16:00";"0,000";"7,92";"4,8";"16,01";"1,7"
"2024-12-08 17:00";"0,000";"13,96";"4,8";"17,1";"1,6"
"2024-12-08 18:00";"0,000";"18,94";"4,7";"14,67";"1,6"
"2024-12-08 19:00";"0,000";"16,1";"4,6";"17,56";"1,7"
"2024-12-08 20:00";"0,000";"18,61";"4,5";"16,21";"1,3"
"2024-12-08 21:00";"0,000";"13,34";"4,5";"19,34";"1,2"
"2024-12-08 22:00";"0,000";"5,62";"4,6";"13,19";"0,9"
"2024-12-08 23:00";"0,000";"5,64";"4,3";"10,76";"1,1"
"2024-12-09 00:00";"0,000";"5,13";"4,5";"9,06";"1,4"
"2024-12-09 01:00";"0,000";"5,91";"4,6";"7,51";"1,2"
"2024-12-09 02:00";"0,000";"5,31";"4,8";"8,05";"0,9"
"2024-12-09 03:00";"0,000";"5,36";"4,8";"10,9";"0,4"
"2024-12-09 04:00";"0,000";"6,21";"4,8";"10,78";"0,2"
"2024-12-09 05:00";"0,000";"6,16";"4,6";"10,79";"0,1"
"2024-12-09 06:00";"0,000";"6,2";"4,5";"10,9";"0,1"
"2024-12-09 07:00";"0,000";"12,24";"4,4";"10,86";"0,2"
"2024-12-09 08:00";"0,000";"16,98";"4,3";"10,92";"0,2"
"2024-12-09 09:00";"0,000";"13,56";"4,2";"9,63";"0,4"
"2024-12-09 10:00";"0,000";"12,15";"4,3";"9,87";"0,8"
"2024-12-09 11:00";"0,000";"7,28";"3,8";"6,48";"1,2"
"2024-12-09 12:00";"0,000";"6,69";"3,5";"8,73";"1,5"
"2024-12-09 13:00";"0,000";"12,04";"3,3";"10,4";"1,5"
"2024-12-09 14:00";"0,000";"10,38";"3,3";"9,59";"1,6"
"2024-12-09 15:00";"0,000";"17,54";"3,7";"8,88";"1,6"
"2024-12-09 16:00";"0,000";"11,02";"3,8";"6,92";"1,5"
"2024-12-09 17:00";"0,000";"11,92";"3,7";"7,31";"1,5"
"2024-12-09 18:00";"0,000";"8,63";"3,6";"16,96";"1,6"
"2024-12-09 19:00";"0,000";"7,58";"3,7";"16,2";"1,7"
"2024-12-09 20:00";"0,000";"17,34";"3,7";"15,81";"1,8"
"2024-12-09 21:00";"0,000";"11,75";"3,5";"17,72";"1,8"
"2024-12-09 22:00";"0,000";"7,21";"3,5";"9,48";"1,3"
"2024-12-09 23:00";"0,000";"5,93";"3,8";"8,47";"0,8"
"2024-12-10 00:00";"0,000";"5,62";"3,6";"9,41";"0,4"
"2024-12-10 01:00";"0,000";"6,18";"3,3";"11,12";"0,1"
"2024-12-10 02:00";"0,000";"5,7";"3,1";"11,000";"0,1"
"2024-12-10 03:00";"0,000";"5,76";"2,9";"11,32";"0,3"
"2024-12-10 04:00";"0,000";"6,74";"2,7";"10,74";"1,2"
"2024-12-10 05:00";"0,000";"6,58";"2,7";"11,2";"2,8"
"2024-12-10 06:00";"0,000";"6,78";"2,6";"10,19";"3,3"
"2024-12-10 07:00";"0,000";"9,93";"2,5";"8,33";"3,3"
"2024-12-10 08:00";"0,000";"9,11";"2,3";"7,25";"3,3"
"2024-12-10 09:00";"0,000";"10,79";"2,2";"6,96";"3,2"
"2024-12-10 10:00";"0,000";"11,15";"2,3";"9,01";"3,000"
"2024-12-10 11:00";"0,000";"13,86";"2,4";"16,84";"2,9"
"2024-12-10 12:00";"0,000";"16,11";"2,3";"16,09";"2,6"
"2024-12-10 13:00";"0,000";"20,63";"2,000";"11,23";"2,4"
"2024-12-10 14:00";"0,000";"18,24";"1,6";"19,64";"2,000"
"2024-12-10 15:00";"0,000";"23,18";"1,2";"20,02";"1,9"
"2024-12-10 16:00";"0,000";"16,83";"0,8";"15,82";"1,8"
"2024-12-10 17:00";"0,000";"10,38";"0,3";"21,73";"2,000"
"2024-12-10 18:00";"0,000";"12,43";"-0,2";"29,05";"2,000"
"2024-12-10 19:00";"0,000";"9,51";"-0,9";"25,52";"2,000"
"2024-12-10 20:00";"0,000";"10,2";"-1,000";"27,68";"1,9"
"2024-12-10 21:00";"0,000";"7,69";"-1,2";"25,11";"1,7"
"2024-12-10 22:00";"0,000";"14,05";"-0,9";"20,31";"1,9"
"2024-12-10 23:00";"0,000";"17,52";"-0,7";"17,12";"2,3"
"2024-12-11 00:00";"0,000";"10,5";"-0,3";"17,06";"2,5"
"2024-12-11 01:00";"0,000";"9,93";"-0,1";"17,02";"2,6"
"2024-12-11 02:00";"0,000";"9,97";"0,4";"16,9";"2,6"
"2024-12-11 03:00";"0,000";"10,42";"0,8";"13,75";"2,7"
"2024-12-11 04:00";"0,000";"10,15";"0,7";"13,05";"2,7"
"2024-12-11 05:00";"0,000";"10,46";"0,8";"10,4";"2,7"
"2024-12-11 06:00";"0,000";"10,76";"0,7";"10,8";"2,9"
"2024-12-11 07:00";"0,000";"14,25";"1,000";"11,43";"3,000"
"2024-12-11 08:00";"0,000";"15,57";"1,3";"17,72";"2,9"
"2024-12-11 09:00";"0,000";"18,49";"1,6";"11,73";"2,7"
"2024-12-11 10:00";"0,000";"13,14";"1,3";"9,45";"2,6"
"2024-12-11 11:00";"0,000";"15,23";"1,4";"8,78";"2,8"
"2024-12-11 12:00";"0,000";"8,6";"1,3";"11,68";"3,000"
"2024-12-11 13:00";"0,000";"7,97";"1,1";"11,37";"3,000"
"2024-12-11 14:00";"0,000";"5,11";"1,1";"10,35";"2,9"
"2024-12-11 15:00";"0,000";"9,34";"0,9";"14,49";"2,6"
"2024-12-11 16:00";"0,000";"15,62";"0,8";"11,63";"2,3"
"2024-12-11 17:00";"0,000";"23,12";"0,7";"8,33";"2,2"
"2024-12-11 18:00";"0,000";"21,14";"0,7";"8,09";"2,3"
"2024-12-11 19:00";"0,000";"22,03";"0,7";"7,33";"2,1"
"2024-12-11 20:00";"0,000";"21,12";"0,5";"11,97";"1,9"
"2024-12-11 21:00";"0,000";"10,11";"0,2";"15,18";"1,7"
"2024-12-11 22:00";"0,000";"14,61";"-0,1";"12,52";"1,6"
"2024-12-11 23:00";"0,000";"16,26";"-0,5";"11,15";"1,6"
"2024-12-12 00:00";"0,000";"16,64";"0,5";"9,86";"1,4"
"2024-12-12 01:00";"0,000";"13,86";"-0,9";"8,97";"1,3"
"2024-12-12 02:00";"0,000";"13,13";"-0,9";"6,81";"1,1"
"2024-12-12 03:00";"0,000";"13,64";"-0,9";"7,26";"1,2"
"2024-12-12 04:00";"0,000";"13,65";"-1,2";"6,84";"1,4"
"2024-12-12 05:00";"0,000";"14,04";"-1,7";"6,86";"1,3"
"2024-12-12 06:00";"0,000";"14,92";"-2,1";"9,12";"1,2"
"2024-12-12 07:00";"0,000";"17,79";"-2,5";"10,08";"1,000"
"2024-12-12 08:00";"0,000";"17,2";"-2,8";"11,67";"0,8"
"2024-12-12 09:00";"0,000";"18,2";"-2,5";"11,77";"0,9"
"2024-12-12 10:00";"0,000";"16,36";"-1,9";"13,81";"1,000"
"2024-12-12 11:00";"0,67";"2,69";"-1,8";"6,5";"1,2"
"2024-12-12 12:00";"0,37";"6,89";"-1,2";"8,88";"1,3"
"2024-12-12 13:00";"0,000";"8,41";"-0,1";"14,83";"1,4"
"2024-12-12 14:00";"0,000";"8,97";"0,2";"14,52";"1,2"
"2024-12-12 15:00";"0,000";"9,99";"0,2";"12,33";"0,9"
"2024-12-12 16:00";"0,000";"12,78";"-0,3";"9,28";"0,7"
"2024-12-12 17:00";"0,000";"16,28";"-1,2";"10,03";"0,6"
"2024-12-12 18:00";"0,000";"13,28";"-1,4";"20,39";"0,5"
"2024-12-12 19:00";"0,000";"10,58";"-1,9";"13,31";"0,4"
"2024-12-12 20:00";"0,000";"11,34";"-2,3";"10,95";"0,4"
"2024-12-12 21:00";"0,000";"14,2";"-2,9";"12,04";"0,3"
"2024-12-12 22:00";"0,000";"17,1";"-2,9";"13,85";"0,3"
"2024-12-12 23:00";"0,000";"18,03";"-2,3";"12,48";"0,2"
"2024-12-13 00:00";"0,000";"18,41";"-2,6";"11,25";"0,2"
"2024-12-13 01:00";"0,000";"18,37";"-3,000";"11,06";"0,2"
"2024-12-13 02:00";"0,000";"17,66";"-2,000";"7,88";"0,3"
"2024-12-13 03:00";"0,000";"17,4";"-2,6";"7,48";"0,4"
"2024-12-13 04:00";"0,000";"13,89";"-2,5";"7,58";"0,2"
"2024-12-13 05:00";"0,000";"14,33";"-1,3";"8,06";"0,000"
"2024-12-13 06:00";"0,000";"18,84";"-0,8";"10,37";"-0,1"
"2024-12-13 07:00";"0,000";"14,96";"-0,1";"11,35";"-0,3"
"2024-12-13 08:00";"0,000";"10,38";"0,4";"13,9";"-0,5"
"2024-12-13 09:00";"0,000";"18,15";"0,9";"21,69";"-0,6"
"2024-12-13 10:00";"0,000";"20,85";"1,3";"16,34";"-0,5"
"2024-12-13 11:00";"0,000";"9,42";"2,2";"13,86";"-0,6"
"2024-12-13 12:00";"0,000";"16,73";"2,7";"11,56";"-0,6"
"2024-12-13 13:00";"0,000";"14,16";"2,8";"14,42";"-0,4"
"2024-12-13 14:00";"0,000";"15,68";"2,9";"15,09";"-0,3"
"2024-12-13 15:00";"0,000";"21,9";"2,8";"11,32";"-0,3"
"2024-12-13 16:00";"0,000";"26,75";"2,7";"17,47";"-0,5"
"2024-12-13 17:00";"0,000";"14,34";"2,5";"21,19";"-0,5"
"2024-12-13 18:00";"0,000";"18,76";"2,3";"30,17";"-0,7"
"2024-12-13 19:00";"0,000";"18,63";"2,3";"31,77";"-0,5"
"2024-12-13 20:00";"0,000";"38,59";"2,4";"25,68";"-0,8"
"2024-12-13 21:00";"0,000";"32,51";"2,4";"28,61";"-0,9"
"2024-12-13 22:00";"0,000";"23,69";"2,3";"18,12";"-0,9"
"2024-12-13 23:00";"0,000";"14,12";"2,000";"18,23";"-0,8"
"2024-12-14 00:00";"0,000";"10,11";"1,9";"18,34";"-0,8"
"2024-12-14 01:00";"0,000";"11,04";"1,9";"18,16";"-0,8"
"2024-12-14 02:00";"0,000";"13,16";"1,5";"18,28";"-0,8"
"2024-12-14 03:00";"0,000";"13,91";"1,1";"18,43";"-1,2"
"2024-12-14 04:00";"0,000";"13,27";"0,9";"16,14";"-1,6"
"2024-12-14 05:00";"0,000";"11,8";"0,8";"15,07";"-1,6"
"2024-12-14 06:00";"0,000";"10,4";"0,4";"14,95";"-1,4"
"2024-12-14 07:00";"0,000";"10,02";"0,6";"14,24";"-1,3"
"2024-12-14 08:00";"0,000";"10,08";"1,1";"20,09";"-1,2"
"2024-12-14 09:00";"0,000";"13,36";"1,6";"18,91";"-0,5"
"2024-12-14 10:00";"0,000";"13,56";"2,3";"14,85";"1,1"
"2024-12-14 11:00";"0,000";"13,63";"2,7";"7,03";"1,6"
"2024-12-14 12:00";"0,000";"13,76";"3,000";"13,65";"1,4"
"2024-12-14 13:00";"0,000";"8,49";"3,000";"12,47";"1,3"
"2024-12-14 14:00";"0,000";"13,48";"3,3";"12,13";"0,8"
"2024-12-14 15:00";"0,000";"19,64";"3,7";"15,19";"0,000"
"2024-12-14 16:00";"0,000";"26,76";"4,2";"17,69";"0,000"
"2024-12-14 17:00";"0,000";"14,27";"4,7";"12,8";"-0,1"
"2024-12-14 18:00";"0,000";"12,32";"4,8";"19,56";"0,1"
"2024-12-14 19:00";"0,000";"11,8";"4,5";"13,52";"0,3"
"2024-12-14 20:00";"0,000";"11,9";"4,3";"24,15";"0,2"
"2024-12-14 21:00";"0,000";"24,94";"4,000";"18,64";"0,8"
"2024-12-14 22:00";"0,000";"14,39";"3,8";"16,22";"1,2"
"2024-12-14 23:00";"0,000";"7,74";"3,7";"18,96";"1,2"
"2024-12-15 00:00";"0,000";"6,03";"3,6";"21,41";"1,4"
"2024-12-15 01:00";"0,000";"7,55";"4,000";"21,46";"1,3"
"2024-12-15 02:00";"0,000";"5,26";"4,000";"21,23";"1,5"
"2024-12-15 03:00";"0,000";"5,23";"3,8";"16,8";"1,5"
"2024-12-15 04:00";"0,000";"5,44";"4,1";"14,67";"1,6"
"2024-12-15 05:00";"0,000";"5,93";"4,1";"14,7";"2,3"
"2024-12-15 06:00";"0,000";"5,54";"4,1";"14,64";"2,5"
"2024-12-15 07:00";"0,000";"5,62";"3,9";"18,73";"2,3"
"2024-12-15 08:00";"0,000";"5,3";"3,8";"15,8";"2,4"
"2024-12-15 09:00";"0,000";"8,23";"3,8";"17,78";"2,5"
"2024-12-15 10:00";"0,01";"12,09";"4,1";"16,55";"2,3"
"2024-12-15 11:00";"0,000";"15,29";"4,5";"20,3";"1,8"
"2024-12-15 12:00";"0,000";"18,09";"4,7";"12,86";"1,5"
"2024-12-15 13:00";"0,000";"11,5";"4,8";"13,75";"1,6"
"2024-12-15 14:00";"0,000";"20,68";"4,9";"14,54";"1,6"
"2024-12-15 15:00";"0,000";"25,71";"5,7";"13,77";"1,8"
"2024-12-15 16:00";"0,000";"16,32";"6,2";"33,42";"3,1"
"2024-12-15 17:00";"0,000";"28,62";"6,8";"33,87";"3,7"
"2024-12-15 18:00";"0,000";"23,3";"7,7";"30,1";"3,8"
"2024-12-15 19:00";"0,000";"12,92";"8,7";"34,02";"4,2"
"2024-12-15 20:00";"0,000";"10,83";"9,3";"23,65";"4,6"
"2024-12-15 21:00";"0,000";"7,81";"8,8";"27,98";"4,6"
"2024-12-15 22:00";"0,000";"8,14";"9,2";"15,78";"3,8"
"2024-12-15 23:00";"0,000";"8,11";"9,7";"15,21";"3,3"
"2024-12-16 00:00";"0,000";"7,99";"9,9";"11,22";"3,5"
"2024-12-16 01:00";"0,000";"8,03";"9,9";"10,14";"4,2"
"2024-12-16 02:00";"0,000";"8,26";"10,000";"9,97";"4,5"
"2024-12-16 03:00";"0,000";"7,65";"10,2";"9,7";"4,4"
"2024-12-16 04:00";"0,000";"8,36";"10,1";"9,99";"4,2"
"2024-12-16 05:00";"0,000";"7,88";"9,4";"9,73";"4,5"
"2024-12-16 06:00";"0,000";"8,6";"9,7";"9,97";"4,8"
"2024-12-16 07:00";"0,000";"12,57";"9,1";"9,68";"4,6"
"2024-12-16 08:00";"0,000";"17,27";"8,7";"7,73";"4,8"
"2024-12-16 09:00";"0,000";"13,18";"8,5";"5,47";"5,000"
"2024-12-16 10:00";"0,000";"11,77";"8,3";"5,31";"5,1"
"2024-12-16 11:00";"0,000";"6,82";"8,4";"5,2";"4,6"
"2024-12-16 12:00";"0,000";"9,02";"8,2";"5,16";"3,9"
"2024-12-16 13:00";"0,000";"8,25";"8,4";"6,63";"3,1"
"2024-12-16 14:00";"0,000";"20,25";"8,4";"9,31";"2,6"
"2024-12-16 15:00";"0,000";"14,89";"8,7";"9,69";"2,8"
"2024-12-16 16:00";"0,000";"11,66";"8,7";"23,39";"3,1"
"2024-12-16 17:00";"0,000";"12,77";"7,8";"18,29";"3,2"
"2024-12-16 18:00";"0,000";"18,55";"7,6";"15,29";"3,7"
"2024-12-16 19:00";"0,000";"9,65";"8,1";"12,86";"3,6"
"2024-12-16 20:00";"0,000";"10,8";"8,4";"19,79";"5,5"
"2024-12-16 21:00";"0,000";"19,97";"8,5";"8,52";"7,6"
"2024-12-16 22:00";"0,000";"19,89";"8,8";"6,36";"8,1"
"2024-12-16 23:00";"0,000";"12,32";"8,4";"6,000";"8,000"
"2024-12-17 00:00";"0,000";"11,94";"8,5";"6,03";"7,9"
"2024-12-17 01:00";"0,000";"11,61";"8,6";"6,04";"8,000"
"2024-12-17 02:00";"0,000";"12,14";"8,6";"5,95";"7,9"
"2024-12-17 03:00";"0,000";"11,59";"8,6";"5,63";"7,8"
"2024-12-17 04:00";"0,000";"12,3";"8,3";"5,95";"7,7"
"2024-12-17 05:00";"0,000";"12,08";"8,000";"6,11";"7,2"
"2024-12-17 06:00";"0,000";"12,23";"7,5";"5,99";"7,3"
"2024-12-17 07:00";"0,000";"8,37";"7,1";"5,55";"7,3"
"2024-12-17 08:00";"0,000";"7,57";"7,000";"8,000";"6,8"
"2024-12-17 09:00";"0,000";"6,72";"7,000";"17,54";"6,7"
"2024-12-17 10:00";"0,02";"5,03";"7,4";"10,1";"7,000"
"2024-12-17 11:00";"0,02";"10,02";"7,7";"5,03";"7,1"
"2024-12-17 12:00";"0,27";"9,34";"8,3";"4,73";"6,8"
"2024-12-17 13:00";"0,000";"18,36";"8,2";"4,86";"6,8"
"2024-12-17 14:00";"0,01";"7,08";"7,7";"4,89";"6,9"
"2024-12-17 15:00";"0,000";"5,82";"6,9";"5,82";"7,5"
"2024-12-17 16:00";"0,000";"10,02";"6,8";"10,86";"8,000"
"2024-12-17 17:00";"0,000";"11,54";"6,5";"16,54";"7,7"
"2024-12-17 18:00";"0,000";"16,81";"6,8";"18,53";"7,5"
"2024-12-17 19:00";"0,000";"29,61";"7,000";"23,96";"7,6"
"2024-12-17 20:00";"0,000";"30,03";"7,1";"25,68";"7,3"
"2024-12-17 21:00";"0,000";"20,05";"7,2";"13,04";"7,000"
"2024-12-17 22:00";"0,000";"14,99";"7,5";"13,33";"6,8"
"2024-12-17 23:00";"0,000";"17,87";"7,6";"12,73";"6,000"
"2024-12-18 00:00";"0,000";"14,83";"7,5";"12,7";"5,9"
"2024-12-18 01:00";"0,000";"12,47";"7,7";"12,7";"5,6"
"2024-12-18 02:00";"0,000";"10,98";"7,5";"12,65";"5,8"
"2024-12-18 03:00";"0,000";"11,55";"7,3";"12,91";"6,1"
"2024-12-18 04:00";"0,000";"11,18";"7,1";"12,51";"5,9"
"2024-12-18 05:00";"0,000";"12,16";"6,9";"12,19";"5,5"
"2024-12-18 06:00";"0,000";"12,38";"6,7";"12,44";"5,4"
"2024-12-18 07:00";"0,000";"11,1";"6,3";"13,75";"5,4"
"2024-12-18 08:00";"0,000";"8,93";"6,5";"10,94";"5,7"
"2024-12-18 09:00";"0,000";"9,41";"6,5";"10,9";"6,4"
"2024-12-18 10:00";"0,000";"12,95";"6,4";"15,05";"6,6"
"2024-12-18 11:00";"0,000";"17,89";"6,3";"12,95";"6,4"
"2024-12-18 12:00";"0,000";"15,54";"6,4";"9,84";"6,000"
"2024-12-18 13:00";"0,000";"8,92";"6,5";"11,05";"5,1"
"2024-12-18 14:00";"0,000";"8,25";"6,7";"13,39";"4,8"
"2024-12-18 15:00";"0,000";"7,66";"7,000";"22,29";"4,7"
"2024-12-18 16:00";"0,000";"6,22";"7,5";"14,02";"4,1"
"2024-12-18 17:00";"0,000";"9,96";"8,1";"9,28";"3,7"
"2024-12-18 18:00";"0,000";"16,99";"8,6";"13,27";"3,6"
"2024-12-18 19:00";"0,000";"11,53";"9,000";"25,68";"3,9"
"2024-12-18 20:00";"0,000";"10,64";"9,4";"17,94";"4,3"
"2024-12-18 21:00";"0,000";"6,76";"9,5";"16,63";"5,000"
"2024-12-18 22:00";"0,000";"8,7";"9,4";"17,68";"5,3"
"2024-12-18 23:00";"0,000";"8,7";"9,000";"14,61";"6,000"
"2024-12-19 00:00";"0,000";"7,79";"8,9";"12,57";"5,2"
"2024-12-19 01:00";"0,000";"8,21";"8,7";"12,1";"4,4"
"2024-12-19 02:00";"0,000";"7,71";"8,6";"9,48";"4,1"
"2024-12-19 03:00";"0,000";"8,29";"8,4";"8,54";"4,2"
"2024-12-19 04:00";"0,000";"8,06";"8,3";"8,42";"4,1"
"2024-12-19 05:00";"0,000";"8,79";"8,1";"8,61";"4,7"
"2024-12-19 06:00";"0,000";"8,28";"8,1";"8,72";"7,2"
"2024-12-19 07:00";"0,000";"10,9";"9,2";"10,000";"7,4"
"2024-12-19 08:00";"0,000";"8,27";"9,2";"12,98";"6,6"
"2024-12-19 09:00";"0,000";"12,24";"9,2";"8,52";"6,000"
"2024-12-19 10:00";"0,000";"19,38";"9,5";"13,17";"5,8"
"2024-12-19 11:00";"0,000";"9,39";"10,000";"8,4";"5,6"
"2024-12-19 12:00";"0,000";"10,61";"10,1";"15,91";"5,2"
"2024-12-19 13:00";"0,000";"12,4";"7,6";"13,11";"5,3"
"2024-12-19 14:00";"0,000";"9,77";"5,8";"8,18";"4,9"
"2024-12-19 15:00";"0,000";"17,61";"5,3";"9,29";"4,4"
"2024-12-19 16:00";"0,000";"13,75";"5,000";"9,23";"3,7"
"2024-12-19 17:00";"0,000";"13,11";"5,5";"6,47";"3,000"
"2024-12-19 18:00";"0,000";"11,4";"5,7";"9,94";"2,9"
"2024-12-19 19:00";"0,000";"18,56";"5,6";"17,26";"3,8"
"2024-12-19 20:00";"0,000";"16,29";"5,4";"12,88";"4,2"
"2024-12-19 21:00";"0,000";"11,39";"5,2";"11,67";"3,7"
"2024-12-19 22:00";"0,000";"13,69";"5,1";"11,83";"3,5"
"2024-12-19 23:00";"0,000";"15,79";"5,5";"10,54";"3,3"
"2024-12-20 00:00";"0,000";"15,81";"5,8";"9,76";"3,2"
"2024-12-20 01:00";"0,000";"15,4";"5,4";"9,34";"3,3"
"2024-12-20 02:00";"0,000";"15,99";"5,3";"8,55";"4,000"
"2024-12-20 03:00";"0,000";"15,52";"5,2";"6,38";"4,1"
"2024-12-20 04:00";"0,000";"15,78";"5,4";"6,26";"4,3"
"2024-12-20 05:00";"0,000";"14,42";"5,2";"6,000";"4,5"
"2024-12-20 06:00";"0,000";"12,87";"4,9";"5,73";"4,7"
"2024-12-20 07:00";"0,000";"12,89";"4,7";"11,1";"4,7"
"2024-12-20 08:00";"0,000";"8,38";"4,4";"19,15";"4,6"
"2024-12-20 09:00";"0,000";"4,95";"4,4";"17,42";"4,3"
"2024-12-20 10:00";"0,11";"2,61";"4,8";"12,02";"4,5"
"2024-12-20 11:00";"0,35";"2,96";"5,1";"14,1";"4,6"
"2024-12-20 12:00";"0,98";"3,48";"5,4";"16,62";"4,4"
"2024-12-20 13:00";"0,73";"5,34";"5,3";"12,67";"4,4"
"2024-12-20 14:00";"0,02";"4,72";"5,000";"13,58";"4,2"
"2024-12-20 15:00";"0,000";"8,11";"4,7";"14,98";"4,000"
"2024-12-20 16:00";"0,000";"12,85";"4,5";"14,21";"3,8"
"2024-12-20 17:00";"0,000";"30,77";"4,2";"10,36";"3,7"
"2024-12-20 18:00";"0,000";"29,87";"4,000";"16,02";"3,3"
"2024-12-20 19:00";"0,000";"21,98";"4,000";"27,96";"3,2"
"2024-12-20 20:00";"0,000";"27,29";"4,4";"19,72";"3,1"
"2024-12-20 21:00";"0,000";"25,28";"4,8";"21,26";"2,7"
"2024-12-20 22:00";"0,000";"17,05";"5,1";"13,56";"3,000"
"2024-12-20 23:00";"0,000";"16,91";"5,2";"10,21";"3,5"
"2024-12-21 00:00";"0,000";"16,31";"5,3";"10,27";"3,4"
"2024-12-21 01:00";"0,000";"16,62";"5,4";"10,17";"3,4"
"2024-12-21 02:00";"0,000";"16,87";"5,5";"9,98";"3,3"
"2024-12-21 03:00";"0,000";"11,11";"5,6";"8,77";"3,4"
"2024-12-21 04:00";"0,000";"9,59";"5,6";"6,43";"3,4"
"2024-12-21 05:00";"0,000";"9,71";"5,3";"6,4";"3,2"
"2024-12-21 06:00";"0,000";"9,69";"5,3";"6,47";"3,6"
"2024-12-21 07:00";"0,000";"6,37";"5,5";"10,14";"3,5"
"2024-12-21 08:00";"0,000";"8,97";"6,000";"10,48";"3,5"
"2024-12-21 09:00";"0,000";"14,22";"6,3";"15,15";"4,1"
"2024-12-21 10:00";"0,000";"10,77";"6,5";"10,8";"5,2"
"2024-12-21 11:00";"0,000";"15,33";"6,7";"7,14";"5,9"
"2024-12-21 12:00";"0,000";"18,08";"6,8";"11,84";"5,7"
"2024-12-21 13:00";"0,000";"8,19";"7,000";"17,75";"5,7"
"2024-12-21 14:00";"0,000";"7,89";"7,000";"11,6";"6,8"
"2024-12-21 15:00";"0,000";"11,05";"7,000";"12,43";"6,7"
"2024-12-21 16:00";"0,000";"9,8";"6,9";"19,53";"5,5"
"2024-12-21 17:00";"0,000";"11,07";"6,7";"25,87";"5,4"
"2024-12-21 18:00";"0,000";"17,63";"6,4";"29,26";"3,6"
"2024-12-21 19:00";"0,000";"13,19";"6,3";"19,77";"4,4"
"2024-12-21 20:00";"0,000";"11,87";"6,2";"22,77";"3,7"
"2024-12-21 21:00";"0,000";"14,46";"6,2";"19,14";"4,2"
"2024-12-21 22:00";"0,000";"12,72";"6,4";"18,61";"3,5"
"2024-12-21 23:00";"0,000";"12,18";"6,5";"14,26";"3,000"
"2024-12-22 00:00";"0,000";"12,47";"6,7";"13,74";"3,4"
"2024-12-22 01:00";"0,000";"11,63";"6,8";"14,06";"3,5"
"2024-12-22 02:00";"0,000";"9,13";"7,000";"13,75";"3,9"
"2024-12-22 03:00";"0,000";"8,51";"6,7";"14,23";"3,7"
"2024-12-22 04:00";"0,000";"6,48";"6,4";"10,49";"3,4"
"2024-12-22 05:00";"0,000";"5,75";"6,3";"10,54";"3,5"
"2024-12-22 06:00";"0,000";"5,11";"6,1";"9,75";"3,000"
"2024-12-22 07:00";"0,000";"5,41";"5,9";"12,33";"2,5"
"2024-12-22 08:00";"0,000";"8,31";"5,4";"14,65";"1,9"
"2024-12-22 09:00";"0,000";"13,69";"5,4";"17,88";"2,5"
"2024-12-22 10:00";"0,24";"5,37";"5,7";"17,22";"3,000"
"2024-12-22 11:00";"0,74";"3,39";"5,7";"5,63";"3,6"
"2024-12-22 12:00";"0,06";"10,91";"5,7";"4,09";"3,4"
"2024-12-22 13:00";"0,39";"3,5";"5,8";"13,81";"2,6"
"2024-12-22 14:00";"0,000";"7,42";"5,5";"13,57";"3,2"
"2024-12-22 15:00";"0,000";"13,57";"5,2";"14,2";"2,3"
"2024-12-22 16:00";"0,000";"12,14";"5,2";"26,14";"2,1"
"2024-12-22 17:00";"0,000";"23,86";"5,2";"23,27";"0,8"
"2024-12-22 18:00";"0,000";"25,9";"5,2";"21,61";"1,7"
"2024-12-22 19:00";"0,000";"28,62";"5,2";"20,69";"1,4"
"2024-12-22 20:00";"0,000";"25,33";"5,000";"27,49";"0,9"
"2024-12-22 21:00";"0,000";"25,96";"4,7";"27,31";"1,000"
"2024-12-22 22:00";"0,000";"18,2";"4,000";"20,49";"1,1"
"2024-12-22 23:00";"0,000";"16,06";"4,5";"18,11";"1,6"
"2024-12-23 00:00";"0,000";"14,73";"4,6";"18,29";"1,7"
"2024-12-23 01:00";"0,000";"13,1";"4,5";"15,65";"1,8"
"2024-12-23 02:00";"0,000";"12,61";"4,6";"15,25";"1,8"
"2024-12-23 03:00";"0,000";"12,53";"4,3";"14,69";"1,8"
"2024-12-23 04:00";"0,000";"12,41";"3,8";"14,53";"0,2"
"2024-12-23 05:00";"0,000";"13,04";"4,1";"14,88";"0,1"
"2024-12-23 06:00";"0,000";"12,6";"4,8";"15,09";"0,7"
"2024-12-23 07:00";"0,000";"11,03";"4,3";"15,23";"1,2"
"2024-12-23 08:00";"0,000";"10,36";"4,2";"16,5";"1,1"
"2024-12-23 09:00";"0,000";"12,76";"4,3";"20,59";"1,000"
"2024-12-23 10:00";"0,000";"11,59";"4,3";"15,42";"1,3"
"2024-12-23 11:00";"0,000";"11,22";"4,3";"21,49";"1,6"
"2024-12-23 12:00";"0,000";"22,7";"4,3";"15,37";"1,3"
"2024-12-23 13:00";"0,000";"19,07";"4,1";"15,97";"1,1"
"2024-12-23 14:00";"0,000";"10,47";"4,2";"20,16";"0,4"
"2024-12-23 15:00";"0,000";"8,44";"4,3";"27,44";"0,6"
"2024-12-23 16:00";"0,000";"14,37";"4,3";"28,38";"0,7"
"2024-12-23 17:00";"0,000";"16,58";"4,2";"28,66";"0,4"
"2024-12-23 18:00";"0,000";"21,75";"4,000";"27,15";"-0,4"
"2024-12-23 19:00";"0,000";"20,39";"4,000";"22,31";"-0,6"
"2024-12-23 20:00";"0,000";"28,42";"3,9";"16,92";"-0,8"
"2024-12-23 21:00";"0,000";"26,67";"3,8";"18,09";"-0,8"
"2024-12-23 22:00";"0,000";"16,24";"3,8";"15,44";"-0,4"
"2024-12-23 23:00";"0,000";"16,17";"3,7";"15,77";"-0,5"
"2024-12-24 00:00";"0,000";"16,34";"3,7";"15,6";"0,1"
"2024-12-24 01:00";"0,000";"14,82";"3,6";"15,58";"-0,7"
"2024-12-24 02:00";"0,000";"13,03";"2,8";"15,45";"-0,7"
"2024-12-24 03:00";"0,000";"12,53";"1,3";"15,52";"-1,2"
"2024-12-24 04:00";"0,000";"13,56";"0,6";"15,48";"-0,8"
"2024-12-24 05:00";"0,000";"13,18";"1,2";"15,22";"-0,7"
"2024-12-24 06:00";"0,000";"13,7";"1,8";"15,24";"-0,3"
"2024-12-24 07:00";"0,000";"13,37";"2,2";"12,18";"0,4"
"2024-12-24 08:00";"0,000";"13,51";"2,3";"15,97";"0,3"
"2024-12-24 09:00";"0,000";"23,79";"2,6";"26,29";"0,1"
"2024-12-24 10:00";"0,000";"16,18";"3,5";"18,28";"0,3"
"2024-12-24 11:00";"0,000";"12,95";"4,1";"18,49";"0,5"
"2024-12-24 12:00";"0,000";"11,6";"4,5";"16,04";"0,8"
"2024-12-24 13:00";"0,000";"4,63";"4,5";"12,1";"1,000"
"2024-12-24 14:00";"0,000";"5,19";"4,5";"9,88";"1,3"
"2024-12-24 15:00";"0,000";"6,46";"4,4";"9,55";"3,4"
"2024-12-24 16:00";"0,000";"10,25";"4,1";"7,29";"4,000"
"2024-12-24 17:00";"0,000";"5,68";"3,6";"6,58";"4,3"
"2024-12-24 18:00";"0,000";"5,96";"2,9";"6,86";"6,000"
"2024-12-24 19:00";"0,000";"17,32";"3,000";"6,86";"6,000"
"2024-12-24 20:00";"0,000";"11,25";"3,7";"6,1";"5,1"
"2024-12-24 21:00";"0,000";"16,3";"4,5";"7,27";"6,2"
"2024-12-24 22:00";"0,000";"11,38";"4,6";"6,22";"6,8"
"2024-12-24 23:00";"0,000";"9,55";"5,2";"6,51";"6,7"
"2024-12-25 00:00";"0,000";"9,18";"5,3";"6,5";"7,000"
"2024-12-25 01:00";"0,000";"9,4";"5,4";"5,9";"7,000"
"2024-12-25 02:00";"0,000";"9,000";"5,3";"6,36";"6,9"
"2024-12-25 03:00";"0,000";"9,5";"5,1";"5,89";"7,3"
"2024-12-25 04:00";"0,000";"9,31";"5,2";"6,39";"7,3"
"2024-12-25 05:00";"0,000";"9,9";"5,3";"5,94";"6,7"
"2024-12-25 06:00";"0,000";"7,96";"5,3";"6,53";"6,5"
"2024-12-25 07:00";"0,000";"5,88";"5,4";"6,14";"6,4"
"2024-12-25 08:00";"0,000";"6,43";"5,6";"6,64";"6,5"
"2024-12-25 09:00";"0,000";"5,37";"5,8";"7,79";"6,3"
"2024-12-25 10:00";"0,000";"5,12";"6,000";"7,75";"6,3"
"2024-12-25 11:00";"0,000";"4,76";"6,2";"6,56";"6,4"
"2024-12-25 12:00";"0,000";"6,72";"6,4";"7,59";"6,4"
"2024-12-25 13:00";"0,000";"7,09";"6,6";"7,2";"6,2"
"2024-12-25 14:00";"0,000";"9,58";"6,8";"9,66";"6,000"
"2024-12-25 15:00";"0,000";"8,99";"6,8";"9,57";"5,6"
"2024-12-25 16:00";"0,000";"12,96";"6,9";"10,95";"5,1"
"2024-12-25 17:00";"0,000";"25,78";"7,1";"18,16";"4,7"
"2024-12-25 18:00";"0,000";"22,3";"7,1";"17,7";"4,5"
"2024-12-25 19:00";"0,000";"17,08";"7,1";"16,58";"4,4"
"2024-12-25 20:00";"0,000";"11,85";"7,3";"23,33";"4,4"
"2024-12-25 21:00";"0,000";"9,52";"7,4";"17,1";"4,3"
"2024-12-25 22:00";"0,000";"15,84";"7,2";"14,2";"4,000"
"2024-12-25 23:00";"0,000";"8,47";"7,1";"17,18";"4,2"
"2024-12-26 00:00";"0,000";"7,98";"7,1";"17,25";"4,5"
"2024-12-26 01:00";"0,000";"8,51";"7,000";"14,97";"4,3"
"2024-12-26 02:00";"0,000";"7,88";"7,000";"13,13";"3,7"
"2024-12-26 03:00";"0,000";"8,47";"6,8";"13,24";"3,8"
"2024-12-26 04:00";"0,000";"8,23";"6,8";"12,86";"5,000"
"2024-12-26 05:00";"0,000";"8,96";"6,6";"12,43";"5,7"
"2024-12-26 06:00";"0,000";"5,78";"6,3";"12,94";"6,1"
"2024-12-26 07:00";"0,000";"5,46";"6,2";"12,48";"6,000"
"2024-12-26 08:00";"0,000";"5,89";"6,3";"10,68";"6,5"
"2024-12-26 09:00";"0,000";"4,87";"6,2";"10,18";"5,4"
"2024-12-26 10:00";"0,000";"4,26";"6,4";"9,09";"3,8"
"2024-12-26 11:00";"0,000";"4,42";"6,5";"19,98";"3,2"
"2024-12-26 12:00";"0,03";"2,8";"6,6";"17,56";"3,3"
"2024-12-26 13:00";"0,000";"4,91";"6,7";"12,31";"3,5"
"2024-12-26 14:00";"0,000";"12,15";"6,7";"13,72";"3,7"
"2024-12-26 15:00";"0,000";"15,94";"6,6";"19,44";"3,9"
"2024-12-26 16:00";"0,000";"18,09";"6,5";"26,45";"3,6"
"2024-12-26 17:00";"0,000";"9,96";"6,4";"26,24";"3,9"
"2024-12-26 18:00";"0,000";"11,05";"6,4";"19,67";"3,9"
"2024-12-26 19:00";"0,000";"9,18";"6,4";"17,41";"4,000"
"2024-12-26 20:00";"0,000";"8,66";"6,4";"23,83";"3,9"
"2024-12-26 21:00";"0,000";"8,62";"6,4";"13,58";"4,1"
"2024-12-26 22:00";"0,000";"12,86";"6,3";"15,97";"4,6"
"2024-12-26 23:00";"0,000";"9,68";"6,2";"10,57";"4,4"
"2024-12-27 00:00";"0,000";"7,65";"6,000";"10,55";"3,9"
"2024-12-27 01:00";"0,000";"8,23";"5,8";"10,23";"4,1"
"2024-12-27 02:00";"0,000";"8,21";"5,7";"10,77";"4,4"
"2024-12-27 03:00";"0,000";"7,2";"5,6";"10,56";"3,9"
"2024-12-27 04:00";"0,000";"5,15";"5,8";"10,3";"3,1"
"2024-12-27 05:00";"0,000";"4,83";"5,8";"9,73";"3,000"
"2024-12-27 06:00";"0,000";"4,94";"5,7";"7,51";"2,9"
"2024-12-27 07:00";"0,000";"5,96";"5,5";"9,18";"2,6"
"2024-12-27 08:00";"0,000";"7,72";"5,4";"10,82";"2,2"
"2024-12-27 09:00";"0,000";"15,000";"5,3";"8,8";"2,2"
"2024-12-27 10:00";"0,000";"21,65";"5,3";"6,97";"2,6"
"2024-12-27 11:00";"0,000";"21,87";"5,3";"2,83";"3,1"
"2024-12-27 12:00";"0,000";"16,99";"5,2";"0,9";"3,3"
"2024-12-27 13:00";"0,000";"18,06";"5,3";"4,33";"3,1"
"2024-12-27 14:00";"0,000";"12,1";"5,3";"8,000";"2,2"
"2024-12-27 15:00";"0,000";"22,000";"5,3";"10,76";"1,2"
"2024-12-27 16:00";"0,000";"18,02";"5,3";"24,11";"0,2"
"2024-12-27 17:00";"0,000";"18,21";"5,1";"21,99";"0,6"
"2024-12-27 18:00";"0,000";"22,79";"5,000";"27,22";"0,5"
"2024-12-27 19:00";"0,000";"11,29";"5,000";"32,53";"0,7"
"2024-12-27 20:00";"0,000";"21,92";"5,000";"22,32";"1,3"
"2024-12-27 21:00";"0,000";"13,77";"5,000";"29,79";"1,7"
"2024-12-27 22:00";"0,000";"13,41";"4,9";"21,17";"2,2"
"2024-12-27 23:00";"0,000";"15,04";"4,9";"17,83";"3,000"
"2024-12-28 00:00";"0,000";"15,9";"4,7";"17,32";"3,5"
"2024-12-28 01:00";"0,000";"15,36";"4,6";"15,45";"2,9"
"2024-12-28 02:00";"0,000";"15,91";"4,5";"13,46";"3,1"
"2024-12-28 03:00";"0,000";"16,06";"4,3";"13,57";"3,1"
"2024-12-28 04:00";"0,000";"15,53";"4,2";"13,48";"3,6"
"2024-12-28 05:00";"0,000";"15,21";"4,2";"12,91";"4,4"
"2024-12-28 06:00";"0,000";"12,11";"4,000";"10,3";"5,7"
"2024-12-28 07:00";"0,000";"10,67";"3,9";"9,81";"6,3"
"2024-12-28 08:00";"0,000";"8,54";"3,7";"11,61";"6,5"
"2024-12-28 09:00";"0,000";"6,44";"3,6";"11,45";"6,8"
"2024-12-28 10:00";"0,000";"6,94";"3,7";"6,82";"6,8"
"2024-12-28 11:00";"0,000";"6,59";"3,8";"8,25";"6,6"
"2024-12-28 12:00";"0,000";"12,49";"3,7";"8,94";"7,5"
"2024-12-28 13:00";"0,000";"7,95";"3,5";"9,85";"7,6"
"2024-12-28 14:00";"0,000";"12,84";"3,3";"18,07";"7,5"
"2024-12-28 15:00";"0,000";"6,43";"3,2";"14,7";"7,6"
"2024-12-28 16:00";"0,000";"17,77";"3,3";"17,65";"7,4"
"2024-12-28 17:00";"0,000";"16,23";"3,3";"14,53";"7,3"
"2024-12-28 18:00";"0,000";"13,18";"3,2";"23,86";"7,4"
"2024-12-28 19:00";"0,000";"10,13";"3,000";"18,43";"7,2"
"2024-12-28 20:00";"0,000";"5,34";"2,8";"12,04";"6,9"
"2024-12-28 21:00";"0,000";"5,88";"3,1";"7,08";"6,9"
"2024-12-28 22:00";"0,000";"5,47";"3,6";"5,6";"6,6"
"2024-12-28 23:00";"0,000";"5,24";"3,6";"6,42";"7,000"
"2024-12-29 00:00";"0,000";"5,52";"3,6";"5,92";"7,6"
"2024-12-29 01:00";"0,000";"5,67";"3,5";"5,87";"7,7"
"2024-12-29 02:00";"0,000";"5,19";"3,6";"5,5";"7,6"
"2024-12-29 03:00";"0,000";"5,45";"3,4";"5,95";"7,4"
"2024-12-29 04:00";"0,000";"5,55";"3,5";"6,01";"7,000"
"2024-12-29 05:00";"0,000";"5,25";"3,6";"5,56";"6,7"
"2024-12-29 06:00";"0,000";"5,9";"4,1";"6,24";"6,2"
"2024-12-29 07:00";"0,000";"5,4";"4,6";"10,65";"6,7"
"2024-12-29 08:00";"0,000";"8,24";"5,000";"19,56";"7,1"
"2024-12-29 09:00";"0,000";"10,16";"5,3";"14,07";"7,000"
"2024-12-29 10:00";"0,000";"21,57";"5,6";"15,75";"6,7"
"2024-12-29 11:00";"0,000";"9,69";"5,8";"3,02";"7,5"
"2024-12-29 12:00";"0,000";"11,81";"5,9";"4,63";"7,3"
"2024-12-29 13:00";"0,000";"18,06";"6,000";"28,49";"6,8"
"2024-12-29 14:00";"0,000";"18,39";"6,000";"14,83";"6,8"
"2024-12-29 15:00";"0,000";"27,23";"6,2";"5,91";"6,6"
"2024-12-29 16:00";"0,000";"14,52";"6,2";"11,59";"6,7"
"2024-12-29 17:00";"0,000";"22,95";"6,1";"21,55";"7,000"
"2024-12-29 18:00";"0,000";"27,77";"6,2";"24,99";"7,1"
"2024-12-29 19:00";"0,000";"22,4";"6,6";"22,26";"6,7"
"2024-12-29 20:00";"0,000";"22,37";"6,8";"18,97";"6,9"
"2024-12-29 21:00";"0,000";"18,58";"6,9";"17,39";"6,2"
"2024-12-29 22:00";"0,000";"15,28";"6,9";"13,63";"5,7"
"2024-12-29 23:00";"0,000";"15,68";"6,8";"13,46";"5,6"
"2024-12-30 00:00";"0,000";"15,58";"6,7";"10,96";"5,5"
"2024-12-30 01:00";"0,000";"15,58";"6,9";"9,93";"5,6"
"2024-12-30 02:00";"0,000";"14,32";"6,8";"9,39";"5,000"
"2024-12-30 03:00";"0,000";"12,31";"7,000";"10,11";"4,6"
"2024-12-30 04:00";"0,000";"12,11";"7,1";"9,69";"4,5"
"2024-12-30 05:00";"0,000";"11,74";"7,3";"9,91";"4,4"
"2024-12-30 06:00";"0,000";"11,78";"7,2";"10,28";"4,2"
"2024-12-30 07:00";"0,000";"12,34";"7,1";"9,87";"4,2"
"2024-12-30 08:00";"0,000";"11,89";"7,1";"8,02";"4,000"
"2024-12-30 09:00";"0,000";"9,75";"7,2";"10,11";"4,000"
"2024-12-30 10:00";"0,000";"7,95";"7,3";"7,23";"4,5"
"2024-12-30 11:00";"0,000";"7,96";"7,5";"2,72";"4,7"
"2024-12-30 12:00";"0,000";"7,57";"7,6";"0,35";"4,9"
"2024-12-30 13:00";"0,000";"10,28";"7,5";"7,38";"5,000"
"2024-12-30 14:00";"0,000";"12,71";"7,3";"8,17";"5,2"
"2024-12-30 15:00";"0,000";"8,97";"7,5";"14,82";"5,2"
"2024-12-30 16:00";"0,000";"8,71";"7,4";"25,59";"5,000"
"2024-12-30 17:00";"0,000";"23,26";"7,3";"28,13";"4,8"
"2024-12-30 18:00";"0,000";"14,27";"7,000";"18,03";"5,1"
"2024-12-30 19:00";"0,000";"15,01";"6,7";"23,32";"5,1"
"2024-12-30 20:00";"0,000";"13,46";"6,7";"19,16";"5,1"
"2024-12-30 21:00";"0,000";"12,66";"6,9";"13,91";"5,2"
"2024-12-30 22:00";"0,000";"15,58";"7,000";"18,05";"5,2"
"2024-12-30 23:00";"0,000";"11,39";"7,3";"9,12";"5,2"
"2024-12-31 00:00";"0,000";"7,83";"7,4";"9,07";"4,9"
"2024-12-31 01:00";"0,000";"8,38";"7,6";"9,16";"3,9"
"2024-12-31 02:00";"0,000";"7,84";"8,1";"9,34";"2,6"
"2024-12-31 03:00";"0,000";"8,000";"7,1";"9,42";"2,000"
"2024-12-31 04:00";"0,000";"4,83";"5,4";"9,58";"1,7"
"2024-12-31 05:00";"0,000";"5,68";"4,5";"9,51";"1,7"
"2024-12-31 06:00";"0,000";"5,25";"4,1";"9,6";"1,9"
"2024-12-31 07:00";"0,000";"5,51";"3,9";"9,15";"1,8"
"2024-12-31 08:00";"0,000";"6,82";"3,9";"12,98";"2,3"
"2024-12-31 09:00";"0,000";"5,13";"3,7";"19,15";"3,1"
"2024-12-31 10:00";"0,000";"8,2";"3,4";"13,71";"3,9"
"2024-12-31 11:00";"0,000";"13,47";"4,9";"8,38";"4,6"
"2024-12-31 12:00";"0,000";"7,45";"6,7";"6,55";"5,000"
"2024-12-31 13:00";"0,000";"14,9";"6,7";"5,32";"5,4"
"2024-12-31 14:00";"0,000";"15,36";"6,7";"4,96";"5,4"
"2024-12-31 15:00";"0,000";"16,28";"6,6";"16,06";"5,2"
"2024-12-31 16:00";"0,000";"21,15";"6,2";"9,19";"4,9"
"2024-12-31 17:00";"0,000";"10,84";"5,9";"6,05";"4,7"
"2024-12-31 18:00";"0,000";"12,51";"5,5";"12,89";"4,7"
"2024-12-31 19:00";"0,000";"5,1";"5,3";"7,31";"4,6"
"2024-12-31 20:00";"0,000";"4,83";"5,1";"5,76";"4,8"
"2024-12-31 21:00";"0,000";"5,23";"5,1";"5,74";"5,000"
"2024-12-31 22:00";"0,000";"5,09";"5,000";"6,01";"4,7"
"2024-12-31 23:00";"0,000";"4,71";"4,9";"5,68";"4,6"